Archivo_Datos,Archivo_Consulta,Consulta,Algoritmo,Tiempo_s,Comparaciones,Encontrado
consultas-1-listas-posteo.json,consultas-1-listas-posteo.json,5.0,Binaria Acotada,0.0063018798828125,4,true
consultas-1-listas-posteo.json,consultas-1-listas-posteo.json,5.0,Secuencial B0,0.0062558650970458984,2637,true
consultas-1-listas-posteo.json,consultas-1-listas-posteo.json,5.0,No Acotada B1,0.007959127426147461,13,true
consultas-1-listas-posteo.json,consultas-1-listas-posteo.json,5.0,No Acotada B2,0.0084381103515625,13,true
consultas-1-listas-posteo.json,consultas-1-listas-posteo.json,5.0,SkipList,0.01373600959777832,7,true
consultas-1-listas-posteo.json,consultas-1-listas-posteo.json,12.0,Binaria Acotada,2.86102294921875e-6,2,true
consultas-1-listas-posteo.json,consultas-1-listas-posteo.json,12.0,Secuencial B0,2.288818359375e-5,6967,true
consultas-1-listas-posteo.json,consultas-1-listas-posteo.json,12.0,No Acotada B1,1.1920928955078125e-6,15,true
consultas-1-listas-posteo.json,consultas-1-listas-posteo.json,12.0,No Acotada B2,9.5367431640625e-7,15,true
consultas-1-listas-posteo.json,consultas-1-listas-posteo.json,12.0,SkipList,1.9073486328125e-6,11,true
consultas-1-listas-posteo.json,consultas-1-listas-posteo.json,3.0,Binaria Acotada,0.0,4,true
consultas-1-listas-posteo.json,consultas-1-listas-posteo.json,3.0,Secuencial B0,9.5367431640625e-7,1302,true
consultas-1-listas-posteo.json,consultas-1-listas-posteo.json,3.0,No Acotada B1,0.0,12,true
consultas-1-listas-posteo.json,consultas-1-listas-posteo.json,3.0,No Acotada B2,0.0,12,true
consultas-1-listas-posteo.json,consultas-1-listas-posteo.json,3.0,SkipList,0.0,7,true
consultas-1-listas-posteo.json,consultas-1-listas-posteo.json,2.0,Binaria Acotada,9.5367431640625e-7,3,true
consultas-1-listas-posteo.json,consultas-1-listas-posteo.json,2.0,Secuencial B0,0.0,651,true
consultas-1-listas-posteo.json,consultas-1-listas-posteo.json,2.0,No Acotada B1,0.0,11,true
consultas-1-listas-posteo.json,consultas-1-listas-posteo.json,2.0,No Acotada B2,0.0,11,true
consultas-1-listas-posteo.json,consultas-1-listas-posteo.json,2.0,SkipList,9.5367431640625e-7,6,true
consultas-1-listas-posteo.json,consultas-1-listas-posteo.json,4.0,Binaria Acotada,0.0,2,true
consultas-1-listas-posteo.json,consultas-1-listas-posteo.json,4.0,Secuencial B0,9.5367431640625e-7,1965,true
consultas-1-listas-posteo.json,consultas-1-listas-posteo.json,4.0,No Acotada B1,0.0,15,true
consultas-1-listas-posteo.json,consultas-1-listas-posteo.json,4.0,No Acotada B2,9.5367431640625e-7,15,true
consultas-1-listas-posteo.json,consultas-1-listas-posteo.json,4.0,SkipList,0.0,6,true
consultas-1-listas-posteo.json,consultas-1-listas-posteo.json,3.0,Binaria Acotada,0.0,4,true
consultas-1-listas-posteo.json,consultas-1-listas-posteo.json,3.0,Secuencial B0,0.0,1302,true
consultas-1-listas-posteo.json,consultas-1-listas-posteo.json,3.0,No Acotada B1,0.0,12,true
consultas-1-listas-posteo.json,consultas-1-listas-posteo.json,3.0,No Acotada B2,0.0,12,true
consultas-1-listas-posteo.json,consultas-1-listas-posteo.json,3.0,SkipList,0.0,7,true
consultas-1-listas-posteo.json,consultas-1-listas-posteo.json,15.0,Binaria Acotada,0.0,4,true
consultas-1-listas-posteo.json,consultas-1-listas-posteo.json,15.0,Secuencial B0,5.9604644775390625e-6,8821,true
consultas-1-listas-posteo.json,consultas-1-listas-posteo.json,15.0,No Acotada B1,9.5367431640625e-7,15,true
consultas-1-listas-posteo.json,consultas-1-listas-posteo.json,15.0,No Acotada B2,0.0,15,true
consultas-1-listas-posteo.json,consultas-1-listas-posteo.json,15.0,SkipList,1.1920928955078125e-6,9,true
consultas-1-listas-posteo.json,consultas-1-listas-posteo.json,1.0,Binaria Acotada,0.0,4,true
consultas-1-listas-posteo.json,consultas-1-listas-posteo.json,1.0,Secuencial B0,0.0,1,true
consultas-1-listas-posteo.json,consultas-1-listas-posteo.json,1.0,No Acotada B1,0.0,1,true
consultas-1-listas-posteo.json,consultas-1-listas-posteo.json,1.0,No Acotada B2,0.0,1,true
consultas-1-listas-posteo.json,consultas-1-listas-posteo.json,1.0,SkipList,9.5367431640625e-7,5,true
consultas-1-listas-posteo.json,consultas-1-listas-posteo.json,4.0,Binaria Acotada,0.0,2,true
consultas-1-listas-posteo.json,consultas-1-listas-posteo.json,4.0,Secuencial B0,9.5367431640625e-7,1965,true
consultas-1-listas-posteo.json,consultas-1-listas-posteo.json,4.0,No Acotada B1,0.0,15,true
consultas-1-listas-posteo.json,consultas-1-listas-posteo.json,4.0,No Acotada B2,1.1920928955078125e-6,15,true
consultas-1-listas-posteo.json,consultas-1-listas-posteo.json,4.0,SkipList,0.0,6,true
consultas-1-listas-posteo.json,consultas-1-listas-posteo.json,14.0,Binaria Acotada,0.0,3,true
consultas-1-listas-posteo.json,consultas-1-listas-posteo.json,14.0,Secuencial B0,5.0067901611328125e-6,8199,true
consultas-1-listas-posteo.json,consultas-1-listas-posteo.json,14.0,No Acotada B1,0.0,16,true
consultas-1-listas-posteo.json,consultas-1-listas-posteo.json,14.0,No Acotada B2,0.0,16,true
consultas-1-listas-posteo.json,consultas-1-listas-posteo.json,14.0,SkipList,0.0,8,true
consultas-1-listas-posteo.json,consultas-1-listas-posteo.json,5.0,Binaria Acotada,0.0,4,true
consultas-1-listas-posteo.json,consultas-1-listas-posteo.json,5.0,Secuencial B0,1.9073486328125e-6,2637,true
consultas-1-listas-posteo.json,consultas-1-listas-posteo.json,5.0,No Acotada B1,0.0,13,true
consultas-1-listas-posteo.json,consultas-1-listas-posteo.json,5.0,No Acotada B2,0.0,13,true
consultas-1-listas-posteo.json,consultas-1-listas-posteo.json,5.0,SkipList,0.0,7,true
consultas-1-listas-posteo.json,consultas-1-listas-posteo.json,3.0,Binaria Acotada,0.0,4,true
consultas-1-listas-posteo.json,consultas-1-listas-posteo.json,3.0,Secuencial B0,9.5367431640625e-7,1302,true
consultas-1-listas-posteo.json,consultas-1-listas-posteo.json,3.0,No Acotada B1,0.0,12,true
consultas-1-listas-posteo.json,consultas-1-listas-posteo.json,3.0,No Acotada B2,0.0,12,true
consultas-1-listas-posteo.json,consultas-1-listas-posteo.json,3.0,SkipList,0.0,7,true
consultas-1-listas-posteo.json,consultas-1-listas-posteo.json,14.0,Binaria Acotada,0.0,3,true
consultas-1-listas-posteo.json,consultas-1-listas-posteo.json,14.0,Secuencial B0,5.0067901611328125e-6,8199,true
consultas-1-listas-posteo.json,consultas-1-listas-posteo.json,14.0,No Acotada B1,1.1920928955078125e-6,16,true
consultas-1-listas-posteo.json,consultas-1-listas-posteo.json,14.0,No Acotada B2,0.0,16,true
consultas-1-listas-posteo.json,consultas-1-listas-posteo.json,14.0,SkipList,0.0,8,true
consultas-1-listas-posteo.json,consultas-1-listas-posteo.json,9.0,Binaria Acotada,0.0,4,true
consultas-1-listas-posteo.json,consultas-1-listas-posteo.json,9.0,Secuencial B0,2.86102294921875e-6,5138,true
consultas-1-listas-posteo.json,consultas-1-listas-posteo.json,9.0,No Acotada B1,0.0,16,true
consultas-1-listas-posteo.json,consultas-1-listas-posteo.json,9.0,No Acotada B2,0.0,16,true
consultas-1-listas-posteo.json,consultas-1-listas-posteo.json,9.0,SkipList,0.0,8,true
consultas-1-listas-posteo.json,consultas-1-listas-posteo.json,3.0,Binaria Acotada,0.0,4,true
consultas-1-listas-posteo.json,consultas-1-listas-posteo.json,3.0,Secuencial B0,9.5367431640625e-7,1302,true
consultas-1-listas-posteo.json,consultas-1-listas-posteo.json,3.0,No Acotada B1,0.0,12,true
consultas-1-listas-posteo.json,consultas-1-listas-posteo.json,3.0,No Acotada B2,0.0,12,true
consultas-1-listas-posteo.json,consultas-1-listas-posteo.json,3.0,SkipList,9.5367431640625e-7,7,true
consultas-1-listas-posteo.json,consultas-1-listas-posteo.json,4.0,Binaria Acotada,0.0,2,true
consultas-1-listas-posteo.json,consultas-1-listas-posteo.json,4.0,Secuencial B0,2.1457672119140625e-6,1965,true
consultas-1-listas-posteo.json,consultas-1-listas-posteo.json,4.0,No Acotada B1,0.0,15,true
consultas-1-listas-posteo.json,consultas-1-listas-posteo.json,4.0,No Acotada B2,0.0,15,true
consultas-1-listas-posteo.json,consultas-1-listas-posteo.json,4.0,SkipList,0.0,6,true
consultas-1-listas-posteo.json,consultas-1-listas-posteo.json,1.0,Binaria Acotada,0.0,4,true
consultas-1-listas-posteo.json,consultas-1-listas-posteo.json,1.0,Secuencial B0,0.0,1,true
consultas-1-listas-posteo.json,consultas-1-listas-posteo.json,1.0,No Acotada B1,0.0,1,true
consultas-1-listas-posteo.json,consultas-1-listas-posteo.json,1.0,No Acotada B2,0.0,1,true
consultas-1-listas-posteo.json,consultas-1-listas-posteo.json,1.0,SkipList,0.0,5,true
consultas-1-listas-posteo.json,consultas-1-listas-posteo.json,12.0,Binaria Acotada,0.0,2,true
consultas-1-listas-posteo.json,consultas-1-listas-posteo.json,12.0,Secuencial B0,3.814697265625e-6,6967,true
consultas-1-listas-posteo.json,consultas-1-listas-posteo.json,12.0,No Acotada B1,9.5367431640625e-7,15,true
consultas-1-listas-posteo.json,consultas-1-listas-posteo.json,12.0,No Acotada B2,0.0,15,true
consultas-1-listas-posteo.json,consultas-1-listas-posteo.json,12.0,SkipList,1.1920928955078125e-6,11,true
consultas-1-listas-posteo.json,consultas-1-listas-posteo.json,13.0,Binaria Acotada,0.0,4,true
consultas-1-listas-posteo.json,consultas-1-listas-posteo.json,13.0,Secuencial B0,5.0067901611328125e-6,7584,true
consultas-1-listas-posteo.json,consultas-1-listas-posteo.json,13.0,No Acotada B1,9.5367431640625e-7,16,true
consultas-1-listas-posteo.json,consultas-1-listas-posteo.json,13.0,No Acotada B2,0.0,16,true
consultas-1-listas-posteo.json,consultas-1-listas-posteo.json,13.0,SkipList,9.5367431640625e-7,12,true
consultas-1-listas-posteo.json,consultas-1-listas-posteo.json,5.0,Binaria Acotada,0.0,4,true
consultas-1-listas-posteo.json,consultas-1-listas-posteo.json,5.0,Secuencial B0,1.9073486328125e-6,2637,true
consultas-1-listas-posteo.json,consultas-1-listas-posteo.json,5.0,No Acotada B1,0.0,13,true
consultas-1-listas-posteo.json,consultas-1-listas-posteo.json,5.0,No Acotada B2,0.0,13,true
consultas-1-listas-posteo.json,consultas-1-listas-posteo.json,5.0,SkipList,0.0,7,true
consultas-1-listas-posteo.json,consultas-1-listas-posteo.json,15.0,Binaria Acotada,0.0,4,true
consultas-1-listas-posteo.json,consultas-1-listas-posteo.json,15.0,Secuencial B0,5.9604644775390625e-6,8821,true
consultas-1-listas-posteo.json,consultas-1-listas-posteo.json,15.0,No Acotada B1,0.0,15,true
consultas-1-listas-posteo.json,consultas-1-listas-posteo.json,15.0,No Acotada B2,0.0,15,true
consultas-1-listas-posteo.json,consultas-1-listas-posteo.json,15.0,SkipList,0.0,9,true
consultas-1-listas-posteo.json,consultas-1-listas-posteo.json,10.0,Binaria Acotada,0.0,3,true
consultas-1-listas-posteo.json,consultas-1-listas-posteo.json,10.0,Secuencial B0,3.0994415283203125e-6,5753,true
consultas-1-listas-posteo.json,consultas-1-listas-posteo.json,10.0,No Acotada B1,0.0,14,true
consultas-1-listas-posteo.json,consultas-1-listas-posteo.json,10.0,No Acotada B2,0.0,14,true
consultas-1-listas-posteo.json,consultas-1-listas-posteo.json,10.0,SkipList,9.5367431640625e-7,9,true
consultas-1-listas-posteo.json,consultas-1-listas-posteo.json,10.0,Binaria Acotada,0.0,3,true
consultas-1-listas-posteo.json,consultas-1-listas-posteo.json,10.0,Secuencial B0,4.0531158447265625e-6,5753,true
consultas-1-listas-posteo.json,consultas-1-listas-posteo.json,10.0,No Acotada B1,9.5367431640625e-7,14,true
consultas-1-listas-posteo.json,consultas-1-listas-posteo.json,10.0,No Acotada B2,0.0,14,true
consultas-1-listas-posteo.json,consultas-1-listas-posteo.json,10.0,SkipList,0.0,9,true
consultas-1-listas-posteo.json,consultas-1-listas-posteo.json,2.0,Binaria Acotada,0.0,3,true
consultas-1-listas-posteo.json,consultas-1-listas-posteo.json,2.0,Secuencial B0,9.5367431640625e-7,651,true
consultas-1-listas-posteo.json,consultas-1-listas-posteo.json,2.0,No Acotada B1,0.0,11,true
consultas-1-listas-posteo.json,consultas-1-listas-posteo.json,2.0,No Acotada B2,0.0,11,true
consultas-1-listas-posteo.json,consultas-1-listas-posteo.json,2.0,SkipList,0.0,6,true
consultas-1-listas-posteo.json,consultas-1-listas-posteo.json,8.0,Binaria Acotada,0.0,1,true
consultas-1-listas-posteo.json,consultas-1-listas-posteo.json,8.0,Secuencial B0,3.0994415283203125e-6,4510,true
consultas-1-listas-posteo.json,consultas-1-listas-posteo.json,8.0,No Acotada B1,0.0,15,true
consultas-1-listas-posteo.json,consultas-1-listas-posteo.json,8.0,No Acotada B2,0.0,15,true
consultas-1-listas-posteo.json,consultas-1-listas-posteo.json,8.0,SkipList,0.0,7,true
consultas-1-listas-posteo.json,consultas-1-listas-posteo.json,9.0,Binaria Acotada,0.0,4,true
consultas-1-listas-posteo.json,consultas-1-listas-posteo.json,9.0,Secuencial B0,3.0994415283203125e-6,5138,true
consultas-1-listas-posteo.json,consultas-1-listas-posteo.json,9.0,No Acotada B1,0.0,16,true
consultas-1-listas-posteo.json,consultas-1-listas-posteo.json,9.0,No Acotada B2,0.0,16,true
consultas-1-listas-posteo.json,consultas-1-listas-posteo.json,9.0,SkipList,9.5367431640625e-7,8,true
consultas-1-listas-posteo.json,consultas-1-listas-posteo.json,2.0,Binaria Acotada,0.0,3,true
consultas-1-listas-posteo.json,consultas-1-listas-posteo.json,2.0,Secuencial B0,9.5367431640625e-7,651,true
consultas-1-listas-posteo.json,consultas-1-listas-posteo.json,2.0,No Acotada B1,0.0,11,true
consultas-1-listas-posteo.json,consultas-1-listas-posteo.json,2.0,No Acotada B2,9.5367431640625e-7,11,true
consultas-1-listas-posteo.json,consultas-1-listas-posteo.json,2.0,SkipList,0.0,6,true
consultas-1-listas-posteo.json,consultas-1-listas-posteo.json,6.0,Binaria Acotada,0.0,3,true
consultas-1-listas-posteo.json,consultas-1-listas-posteo.json,6.0,Secuencial B0,1.9073486328125e-6,3269,true
consultas-1-listas-posteo.json,consultas-1-listas-posteo.json,6.0,No Acotada B1,0.0,14,true
consultas-1-listas-posteo.json,consultas-1-listas-posteo.json,6.0,No Acotada B2,0.0,14,true
consultas-1-listas-posteo.json,consultas-1-listas-posteo.json,6.0,SkipList,0.0,6,true
consultas-1-listas-posteo.json,consultas-1-listas-posteo.json,7.0,Binaria Acotada,0.0,4,true
consultas-1-listas-posteo.json,consultas-1-listas-posteo.json,7.0,Secuencial B0,2.1457672119140625e-6,3890,true
consultas-1-listas-posteo.json,consultas-1-listas-posteo.json,7.0,No Acotada B1,0.0,16,true
consultas-1-listas-posteo.json,consultas-1-listas-posteo.json,7.0,No Acotada B2,0.0,16,true
consultas-1-listas-posteo.json,consultas-1-listas-posteo.json,7.0,SkipList,0.0,7,true
consultas-1-listas-posteo.json,consultas-1-listas-posteo.json,9.0,Binaria Acotada,0.0,4,true
consultas-1-listas-posteo.json,consultas-1-listas-posteo.json,9.0,Secuencial B0,4.0531158447265625e-6,5138,true
consultas-1-listas-posteo.json,consultas-1-listas-posteo.json,9.0,No Acotada B1,0.0,16,true
consultas-1-listas-posteo.json,consultas-1-listas-posteo.json,9.0,No Acotada B2,0.0,16,true
consultas-1-listas-posteo.json,consultas-1-listas-posteo.json,9.0,SkipList,0.0,8,true
consultas-1-listas-posteo.json,consultas-1-listas-posteo.json,16.0,Binaria Acotada,9.5367431640625e-7,5,true
consultas-1-listas-posteo.json,consultas-1-listas-posteo.json,16.0,Secuencial B0,6.198883056640625e-6,9416,true
consultas-1-listas-posteo.json,consultas-1-listas-posteo.json,16.0,No Acotada B1,0.0,16,true
consultas-1-listas-posteo.json,consultas-1-listas-posteo.json,16.0,No Acotada B2,0.0,16,true
consultas-1-listas-posteo.json,consultas-1-listas-posteo.json,16.0,SkipList,0.0,6,true
consultas-1-listas-posteo.json,consultas-1-listas-posteo.json,5.0,Binaria Acotada,0.0,4,true
consultas-1-listas-posteo.json,consultas-1-listas-posteo.json,5.0,Secuencial B0,1.9073486328125e-6,2637,true
consultas-1-listas-posteo.json,consultas-1-listas-posteo.json,5.0,No Acotada B1,0.0,13,true
consultas-1-listas-posteo.json,consultas-1-listas-posteo.json,5.0,No Acotada B2,9.5367431640625e-7,13,true
consultas-1-listas-posteo.json,consultas-1-listas-posteo.json,5.0,SkipList,0.0,7,true
consultas-1-listas-posteo.json,consultas-1-listas-posteo.json,15.0,Binaria Acotada,0.0,4,true
consultas-1-listas-posteo.json,consultas-1-listas-posteo.json,15.0,Secuencial B0,5.0067901611328125e-6,8821,true
consultas-1-listas-posteo.json,consultas-1-listas-posteo.json,15.0,No Acotada B1,0.0,15,true
consultas-1-listas-posteo.json,consultas-1-listas-posteo.json,15.0,No Acotada B2,0.0,15,true
consultas-1-listas-posteo.json,consultas-1-listas-posteo.json,15.0,SkipList,0.0,9,true
consultas-1-listas-posteo.json,consultas-1-listas-posteo.json,10.0,Binaria Acotada,0.0,3,true
consultas-1-listas-posteo.json,consultas-1-listas-posteo.json,10.0,Secuencial B0,4.0531158447265625e-6,5753,true
consultas-1-listas-posteo.json,consultas-1-listas-posteo.json,10.0,No Acotada B1,9.5367431640625e-7,14,true
consultas-1-listas-posteo.json,consultas-1-listas-posteo.json,10.0,No Acotada B2,0.0,14,true
consultas-1-listas-posteo.json,consultas-1-listas-posteo.json,10.0,SkipList,0.0,9,true
consultas-1-listas-posteo.json,consultas-1-listas-posteo.json,12.0,Binaria Acotada,0.0,2,true
consultas-1-listas-posteo.json,consultas-1-listas-posteo.json,12.0,Secuencial B0,5.0067901611328125e-6,6967,true
consultas-1-listas-posteo.json,consultas-1-listas-posteo.json,12.0,No Acotada B1,0.0,15,true
consultas-1-listas-posteo.json,consultas-1-listas-posteo.json,12.0,No Acotada B2,0.0,15,true
consultas-1-listas-posteo.json,consultas-1-listas-posteo.json,12.0,SkipList,0.0,11,true
consultas-1-listas-posteo.json,consultas-1-listas-posteo.json,10.0,Binaria Acotada,0.0,3,true
consultas-1-listas-posteo.json,consultas-1-listas-posteo.json,10.0,Secuencial B0,3.0994415283203125e-6,5753,true
consultas-1-listas-posteo.json,consultas-1-listas-posteo.json,10.0,No Acotada B1,0.0,14,true
consultas-1-listas-posteo.json,consultas-1-listas-posteo.json,10.0,No Acotada B2,0.0,14,true
consultas-1-listas-posteo.json,consultas-1-listas-posteo.json,10.0,SkipList,0.0,9,true
consultas-1-listas-posteo.json,consultas-1-listas-posteo.json,11.0,Binaria Acotada,0.0,4,true
consultas-1-listas-posteo.json,consultas-1-listas-posteo.json,11.0,Secuencial B0,4.0531158447265625e-6,6376,true
consultas-1-listas-posteo.json,consultas-1-listas-posteo.json,11.0,No Acotada B1,9.5367431640625e-7,16,true
consultas-1-listas-posteo.json,consultas-1-listas-posteo.json,11.0,No Acotada B2,0.0,16,true
consultas-1-listas-posteo.json,consultas-1-listas-posteo.json,11.0,SkipList,0.0,10,true
consultas-1-listas-posteo.json,consultas-1-listas-posteo.json,11.0,Binaria Acotada,0.0,4,true
consultas-1-listas-posteo.json,consultas-1-listas-posteo.json,11.0,Secuencial B0,3.814697265625e-6,6376,true
consultas-1-listas-posteo.json,consultas-1-listas-posteo.json,11.0,No Acotada B1,0.0,16,true
consultas-1-listas-posteo.json,consultas-1-listas-posteo.json,11.0,No Acotada B2,0.0,16,true
consultas-1-listas-posteo.json,consultas-1-listas-posteo.json,11.0,SkipList,9.5367431640625e-7,10,true
consultas-1-listas-posteo.json,consultas-1-listas-posteo.json,12.0,Binaria Acotada,0.0,2,true
consultas-1-listas-posteo.json,consultas-1-listas-posteo.json,12.0,Secuencial B0,5.0067901611328125e-6,6967,true
consultas-1-listas-posteo.json,consultas-1-listas-posteo.json,12.0,No Acotada B1,0.0,15,true
consultas-1-listas-posteo.json,consultas-1-listas-posteo.json,12.0,No Acotada B2,0.0,15,true
consultas-1-listas-posteo.json,consultas-1-listas-posteo.json,12.0,SkipList,0.0,11,true
consultas-1-listas-posteo.json,consultas-1-listas-posteo.json,13.0,Binaria Acotada,9.5367431640625e-7,4,true
consultas-1-listas-posteo.json,consultas-1-listas-posteo.json,13.0,Secuencial B0,5.0067901611328125e-6,7584,true
consultas-1-listas-posteo.json,consultas-1-listas-posteo.json,13.0,No Acotada B1,0.0,16,true
consultas-1-listas-posteo.json,consultas-1-listas-posteo.json,13.0,No Acotada B2,9.5367431640625e-7,16,true
consultas-1-listas-posteo.json,consultas-1-listas-posteo.json,13.0,SkipList,0.0,12,true
consultas-1-listas-posteo.json,consultas-1-listas-posteo.json,11.0,Binaria Acotada,0.0,4,true
consultas-1-listas-posteo.json,consultas-1-listas-posteo.json,11.0,Secuencial B0,3.814697265625e-6,6376,true
consultas-1-listas-posteo.json,consultas-1-listas-posteo.json,11.0,No Acotada B1,0.0,16,true
consultas-1-listas-posteo.json,consultas-1-listas-posteo.json,11.0,No Acotada B2,0.0,16,true
consultas-1-listas-posteo.json,consultas-1-listas-posteo.json,11.0,SkipList,0.0,10,true
consultas-1-listas-posteo.json,consultas-1-listas-posteo.json,12.0,Binaria Acotada,0.0,2,true
consultas-1-listas-posteo.json,consultas-1-listas-posteo.json,12.0,Secuencial B0,3.814697265625e-6,6967,true
consultas-1-listas-posteo.json,consultas-1-listas-posteo.json,12.0,No Acotada B1,0.0,15,true
consultas-1-listas-posteo.json,consultas-1-listas-posteo.json,12.0,No Acotada B2,0.0,15,true
consultas-1-listas-posteo.json,consultas-1-listas-posteo.json,12.0,SkipList,0.0,11,true
consultas-1-listas-posteo.json,consultas-1-listas-posteo.json,3.0,Binaria Acotada,0.0,4,true
consultas-1-listas-posteo.json,consultas-1-listas-posteo.json,3.0,Secuencial B0,9.5367431640625e-7,1302,true
consultas-1-listas-posteo.json,consultas-1-listas-posteo.json,3.0,No Acotada B1,0.0,12,true
consultas-1-listas-posteo.json,consultas-1-listas-posteo.json,3.0,No Acotada B2,0.0,12,true
consultas-1-listas-posteo.json,consultas-1-listas-posteo.json,3.0,SkipList,0.0,7,true
consultas-1-listas-posteo.json,consultas-1-listas-posteo.json,6.0,Binaria Acotada,0.0,3,true
consultas-1-listas-posteo.json,consultas-1-listas-posteo.json,6.0,Secuencial B0,3.0994415283203125e-6,3269,true
consultas-1-listas-posteo.json,consultas-1-listas-posteo.json,6.0,No Acotada B1,0.0,14,true
consultas-1-listas-posteo.json,consultas-1-listas-posteo.json,6.0,No Acotada B2,0.0,14,true
consultas-1-listas-posteo.json,consultas-1-listas-posteo.json,6.0,SkipList,0.0,6,true
consultas-1-listas-posteo.json,consultas-1-listas-posteo.json,1.0,Binaria Acotada,0.0,4,true
consultas-1-listas-posteo.json,consultas-1-listas-posteo.json,1.0,Secuencial B0,0.0,1,true
consultas-1-listas-posteo.json,consultas-1-listas-posteo.json,1.0,No Acotada B1,0.0,1,true
consultas-1-listas-posteo.json,consultas-1-listas-posteo.json,1.0,No Acotada B2,0.0,1,true
consultas-1-listas-posteo.json,consultas-1-listas-posteo.json,1.0,SkipList,0.0,5,true
consultas-1-listas-posteo.json,consultas-1-listas-posteo.json,11.0,Binaria Acotada,0.0,4,true
consultas-1-listas-posteo.json,consultas-1-listas-posteo.json,11.0,Secuencial B0,2.86102294921875e-6,6376,true
consultas-1-listas-posteo.json,consultas-1-listas-posteo.json,11.0,No Acotada B1,0.0,16,true
consultas-1-listas-posteo.json,consultas-1-listas-posteo.json,11.0,No Acotada B2,0.0,16,true
consultas-1-listas-posteo.json,consultas-1-listas-posteo.json,11.0,SkipList,0.0,10,true
consultas-1-listas-posteo.json,consultas-1-listas-posteo.json,7.0,Binaria Acotada,9.5367431640625e-7,4,true
consultas-1-listas-posteo.json,consultas-1-listas-posteo.json,7.0,Secuencial B0,1.9073486328125e-6,3890,true
consultas-1-listas-posteo.json,consultas-1-listas-posteo.json,7.0,No Acotada B1,0.0,16,true
consultas-1-listas-posteo.json,consultas-1-listas-posteo.json,7.0,No Acotada B2,0.0,16,true
consultas-1-listas-posteo.json,consultas-1-listas-posteo.json,7.0,SkipList,0.0,7,true
consultas-1-listas-posteo.json,consultas-1-listas-posteo.json,8.0,Binaria Acotada,0.0,1,true
consultas-1-listas-posteo.json,consultas-1-listas-posteo.json,8.0,Secuencial B0,2.86102294921875e-6,4510,true
consultas-1-listas-posteo.json,consultas-1-listas-posteo.json,8.0,No Acotada B1,0.0,15,true
consultas-1-listas-posteo.json,consultas-1-listas-posteo.json,8.0,No Acotada B2,0.0,15,true
consultas-1-listas-posteo.json,consultas-1-listas-posteo.json,8.0,SkipList,0.0,7,true
consultas-1-listas-posteo.json,consultas-1-listas-posteo.json,2.0,Binaria Acotada,0.0,3,true
consultas-1-listas-posteo.json,consultas-1-listas-posteo.json,2.0,Secuencial B0,0.0,651,true
consultas-1-listas-posteo.json,consultas-1-listas-posteo.json,2.0,No Acotada B1,9.5367431640625e-7,11,true
consultas-1-listas-posteo.json,consultas-1-listas-posteo.json,2.0,No Acotada B2,0.0,11,true
consultas-1-listas-posteo.json,consultas-1-listas-posteo.json,2.0,SkipList,0.0,6,true
consultas-1-listas-posteo.json,consultas-1-listas-posteo.json,16.0,Binaria Acotada,0.0,5,true
consultas-1-listas-posteo.json,consultas-1-listas-posteo.json,16.0,Secuencial B0,5.9604644775390625e-6,9416,true
consultas-1-listas-posteo.json,consultas-1-listas-posteo.json,16.0,No Acotada B1,0.0,16,true
consultas-1-listas-posteo.json,consultas-1-listas-posteo.json,16.0,No Acotada B2,0.0,16,true
consultas-1-listas-posteo.json,consultas-1-listas-posteo.json,16.0,SkipList,0.0,6,true
consultas-1-listas-posteo.json,consultas-1-listas-posteo.json,1.0,Binaria Acotada,0.0,4,true
consultas-1-listas-posteo.json,consultas-1-listas-posteo.json,1.0,Secuencial B0,0.0,1,true
consultas-1-listas-posteo.json,consultas-1-listas-posteo.json,1.0,No Acotada B1,0.0,1,true
consultas-1-listas-posteo.json,consultas-1-listas-posteo.json,1.0,No Acotada B2,0.0,1,true
consultas-1-listas-posteo.json,consultas-1-listas-posteo.json,1.0,SkipList,0.0,5,true
consultas-1-listas-posteo.json,consultas-1-listas-posteo.json,4.0,Binaria Acotada,0.0,2,true
consultas-1-listas-posteo.json,consultas-1-listas-posteo.json,4.0,Secuencial B0,9.5367431640625e-7,1965,true
consultas-1-listas-posteo.json,consultas-1-listas-posteo.json,4.0,No Acotada B1,0.0,15,true
consultas-1-listas-posteo.json,consultas-1-listas-posteo.json,4.0,No Acotada B2,0.0,15,true
consultas-1-listas-posteo.json,consultas-1-listas-posteo.json,4.0,SkipList,0.0,6,true
consultas-1-listas-posteo.json,consultas-1-listas-posteo.json,1.0,Binaria Acotada,0.0,4,true
consultas-1-listas-posteo.json,consultas-1-listas-posteo.json,1.0,Secuencial B0,0.0,1,true
consultas-1-listas-posteo.json,consultas-1-listas-posteo.json,1.0,No Acotada B1,0.0,1,true
consultas-1-listas-posteo.json,consultas-1-listas-posteo.json,1.0,No Acotada B2,0.0,1,true
consultas-1-listas-posteo.json,consultas-1-listas-posteo.json,1.0,SkipList,9.5367431640625e-7,5,true
consultas-1-listas-posteo.json,consultas-1-listas-posteo.json,8.0,Binaria Acotada,0.0,1,true
consultas-1-listas-posteo.json,consultas-1-listas-posteo.json,8.0,Secuencial B0,3.0994415283203125e-6,4510,true
consultas-1-listas-posteo.json,consultas-1-listas-posteo.json,8.0,No Acotada B1,0.0,15,true
consultas-1-listas-posteo.json,consultas-1-listas-posteo.json,8.0,No Acotada B2,0.0,15,true
consultas-1-listas-posteo.json,consultas-1-listas-posteo.json,8.0,SkipList,9.5367431640625e-7,7,true
consultas-1-listas-posteo.json,consultas-1-listas-posteo.json,5.0,Binaria Acotada,0.0,4,true
consultas-1-listas-posteo.json,consultas-1-listas-posteo.json,5.0,Secuencial B0,1.9073486328125e-6,2637,true
consultas-1-listas-posteo.json,consultas-1-listas-posteo.json,5.0,No Acotada B1,0.0,13,true
consultas-1-listas-posteo.json,consultas-1-listas-posteo.json,5.0,No Acotada B2,0.0,13,true
consultas-1-listas-posteo.json,consultas-1-listas-posteo.json,5.0,SkipList,0.0,7,true
consultas-1-listas-posteo.json,consultas-1-listas-posteo.json,12.0,Binaria Acotada,0.0,2,true
consultas-1-listas-posteo.json,consultas-1-listas-posteo.json,12.0,Secuencial B0,4.0531158447265625e-6,6967,true
consultas-1-listas-posteo.json,consultas-1-listas-posteo.json,12.0,No Acotada B1,0.0,15,true
consultas-1-listas-posteo.json,consultas-1-listas-posteo.json,12.0,No Acotada B2,0.0,15,true
consultas-1-listas-posteo.json,consultas-1-listas-posteo.json,12.0,SkipList,0.0,11,true
consultas-1-listas-posteo.json,consultas-1-listas-posteo.json,6.0,Binaria Acotada,0.0,3,true
consultas-1-listas-posteo.json,consultas-1-listas-posteo.json,6.0,Secuencial B0,2.1457672119140625e-6,3269,true
consultas-1-listas-posteo.json,consultas-1-listas-posteo.json,6.0,No Acotada B1,0.0,14,true
consultas-1-listas-posteo.json,consultas-1-listas-posteo.json,6.0,No Acotada B2,0.0,14,true
consultas-1-listas-posteo.json,consultas-1-listas-posteo.json,6.0,SkipList,0.0,6,true
consultas-1-listas-posteo.json,consultas-1-listas-posteo.json,5.0,Binaria Acotada,0.0,4,true
consultas-1-listas-posteo.json,consultas-1-listas-posteo.json,5.0,Secuencial B0,9.5367431640625e-7,2637,true
consultas-1-listas-posteo.json,consultas-1-listas-posteo.json,5.0,No Acotada B1,0.0,13,true
consultas-1-listas-posteo.json,consultas-1-listas-posteo.json,5.0,No Acotada B2,0.0,13,true
consultas-1-listas-posteo.json,consultas-1-listas-posteo.json,5.0,SkipList,0.0,7,true
consultas-1-listas-posteo.json,consultas-1-listas-posteo.json,13.0,Binaria Acotada,0.0,4,true
consultas-1-listas-posteo.json,consultas-1-listas-posteo.json,13.0,Secuencial B0,5.0067901611328125e-6,7584,true
consultas-1-listas-posteo.json,consultas-1-listas-posteo.json,13.0,No Acotada B1,0.0,16,true
consultas-1-listas-posteo.json,consultas-1-listas-posteo.json,13.0,No Acotada B2,0.0,16,true
consultas-1-listas-posteo.json,consultas-1-listas-posteo.json,13.0,SkipList,9.5367431640625e-7,12,true
consultas-1-listas-posteo.json,consultas-1-listas-posteo.json,12.0,Binaria Acotada,0.0,2,true
consultas-1-listas-posteo.json,consultas-1-listas-posteo.json,12.0,Secuencial B0,5.0067901611328125e-6,6967,true
consultas-1-listas-posteo.json,consultas-1-listas-posteo.json,12.0,No Acotada B1,0.0,15,true
consultas-1-listas-posteo.json,consultas-1-listas-posteo.json,12.0,No Acotada B2,9.5367431640625e-7,15,true
consultas-1-listas-posteo.json,consultas-1-listas-posteo.json,12.0,SkipList,0.0,11,true
consultas-1-listas-posteo.json,consultas-1-listas-posteo.json,10.0,Binaria Acotada,9.5367431640625e-7,3,true
consultas-1-listas-posteo.json,consultas-1-listas-posteo.json,10.0,Secuencial B0,4.0531158447265625e-6,5753,true
consultas-1-listas-posteo.json,consultas-1-listas-posteo.json,10.0,No Acotada B1,0.0,14,true
consultas-1-listas-posteo.json,consultas-1-listas-posteo.json,10.0,No Acotada B2,0.0,14,true
consultas-1-listas-posteo.json,consultas-1-listas-posteo.json,10.0,SkipList,0.0,9,true
consultas-1-listas-posteo.json,consultas-1-listas-posteo.json,2.0,Binaria Acotada,0.0,3,true
consultas-1-listas-posteo.json,consultas-1-listas-posteo.json,2.0,Secuencial B0,0.0,651,true
consultas-1-listas-posteo.json,consultas-1-listas-posteo.json,2.0,No Acotada B1,0.0,11,true
consultas-1-listas-posteo.json,consultas-1-listas-posteo.json,2.0,No Acotada B2,0.0,11,true
consultas-1-listas-posteo.json,consultas-1-listas-posteo.json,2.0,SkipList,0.0,6,true
consultas-1-listas-posteo.json,consultas-1-listas-posteo.json,5.0,Binaria Acotada,0.0,4,true
consultas-1-listas-posteo.json,consultas-1-listas-posteo.json,5.0,Secuencial B0,1.9073486328125e-6,2637,true
consultas-1-listas-posteo.json,consultas-1-listas-posteo.json,5.0,No Acotada B1,0.0,13,true
consultas-1-listas-posteo.json,consultas-1-listas-posteo.json,5.0,No Acotada B2,0.0,13,true
consultas-1-listas-posteo.json,consultas-1-listas-posteo.json,5.0,SkipList,0.0,7,true
consultas-1-listas-posteo.json,consultas-1-listas-posteo.json,6.0,Binaria Acotada,0.0,3,true
consultas-1-listas-posteo.json,consultas-1-listas-posteo.json,6.0,Secuencial B0,1.9073486328125e-6,3269,true
consultas-1-listas-posteo.json,consultas-1-listas-posteo.json,6.0,No Acotada B1,0.0,14,true
consultas-1-listas-posteo.json,consultas-1-listas-posteo.json,6.0,No Acotada B2,9.5367431640625e-7,14,true
consultas-1-listas-posteo.json,consultas-1-listas-posteo.json,6.0,SkipList,0.0,6,true
consultas-1-listas-posteo.json,consultas-1-listas-posteo.json,13.0,Binaria Acotada,0.0,4,true
consultas-1-listas-posteo.json,consultas-1-listas-posteo.json,13.0,Secuencial B0,5.0067901611328125e-6,7584,true
consultas-1-listas-posteo.json,consultas-1-listas-posteo.json,13.0,No Acotada B1,0.0,16,true
consultas-1-listas-posteo.json,consultas-1-listas-posteo.json,13.0,No Acotada B2,0.0,16,true
consultas-1-listas-posteo.json,consultas-1-listas-posteo.json,13.0,SkipList,0.0,12,true
consultas-1-listas-posteo.json,consultas-1-listas-posteo.json,6.0,Binaria Acotada,0.0,3,true
consultas-1-listas-posteo.json,consultas-1-listas-posteo.json,6.0,Secuencial B0,1.9073486328125e-6,3269,true
consultas-1-listas-posteo.json,consultas-1-listas-posteo.json,6.0,No Acotada B1,0.0,14,true
consultas-1-listas-posteo.json,consultas-1-listas-posteo.json,6.0,No Acotada B2,0.0,14,true
consultas-1-listas-posteo.json,consultas-1-listas-posteo.json,6.0,SkipList,0.0,6,true
consultas-1-listas-posteo.json,consultas-1-listas-posteo.json,15.0,Binaria Acotada,0.0,4,true
consultas-1-listas-posteo.json,consultas-1-listas-posteo.json,15.0,Secuencial B0,5.0067901611328125e-6,8821,true
consultas-1-listas-posteo.json,consultas-1-listas-posteo.json,15.0,No Acotada B1,0.0,15,true
consultas-1-listas-posteo.json,consultas-1-listas-posteo.json,15.0,No Acotada B2,0.0,15,true
consultas-1-listas-posteo.json,consultas-1-listas-posteo.json,15.0,SkipList,9.5367431640625e-7,9,true
consultas-1-listas-posteo.json,consultas-1-listas-posteo.json,13.0,Binaria Acotada,0.0,4,true
consultas-1-listas-posteo.json,consultas-1-listas-posteo.json,13.0,Secuencial B0,5.0067901611328125e-6,7584,true
consultas-1-listas-posteo.json,consultas-1-listas-posteo.json,13.0,No Acotada B1,0.0,16,true
consultas-1-listas-posteo.json,consultas-1-listas-posteo.json,13.0,No Acotada B2,0.0,16,true
consultas-1-listas-posteo.json,consultas-1-listas-posteo.json,13.0,SkipList,0.0,12,true
consultas-1-listas-posteo.json,consultas-1-listas-posteo.json,10.0,Binaria Acotada,0.0,3,true
consultas-1-listas-posteo.json,consultas-1-listas-posteo.json,10.0,Secuencial B0,4.0531158447265625e-6,5753,true
consultas-1-listas-posteo.json,consultas-1-listas-posteo.json,10.0,No Acotada B1,0.0,14,true
consultas-1-listas-posteo.json,consultas-1-listas-posteo.json,10.0,No Acotada B2,1.1920928955078125e-6,14,true
consultas-1-listas-posteo.json,consultas-1-listas-posteo.json,10.0,SkipList,9.5367431640625e-7,9,true
consultas-1-listas-posteo.json,consultas-1-listas-posteo.json,8.0,Binaria Acotada,0.0,1,true
consultas-1-listas-posteo.json,consultas-1-listas-posteo.json,8.0,Secuencial B0,2.86102294921875e-6,4510,true
consultas-1-listas-posteo.json,consultas-1-listas-posteo.json,8.0,No Acotada B1,0.0,15,true
consultas-1-listas-posteo.json,consultas-1-listas-posteo.json,8.0,No Acotada B2,0.0,15,true
consultas-1-listas-posteo.json,consultas-1-listas-posteo.json,8.0,SkipList,0.0,7,true
consultas-1-listas-posteo.json,consultas-1-listas-posteo.json,12.0,Binaria Acotada,9.5367431640625e-7,2,true
consultas-1-listas-posteo.json,consultas-1-listas-posteo.json,12.0,Secuencial B0,4.0531158447265625e-6,6967,true
consultas-1-listas-posteo.json,consultas-1-listas-posteo.json,12.0,No Acotada B1,0.0,15,true
consultas-1-listas-posteo.json,consultas-1-listas-posteo.json,12.0,No Acotada B2,0.0,15,true
consultas-1-listas-posteo.json,consultas-1-listas-posteo.json,12.0,SkipList,0.0,11,true
consultas-1-listas-posteo.json,consultas-1-listas-posteo.json,1.0,Binaria Acotada,0.0,4,true
consultas-1-listas-posteo.json,consultas-1-listas-posteo.json,1.0,Secuencial B0,0.0,1,true
consultas-1-listas-posteo.json,consultas-1-listas-posteo.json,1.0,No Acotada B1,0.0,1,true
consultas-1-listas-posteo.json,consultas-1-listas-posteo.json,1.0,No Acotada B2,0.0,1,true
consultas-1-listas-posteo.json,consultas-1-listas-posteo.json,1.0,SkipList,0.0,5,true
consultas-1-listas-posteo.json,consultas-1-listas-posteo.json,4.0,Binaria Acotada,0.0,2,true
consultas-1-listas-posteo.json,consultas-1-listas-posteo.json,4.0,Secuencial B0,9.5367431640625e-7,1965,true
consultas-1-listas-posteo.json,consultas-1-listas-posteo.json,4.0,No Acotada B1,0.0,15,true
consultas-1-listas-posteo.json,consultas-1-listas-posteo.json,4.0,No Acotada B2,0.0,15,true
consultas-1-listas-posteo.json,consultas-1-listas-posteo.json,4.0,SkipList,9.5367431640625e-7,6,true
consultas-1-listas-posteo.json,consultas-1-listas-posteo.json,12.0,Binaria Acotada,0.0,2,true
consultas-1-listas-posteo.json,consultas-1-listas-posteo.json,12.0,Secuencial B0,5.0067901611328125e-6,6967,true
consultas-1-listas-posteo.json,consultas-1-listas-posteo.json,12.0,No Acotada B1,0.0,15,true
consultas-1-listas-posteo.json,consultas-1-listas-posteo.json,12.0,No Acotada B2,0.0,15,true
consultas-1-listas-posteo.json,consultas-1-listas-posteo.json,12.0,SkipList,0.0,11,true
consultas-1-listas-posteo.json,consultas-1-listas-posteo.json,5.0,Binaria Acotada,0.0,4,true
consultas-1-listas-posteo.json,consultas-1-listas-posteo.json,5.0,Secuencial B0,9.5367431640625e-7,2637,true
consultas-1-listas-posteo.json,consultas-1-listas-posteo.json,5.0,No Acotada B1,0.0,13,true
consultas-1-listas-posteo.json,consultas-1-listas-posteo.json,5.0,No Acotada B2,0.0,13,true
consultas-1-listas-posteo.json,consultas-1-listas-posteo.json,5.0,SkipList,0.0,7,true
consultas-1-listas-posteo.json,consultas-1-listas-posteo.json,8.0,Binaria Acotada,0.0,1,true
consultas-1-listas-posteo.json,consultas-1-listas-posteo.json,8.0,Secuencial B0,3.0994415283203125e-6,4510,true
consultas-1-listas-posteo.json,consultas-1-listas-posteo.json,8.0,No Acotada B1,0.0,15,true
consultas-1-listas-posteo.json,consultas-1-listas-posteo.json,8.0,No Acotada B2,0.0,15,true
consultas-1-listas-posteo.json,consultas-1-listas-posteo.json,8.0,SkipList,9.5367431640625e-7,7,true
consultas-1-listas-posteo.json,consultas-1-listas-posteo.json,15.0,Binaria Acotada,0.0,4,true
consultas-1-listas-posteo.json,consultas-1-listas-posteo.json,15.0,Secuencial B0,5.9604644775390625e-6,8821,true
consultas-1-listas-posteo.json,consultas-1-listas-posteo.json,15.0,No Acotada B1,0.0,15,true
consultas-1-listas-posteo.json,consultas-1-listas-posteo.json,15.0,No Acotada B2,0.0,15,true
consultas-1-listas-posteo.json,consultas-1-listas-posteo.json,15.0,SkipList,0.0,9,true
consultas-1-listas-posteo.json,consultas-1-listas-posteo.json,1.0,Binaria Acotada,0.0,4,true
consultas-1-listas-posteo.json,consultas-1-listas-posteo.json,1.0,Secuencial B0,0.0,1,true
consultas-1-listas-posteo.json,consultas-1-listas-posteo.json,1.0,No Acotada B1,0.0,1,true
consultas-1-listas-posteo.json,consultas-1-listas-posteo.json,1.0,No Acotada B2,0.0,1,true
consultas-1-listas-posteo.json,consultas-1-listas-posteo.json,1.0,SkipList,0.0,5,true
consultas-1-listas-posteo.json,consultas-1-listas-posteo.json,3.0,Binaria Acotada,9.5367431640625e-7,4,true
consultas-1-listas-posteo.json,consultas-1-listas-posteo.json,3.0,Secuencial B0,9.5367431640625e-7,1302,true
consultas-1-listas-posteo.json,consultas-1-listas-posteo.json,3.0,No Acotada B1,0.0,12,true
consultas-1-listas-posteo.json,consultas-1-listas-posteo.json,3.0,No Acotada B2,9.5367431640625e-7,12,true
consultas-1-listas-posteo.json,consultas-1-listas-posteo.json,3.0,SkipList,0.0,7,true
consultas-1-listas-posteo.json,consultas-1-listas-posteo.json,5.0,Binaria Acotada,0.0,4,true
consultas-1-listas-posteo.json,consultas-1-listas-posteo.json,5.0,Secuencial B0,9.5367431640625e-7,2637,true
consultas-1-listas-posteo.json,consultas-1-listas-posteo.json,5.0,No Acotada B1,0.0,13,true
consultas-1-listas-posteo.json,consultas-1-listas-posteo.json,5.0,No Acotada B2,0.0,13,true
consultas-1-listas-posteo.json,consultas-1-listas-posteo.json,5.0,SkipList,0.0,7,true
consultas-1-listas-posteo.json,consultas-1-listas-posteo.json,4.0,Binaria Acotada,0.0,2,true
consultas-1-listas-posteo.json,consultas-1-listas-posteo.json,4.0,Secuencial B0,1.1920928955078125e-6,1965,true
consultas-1-listas-posteo.json,consultas-1-listas-posteo.json,4.0,No Acotada B1,0.0,15,true
consultas-1-listas-posteo.json,consultas-1-listas-posteo.json,4.0,No Acotada B2,0.0,15,true
consultas-1-listas-posteo.json,consultas-1-listas-posteo.json,4.0,SkipList,0.0,6,true
consultas-1-listas-posteo.json,consultas-1-listas-posteo.json,10.0,Binaria Acotada,9.5367431640625e-7,3,true
consultas-1-listas-posteo.json,consultas-1-listas-posteo.json,10.0,Secuencial B0,4.0531158447265625e-6,5753,true
consultas-1-listas-posteo.json,consultas-1-listas-posteo.json,10.0,No Acotada B1,0.0,14,true
consultas-1-listas-posteo.json,consultas-1-listas-posteo.json,10.0,No Acotada B2,0.0,14,true
consultas-1-listas-posteo.json,consultas-1-listas-posteo.json,10.0,SkipList,0.0,9,true
consultas-1-listas-posteo.json,consultas-1-listas-posteo.json,7.0,Binaria Acotada,0.0,4,true
consultas-1-listas-posteo.json,consultas-1-listas-posteo.json,7.0,Secuencial B0,2.1457672119140625e-6,3890,true
consultas-1-listas-posteo.json,consultas-1-listas-posteo.json,7.0,No Acotada B1,0.0,16,true
consultas-1-listas-posteo.json,consultas-1-listas-posteo.json,7.0,No Acotada B2,0.0,16,true
consultas-1-listas-posteo.json,consultas-1-listas-posteo.json,7.0,SkipList,9.5367431640625e-7,7,true
consultas-1-listas-posteo.json,consultas-1-listas-posteo.json,8.0,Binaria Acotada,0.0,1,true
consultas-1-listas-posteo.json,consultas-1-listas-posteo.json,8.0,Secuencial B0,3.0994415283203125e-6,4510,true
consultas-1-listas-posteo.json,consultas-1-listas-posteo.json,8.0,No Acotada B1,0.0,15,true
consultas-1-listas-posteo.json,consultas-1-listas-posteo.json,8.0,No Acotada B2,0.0,15,true
consultas-1-listas-posteo.json,consultas-1-listas-posteo.json,8.0,SkipList,9.5367431640625e-7,7,true
consultas-1-listas-posteo.json,consultas-1-listas-posteo.json,10.0,Binaria Acotada,0.0,3,true
consultas-1-listas-posteo.json,consultas-1-listas-posteo.json,10.0,Secuencial B0,4.0531158447265625e-6,5753,true
consultas-1-listas-posteo.json,consultas-1-listas-posteo.json,10.0,No Acotada B1,0.0,14,true
consultas-1-listas-posteo.json,consultas-1-listas-posteo.json,10.0,No Acotada B2,0.0,14,true
consultas-1-listas-posteo.json,consultas-1-listas-posteo.json,10.0,SkipList,0.0,9,true
consultas-1-listas-posteo.json,consultas-1-listas-posteo.json,6.0,Binaria Acotada,0.0,3,true
consultas-1-listas-posteo.json,consultas-1-listas-posteo.json,6.0,Secuencial B0,1.9073486328125e-6,3269,true
consultas-1-listas-posteo.json,consultas-1-listas-posteo.json,6.0,No Acotada B1,1.1920928955078125e-6,14,true
consultas-1-listas-posteo.json,consultas-1-listas-posteo.json,6.0,No Acotada B2,0.0,14,true
consultas-1-listas-posteo.json,consultas-1-listas-posteo.json,6.0,SkipList,0.0,6,true
consultas-1-listas-posteo.json,consultas-1-listas-posteo.json,5.0,Binaria Acotada,0.0,4,true
consultas-1-listas-posteo.json,consultas-1-listas-posteo.json,5.0,Secuencial B0,1.9073486328125e-6,2637,true
consultas-1-listas-posteo.json,consultas-1-listas-posteo.json,5.0,No Acotada B1,0.0,13,true
consultas-1-listas-posteo.json,consultas-1-listas-posteo.json,5.0,No Acotada B2,0.0,13,true
consultas-1-listas-posteo.json,consultas-1-listas-posteo.json,5.0,SkipList,0.0,7,true
consultas-1-listas-posteo.json,consultas-1-listas-posteo.json,14.0,Binaria Acotada,1.1920928955078125e-6,3,true
consultas-1-listas-posteo.json,consultas-1-listas-posteo.json,14.0,Secuencial B0,5.0067901611328125e-6,8199,true
consultas-1-listas-posteo.json,consultas-1-listas-posteo.json,14.0,No Acotada B1,9.5367431640625e-7,16,true
consultas-1-listas-posteo.json,consultas-1-listas-posteo.json,14.0,No Acotada B2,0.0,16,true
consultas-1-listas-posteo.json,consultas-1-listas-posteo.json,14.0,SkipList,0.0,8,true
consultas-1-listas-posteo.json,consultas-1-listas-posteo.json,5.0,Binaria Acotada,0.0,4,true
consultas-1-listas-posteo.json,consultas-1-listas-posteo.json,5.0,Secuencial B0,1.9073486328125e-6,2637,true
consultas-1-listas-posteo.json,consultas-1-listas-posteo.json,5.0,No Acotada B1,0.0,13,true
consultas-1-listas-posteo.json,consultas-1-listas-posteo.json,5.0,No Acotada B2,0.0,13,true
consultas-1-listas-posteo.json,consultas-1-listas-posteo.json,5.0,SkipList,0.0,7,true
consultas-1-listas-posteo.json,consultas-1-listas-posteo.json,4.0,Binaria Acotada,9.5367431640625e-7,2,true
consultas-1-listas-posteo.json,consultas-1-listas-posteo.json,4.0,Secuencial B0,9.5367431640625e-7,1965,true
consultas-1-listas-posteo.json,consultas-1-listas-posteo.json,4.0,No Acotada B1,9.5367431640625e-7,15,true
consultas-1-listas-posteo.json,consultas-1-listas-posteo.json,4.0,No Acotada B2,0.0,15,true
consultas-1-listas-posteo.json,consultas-1-listas-posteo.json,4.0,SkipList,0.0,6,true
consultas-1-listas-posteo.json,consultas-1-listas-posteo.json,6.0,Binaria Acotada,0.0,3,true
consultas-1-listas-posteo.json,consultas-1-listas-posteo.json,6.0,Secuencial B0,2.1457672119140625e-6,3269,true
consultas-1-listas-posteo.json,consultas-1-listas-posteo.json,6.0,No Acotada B1,0.0,14,true
consultas-1-listas-posteo.json,consultas-1-listas-posteo.json,6.0,No Acotada B2,0.0,14,true
consultas-1-listas-posteo.json,consultas-1-listas-posteo.json,6.0,SkipList,0.0,6,true
consultas-1-listas-posteo.json,consultas-1-listas-posteo.json,11.0,Binaria Acotada,0.0,4,true
consultas-1-listas-posteo.json,consultas-1-listas-posteo.json,11.0,Secuencial B0,4.0531158447265625e-6,6376,true
consultas-1-listas-posteo.json,consultas-1-listas-posteo.json,11.0,No Acotada B1,0.0,16,true
consultas-1-listas-posteo.json,consultas-1-listas-posteo.json,11.0,No Acotada B2,0.0,16,true
consultas-1-listas-posteo.json,consultas-1-listas-posteo.json,11.0,SkipList,9.5367431640625e-7,10,true
consultas-1-listas-posteo.json,consultas-1-listas-posteo.json,4.0,Binaria Acotada,0.0,2,true
consultas-1-listas-posteo.json,consultas-1-listas-posteo.json,4.0,Secuencial B0,2.1457672119140625e-6,1965,true
consultas-1-listas-posteo.json,consultas-1-listas-posteo.json,4.0,No Acotada B1,0.0,15,true
consultas-1-listas-posteo.json,consultas-1-listas-posteo.json,4.0,No Acotada B2,0.0,15,true
consultas-1-listas-posteo.json,consultas-1-listas-posteo.json,4.0,SkipList,9.5367431640625e-7,6,true
consultas-1-listas-posteo.json,consultas-1-listas-posteo.json,4.0,Binaria Acotada,0.0,2,true
consultas-1-listas-posteo.json,consultas-1-listas-posteo.json,4.0,Secuencial B0,9.5367431640625e-7,1965,true
consultas-1-listas-posteo.json,consultas-1-listas-posteo.json,4.0,No Acotada B1,0.0,15,true
consultas-1-listas-posteo.json,consultas-1-listas-posteo.json,4.0,No Acotada B2,0.0,15,true
consultas-1-listas-posteo.json,consultas-1-listas-posteo.json,4.0,SkipList,1.1920928955078125e-6,6,true
consultas-1-listas-posteo.json,consultas-1-listas-posteo.json,4.0,Binaria Acotada,0.0,2,true
consultas-1-listas-posteo.json,consultas-1-listas-posteo.json,4.0,Secuencial B0,1.9073486328125e-6,1965,true
consultas-1-listas-posteo.json,consultas-1-listas-posteo.json,4.0,No Acotada B1,0.0,15,true
consultas-1-listas-posteo.json,consultas-1-listas-posteo.json,4.0,No Acotada B2,0.0,15,true
consultas-1-listas-posteo.json,consultas-1-listas-posteo.json,4.0,SkipList,0.0,6,true
consultas-1-listas-posteo.json,consultas-1-listas-posteo.json,3.0,Binaria Acotada,0.0,4,true
consultas-1-listas-posteo.json,consultas-1-listas-posteo.json,3.0,Secuencial B0,0.0,1302,true
consultas-1-listas-posteo.json,consultas-1-listas-posteo.json,3.0,No Acotada B1,0.0,12,true
consultas-1-listas-posteo.json,consultas-1-listas-posteo.json,3.0,No Acotada B2,0.0,12,true
consultas-1-listas-posteo.json,consultas-1-listas-posteo.json,3.0,SkipList,0.0,7,true
consultas-1-listas-posteo.json,consultas-1-listas-posteo.json,12.0,Binaria Acotada,0.0,2,true
consultas-1-listas-posteo.json,consultas-1-listas-posteo.json,12.0,Secuencial B0,5.0067901611328125e-6,6967,true
consultas-1-listas-posteo.json,consultas-1-listas-posteo.json,12.0,No Acotada B1,0.0,15,true
consultas-1-listas-posteo.json,consultas-1-listas-posteo.json,12.0,No Acotada B2,0.0,15,true
consultas-1-listas-posteo.json,consultas-1-listas-posteo.json,12.0,SkipList,0.0,11,true
consultas-1-listas-posteo.json,consultas-1-listas-posteo.json,3.0,Binaria Acotada,0.0,4,true
consultas-1-listas-posteo.json,consultas-1-listas-posteo.json,3.0,Secuencial B0,9.5367431640625e-7,1302,true
consultas-1-listas-posteo.json,consultas-1-listas-posteo.json,3.0,No Acotada B1,0.0,12,true
consultas-1-listas-posteo.json,consultas-1-listas-posteo.json,3.0,No Acotada B2,1.1920928955078125e-6,12,true
consultas-1-listas-posteo.json,consultas-1-listas-posteo.json,3.0,SkipList,0.0,7,true
consultas-1-listas-posteo.json,consultas-1-listas-posteo.json,16.0,Binaria Acotada,9.5367431640625e-7,5,true
consultas-1-listas-posteo.json,consultas-1-listas-posteo.json,16.0,Secuencial B0,5.9604644775390625e-6,9416,true
consultas-1-listas-posteo.json,consultas-1-listas-posteo.json,16.0,No Acotada B1,0.0,16,true
consultas-1-listas-posteo.json,consultas-1-listas-posteo.json,16.0,No Acotada B2,0.0,16,true
consultas-1-listas-posteo.json,consultas-1-listas-posteo.json,16.0,SkipList,0.0,6,true
consultas-1-listas-posteo.json,consultas-1-listas-posteo.json,14.0,Binaria Acotada,9.5367431640625e-7,3,true
consultas-1-listas-posteo.json,consultas-1-listas-posteo.json,14.0,Secuencial B0,5.0067901611328125e-6,8199,true
consultas-1-listas-posteo.json,consultas-1-listas-posteo.json,14.0,No Acotada B1,9.5367431640625e-7,16,true
consultas-1-listas-posteo.json,consultas-1-listas-posteo.json,14.0,No Acotada B2,0.0,16,true
consultas-1-listas-posteo.json,consultas-1-listas-posteo.json,14.0,SkipList,0.0,8,true
consultas-1-listas-posteo.json,consultas-2-listas-posteo.json,200.0,Binaria Acotada,9.5367431640625e-7,14,false
consultas-1-listas-posteo.json,consultas-2-listas-posteo.json,200.0,Secuencial B0,6.9141387939453125e-6,10000,false
consultas-1-listas-posteo.json,consultas-2-listas-posteo.json,200.0,No Acotada B1,0.0,25,false
consultas-1-listas-posteo.json,consultas-2-listas-posteo.json,200.0,No Acotada B2,0.0,25,false
consultas-1-listas-posteo.json,consultas-2-listas-posteo.json,200.0,SkipList,2.1457672119140625e-6,7,false
consultas-1-listas-posteo.json,consultas-2-listas-posteo.json,229.0,Binaria Acotada,0.0,14,false
consultas-1-listas-posteo.json,consultas-2-listas-posteo.json,229.0,Secuencial B0,7.152557373046875e-6,10000,false
consultas-1-listas-posteo.json,consultas-2-listas-posteo.json,229.0,No Acotada B1,9.5367431640625e-7,25,false
consultas-1-listas-posteo.json,consultas-2-listas-posteo.json,229.0,No Acotada B2,0.0,25,false
consultas-1-listas-posteo.json,consultas-2-listas-posteo.json,229.0,SkipList,9.5367431640625e-7,7,false
consultas-1-listas-posteo.json,consultas-2-listas-posteo.json,46.0,Binaria Acotada,0.0,14,false
consultas-1-listas-posteo.json,consultas-2-listas-posteo.json,46.0,Secuencial B0,5.0067901611328125e-6,10000,false
consultas-1-listas-posteo.json,consultas-2-listas-posteo.json,46.0,No Acotada B1,0.0,25,false
consultas-1-listas-posteo.json,consultas-2-listas-posteo.json,46.0,No Acotada B2,0.0,25,false
consultas-1-listas-posteo.json,consultas-2-listas-posteo.json,46.0,SkipList,0.0,7,false
consultas-1-listas-posteo.json,consultas-2-listas-posteo.json,186.0,Binaria Acotada,0.0,14,false
consultas-1-listas-posteo.json,consultas-2-listas-posteo.json,186.0,Secuencial B0,5.0067901611328125e-6,10000,false
consultas-1-listas-posteo.json,consultas-2-listas-posteo.json,186.0,No Acotada B1,0.0,25,false
consultas-1-listas-posteo.json,consultas-2-listas-posteo.json,186.0,No Acotada B2,0.0,25,false
consultas-1-listas-posteo.json,consultas-2-listas-posteo.json,186.0,SkipList,0.0,7,false
consultas-1-listas-posteo.json,consultas-2-listas-posteo.json,58.0,Binaria Acotada,9.5367431640625e-7,14,false
consultas-1-listas-posteo.json,consultas-2-listas-posteo.json,58.0,Secuencial B0,5.9604644775390625e-6,10000,false
consultas-1-listas-posteo.json,consultas-2-listas-posteo.json,58.0,No Acotada B1,0.0,25,false
consultas-1-listas-posteo.json,consultas-2-listas-posteo.json,58.0,No Acotada B2,0.0,25,false
consultas-1-listas-posteo.json,consultas-2-listas-posteo.json,58.0,SkipList,9.5367431640625e-7,7,false
consultas-1-listas-posteo.json,consultas-2-listas-posteo.json,183.0,Binaria Acotada,0.0,14,false
consultas-1-listas-posteo.json,consultas-2-listas-posteo.json,183.0,Secuencial B0,5.0067901611328125e-6,10000,false
consultas-1-listas-posteo.json,consultas-2-listas-posteo.json,183.0,No Acotada B1,0.0,25,false
consultas-1-listas-posteo.json,consultas-2-listas-posteo.json,183.0,No Acotada B2,0.0,25,false
consultas-1-listas-posteo.json,consultas-2-listas-posteo.json,183.0,SkipList,9.5367431640625e-7,7,false
consultas-1-listas-posteo.json,consultas-2-listas-posteo.json,208.0,Binaria Acotada,0.0,14,false
consultas-1-listas-posteo.json,consultas-2-listas-posteo.json,208.0,Secuencial B0,6.9141387939453125e-6,10000,false
consultas-1-listas-posteo.json,consultas-2-listas-posteo.json,208.0,No Acotada B1,0.0,25,false
consultas-1-listas-posteo.json,consultas-2-listas-posteo.json,208.0,No Acotada B2,0.0,25,false
consultas-1-listas-posteo.json,consultas-2-listas-posteo.json,208.0,SkipList,0.0,7,false
consultas-1-listas-posteo.json,consultas-2-listas-posteo.json,212.0,Binaria Acotada,0.0,14,false
consultas-1-listas-posteo.json,consultas-2-listas-posteo.json,212.0,Secuencial B0,6.198883056640625e-6,10000,false
consultas-1-listas-posteo.json,consultas-2-listas-posteo.json,212.0,No Acotada B1,0.0,25,false
consultas-1-listas-posteo.json,consultas-2-listas-posteo.json,212.0,No Acotada B2,0.0,25,false
consultas-1-listas-posteo.json,consultas-2-listas-posteo.json,212.0,SkipList,0.0,7,false
consultas-1-listas-posteo.json,consultas-2-listas-posteo.json,162.0,Binaria Acotada,0.0,14,false
consultas-1-listas-posteo.json,consultas-2-listas-posteo.json,162.0,Secuencial B0,6.9141387939453125e-6,10000,false
consultas-1-listas-posteo.json,consultas-2-listas-posteo.json,162.0,No Acotada B1,0.0,25,false
consultas-1-listas-posteo.json,consultas-2-listas-posteo.json,162.0,No Acotada B2,0.0,25,false
consultas-1-listas-posteo.json,consultas-2-listas-posteo.json,162.0,SkipList,0.0,7,false
consultas-1-listas-posteo.json,consultas-2-listas-posteo.json,72.0,Binaria Acotada,0.0,14,false
consultas-1-listas-posteo.json,consultas-2-listas-posteo.json,72.0,Secuencial B0,6.9141387939453125e-6,10000,false
consultas-1-listas-posteo.json,consultas-2-listas-posteo.json,72.0,No Acotada B1,0.0,25,false
consultas-1-listas-posteo.json,consultas-2-listas-posteo.json,72.0,No Acotada B2,0.0,25,false
consultas-1-listas-posteo.json,consultas-2-listas-posteo.json,72.0,SkipList,0.0,7,false
consultas-1-listas-posteo.json,consultas-2-listas-posteo.json,36.0,Binaria Acotada,0.0,14,false
consultas-1-listas-posteo.json,consultas-2-listas-posteo.json,36.0,Secuencial B0,6.198883056640625e-6,10000,false
consultas-1-listas-posteo.json,consultas-2-listas-posteo.json,36.0,No Acotada B1,0.0,25,false
consultas-1-listas-posteo.json,consultas-2-listas-posteo.json,36.0,No Acotada B2,0.0,25,false
consultas-1-listas-posteo.json,consultas-2-listas-posteo.json,36.0,SkipList,9.5367431640625e-7,7,false
consultas-1-listas-posteo.json,consultas-2-listas-posteo.json,32.0,Binaria Acotada,0.0,14,false
consultas-1-listas-posteo.json,consultas-2-listas-posteo.json,32.0,Secuencial B0,6.9141387939453125e-6,10000,false
consultas-1-listas-posteo.json,consultas-2-listas-posteo.json,32.0,No Acotada B1,0.0,25,false
consultas-1-listas-posteo.json,consultas-2-listas-posteo.json,32.0,No Acotada B2,0.0,25,false
consultas-1-listas-posteo.json,consultas-2-listas-posteo.json,32.0,SkipList,0.0,7,false
consultas-1-listas-posteo.json,consultas-2-listas-posteo.json,144.0,Binaria Acotada,0.0,14,false
consultas-1-listas-posteo.json,consultas-2-listas-posteo.json,144.0,Secuencial B0,5.9604644775390625e-6,10000,false
consultas-1-listas-posteo.json,consultas-2-listas-posteo.json,144.0,No Acotada B1,0.0,25,false
consultas-1-listas-posteo.json,consultas-2-listas-posteo.json,144.0,No Acotada B2,0.0,25,false
consultas-1-listas-posteo.json,consultas-2-listas-posteo.json,144.0,SkipList,0.0,7,false
consultas-1-listas-posteo.json,consultas-2-listas-posteo.json,3.0,Binaria Acotada,0.0,4,true
consultas-1-listas-posteo.json,consultas-2-listas-posteo.json,3.0,Secuencial B0,9.5367431640625e-7,1302,true
consultas-1-listas-posteo.json,consultas-2-listas-posteo.json,3.0,No Acotada B1,0.0,12,true
consultas-1-listas-posteo.json,consultas-2-listas-posteo.json,3.0,No Acotada B2,0.0,12,true
consultas-1-listas-posteo.json,consultas-2-listas-posteo.json,3.0,SkipList,9.5367431640625e-7,7,true
consultas-1-listas-posteo.json,consultas-2-listas-posteo.json,237.0,Binaria Acotada,0.0,14,false
consultas-1-listas-posteo.json,consultas-2-listas-posteo.json,237.0,Secuencial B0,5.0067901611328125e-6,10000,false
consultas-1-listas-posteo.json,consultas-2-listas-posteo.json,237.0,No Acotada B1,0.0,25,false
consultas-1-listas-posteo.json,consultas-2-listas-posteo.json,237.0,No Acotada B2,0.0,25,false
consultas-1-listas-posteo.json,consultas-2-listas-posteo.json,237.0,SkipList,0.0,7,false
consultas-1-listas-posteo.json,consultas-2-listas-posteo.json,234.0,Binaria Acotada,9.5367431640625e-7,14,false
consultas-1-listas-posteo.json,consultas-2-listas-posteo.json,234.0,Secuencial B0,6.198883056640625e-6,10000,false
consultas-1-listas-posteo.json,consultas-2-listas-posteo.json,234.0,No Acotada B1,0.0,25,false
consultas-1-listas-posteo.json,consultas-2-listas-posteo.json,234.0,No Acotada B2,0.0,25,false
consultas-1-listas-posteo.json,consultas-2-listas-posteo.json,234.0,SkipList,9.5367431640625e-7,7,false
consultas-1-listas-posteo.json,consultas-2-listas-posteo.json,228.0,Binaria Acotada,0.0,14,false
consultas-1-listas-posteo.json,consultas-2-listas-posteo.json,228.0,Secuencial B0,6.9141387939453125e-6,10000,false
consultas-1-listas-posteo.json,consultas-2-listas-posteo.json,228.0,No Acotada B1,0.0,25,false
consultas-1-listas-posteo.json,consultas-2-listas-posteo.json,228.0,No Acotada B2,9.5367431640625e-7,25,false
consultas-1-listas-posteo.json,consultas-2-listas-posteo.json,228.0,SkipList,0.0,7,false
consultas-1-listas-posteo.json,consultas-2-listas-posteo.json,85.0,Binaria Acotada,0.0,14,false
consultas-1-listas-posteo.json,consultas-2-listas-posteo.json,85.0,Secuencial B0,5.9604644775390625e-6,10000,false
consultas-1-listas-posteo.json,consultas-2-listas-posteo.json,85.0,No Acotada B1,9.5367431640625e-7,25,false
consultas-1-listas-posteo.json,consultas-2-listas-posteo.json,85.0,No Acotada B2,0.0,25,false
consultas-1-listas-posteo.json,consultas-2-listas-posteo.json,85.0,SkipList,0.0,7,false
consultas-1-listas-posteo.json,consultas-2-listas-posteo.json,200.0,Binaria Acotada,0.0,14,false
consultas-1-listas-posteo.json,consultas-2-listas-posteo.json,200.0,Secuencial B0,5.9604644775390625e-6,10000,false
consultas-1-listas-posteo.json,consultas-2-listas-posteo.json,200.0,No Acotada B1,0.0,25,false
consultas-1-listas-posteo.json,consultas-2-listas-posteo.json,200.0,No Acotada B2,0.0,25,false
consultas-1-listas-posteo.json,consultas-2-listas-posteo.json,200.0,SkipList,9.5367431640625e-7,7,false
consultas-1-listas-posteo.json,consultas-2-listas-posteo.json,11.0,Binaria Acotada,0.0,4,true
consultas-1-listas-posteo.json,consultas-2-listas-posteo.json,11.0,Secuencial B0,5.0067901611328125e-6,6376,true
consultas-1-listas-posteo.json,consultas-2-listas-posteo.json,11.0,No Acotada B1,0.0,16,true
consultas-1-listas-posteo.json,consultas-2-listas-posteo.json,11.0,No Acotada B2,0.0,16,true
consultas-1-listas-posteo.json,consultas-2-listas-posteo.json,11.0,SkipList,0.0,10,true
consultas-1-listas-posteo.json,consultas-2-listas-posteo.json,98.0,Binaria Acotada,0.0,14,false
consultas-1-listas-posteo.json,consultas-2-listas-posteo.json,98.0,Secuencial B0,5.9604644775390625e-6,10000,false
consultas-1-listas-posteo.json,consultas-2-listas-posteo.json,98.0,No Acotada B1,0.0,25,false
consultas-1-listas-posteo.json,consultas-2-listas-posteo.json,98.0,No Acotada B2,0.0,25,false
consultas-1-listas-posteo.json,consultas-2-listas-posteo.json,98.0,SkipList,0.0,7,false
consultas-1-listas-posteo.json,consultas-2-listas-posteo.json,153.0,Binaria Acotada,0.0,14,false
consultas-1-listas-posteo.json,consultas-2-listas-posteo.json,153.0,Secuencial B0,5.9604644775390625e-6,10000,false
consultas-1-listas-posteo.json,consultas-2-listas-posteo.json,153.0,No Acotada B1,0.0,25,false
consultas-1-listas-posteo.json,consultas-2-listas-posteo.json,153.0,No Acotada B2,0.0,25,false
consultas-1-listas-posteo.json,consultas-2-listas-posteo.json,153.0,SkipList,9.5367431640625e-7,7,false
consultas-1-listas-posteo.json,consultas-2-listas-posteo.json,83.0,Binaria Acotada,0.0,14,false
consultas-1-listas-posteo.json,consultas-2-listas-posteo.json,83.0,Secuencial B0,7.152557373046875e-6,10000,false
consultas-1-listas-posteo.json,consultas-2-listas-posteo.json,83.0,No Acotada B1,0.0,25,false
consultas-1-listas-posteo.json,consultas-2-listas-posteo.json,83.0,No Acotada B2,9.5367431640625e-7,25,false
consultas-1-listas-posteo.json,consultas-2-listas-posteo.json,83.0,SkipList,0.0,7,false
consultas-1-listas-posteo.json,consultas-2-listas-posteo.json,45.0,Binaria Acotada,0.0,14,false
consultas-1-listas-posteo.json,consultas-2-listas-posteo.json,45.0,Secuencial B0,5.9604644775390625e-6,10000,false
consultas-1-listas-posteo.json,consultas-2-listas-posteo.json,45.0,No Acotada B1,9.5367431640625e-7,25,false
consultas-1-listas-posteo.json,consultas-2-listas-posteo.json,45.0,No Acotada B2,0.0,25,false
consultas-1-listas-posteo.json,consultas-2-listas-posteo.json,45.0,SkipList,0.0,7,false
consultas-1-listas-posteo.json,consultas-2-listas-posteo.json,28.0,Binaria Acotada,0.0,14,false
consultas-1-listas-posteo.json,consultas-2-listas-posteo.json,28.0,Secuencial B0,6.9141387939453125e-6,10000,false
consultas-1-listas-posteo.json,consultas-2-listas-posteo.json,28.0,No Acotada B1,0.0,25,false
consultas-1-listas-posteo.json,consultas-2-listas-posteo.json,28.0,No Acotada B2,0.0,25,false
consultas-1-listas-posteo.json,consultas-2-listas-posteo.json,28.0,SkipList,0.0,7,false
consultas-1-listas-posteo.json,consultas-2-listas-posteo.json,77.0,Binaria Acotada,0.0,14,false
consultas-1-listas-posteo.json,consultas-2-listas-posteo.json,77.0,Secuencial B0,6.9141387939453125e-6,10000,false
consultas-1-listas-posteo.json,consultas-2-listas-posteo.json,77.0,No Acotada B1,0.0,25,false
consultas-1-listas-posteo.json,consultas-2-listas-posteo.json,77.0,No Acotada B2,0.0,25,false
consultas-1-listas-posteo.json,consultas-2-listas-posteo.json,77.0,SkipList,0.0,7,false
consultas-1-listas-posteo.json,consultas-2-listas-posteo.json,143.0,Binaria Acotada,9.5367431640625e-7,14,false
consultas-1-listas-posteo.json,consultas-2-listas-posteo.json,143.0,Secuencial B0,5.9604644775390625e-6,10000,false
consultas-1-listas-posteo.json,consultas-2-listas-posteo.json,143.0,No Acotada B1,0.0,25,false
consultas-1-listas-posteo.json,consultas-2-listas-posteo.json,143.0,No Acotada B2,0.0,25,false
consultas-1-listas-posteo.json,consultas-2-listas-posteo.json,143.0,SkipList,0.0,7,false
consultas-1-listas-posteo.json,consultas-2-listas-posteo.json,168.0,Binaria Acotada,0.0,14,false
consultas-1-listas-posteo.json,consultas-2-listas-posteo.json,168.0,Secuencial B0,7.152557373046875e-6,10000,false
consultas-1-listas-posteo.json,consultas-2-listas-posteo.json,168.0,No Acotada B1,0.0,25,false
consultas-1-listas-posteo.json,consultas-2-listas-posteo.json,168.0,No Acotada B2,0.0,25,false
consultas-1-listas-posteo.json,consultas-2-listas-posteo.json,168.0,SkipList,0.0,7,false
consultas-1-listas-posteo.json,consultas-2-listas-posteo.json,80.0,Binaria Acotada,0.0,14,false
consultas-1-listas-posteo.json,consultas-2-listas-posteo.json,80.0,Secuencial B0,6.9141387939453125e-6,10000,false
consultas-1-listas-posteo.json,consultas-2-listas-posteo.json,80.0,No Acotada B1,0.0,25,false
consultas-1-listas-posteo.json,consultas-2-listas-posteo.json,80.0,No Acotada B2,0.0,25,false
consultas-1-listas-posteo.json,consultas-2-listas-posteo.json,80.0,SkipList,0.0,7,false
consultas-1-listas-posteo.json,consultas-2-listas-posteo.json,77.0,Binaria Acotada,9.5367431640625e-7,14,false
consultas-1-listas-posteo.json,consultas-2-listas-posteo.json,77.0,Secuencial B0,5.9604644775390625e-6,10000,false
consultas-1-listas-posteo.json,consultas-2-listas-posteo.json,77.0,No Acotada B1,0.0,25,false
consultas-1-listas-posteo.json,consultas-2-listas-posteo.json,77.0,No Acotada B2,0.0,25,false
consultas-1-listas-posteo.json,consultas-2-listas-posteo.json,77.0,SkipList,0.0,7,false
consultas-1-listas-posteo.json,consultas-2-listas-posteo.json,107.0,Binaria Acotada,0.0,14,false
consultas-1-listas-posteo.json,consultas-2-listas-posteo.json,107.0,Secuencial B0,7.152557373046875e-6,10000,false
consultas-1-listas-posteo.json,consultas-2-listas-posteo.json,107.0,No Acotada B1,0.0,25,false
consultas-1-listas-posteo.json,consultas-2-listas-posteo.json,107.0,No Acotada B2,0.0,25,false
consultas-1-listas-posteo.json,consultas-2-listas-posteo.json,107.0,SkipList,0.0,7,false
consultas-1-listas-posteo.json,consultas-2-listas-posteo.json,7.0,Binaria Acotada,0.0,4,true
consultas-1-listas-posteo.json,consultas-2-listas-posteo.json,7.0,Secuencial B0,2.86102294921875e-6,3890,true
consultas-1-listas-posteo.json,consultas-2-listas-posteo.json,7.0,No Acotada B1,0.0,16,true
consultas-1-listas-posteo.json,consultas-2-listas-posteo.json,7.0,No Acotada B2,0.0,16,true
consultas-1-listas-posteo.json,consultas-2-listas-posteo.json,7.0,SkipList,0.0,7,true
consultas-1-listas-posteo.json,consultas-2-listas-posteo.json,217.0,Binaria Acotada,0.0,14,false
consultas-1-listas-posteo.json,consultas-2-listas-posteo.json,217.0,Secuencial B0,5.9604644775390625e-6,10000,false
consultas-1-listas-posteo.json,consultas-2-listas-posteo.json,217.0,No Acotada B1,0.0,25,false
consultas-1-listas-posteo.json,consultas-2-listas-posteo.json,217.0,No Acotada B2,0.0,25,false
consultas-1-listas-posteo.json,consultas-2-listas-posteo.json,217.0,SkipList,0.0,7,false
consultas-1-listas-posteo.json,consultas-2-listas-posteo.json,108.0,Binaria Acotada,0.0,14,false
consultas-1-listas-posteo.json,consultas-2-listas-posteo.json,108.0,Secuencial B0,5.9604644775390625e-6,10000,false
consultas-1-listas-posteo.json,consultas-2-listas-posteo.json,108.0,No Acotada B1,0.0,25,false
consultas-1-listas-posteo.json,consultas-2-listas-posteo.json,108.0,No Acotada B2,0.0,25,false
consultas-1-listas-posteo.json,consultas-2-listas-posteo.json,108.0,SkipList,0.0,7,false
consultas-1-listas-posteo.json,consultas-2-listas-posteo.json,118.0,Binaria Acotada,0.0,14,false
consultas-1-listas-posteo.json,consultas-2-listas-posteo.json,118.0,Secuencial B0,6.9141387939453125e-6,10000,false
consultas-1-listas-posteo.json,consultas-2-listas-posteo.json,118.0,No Acotada B1,0.0,25,false
consultas-1-listas-posteo.json,consultas-2-listas-posteo.json,118.0,No Acotada B2,0.0,25,false
consultas-1-listas-posteo.json,consultas-2-listas-posteo.json,118.0,SkipList,0.0,7,false
consultas-1-listas-posteo.json,consultas-2-listas-posteo.json,228.0,Binaria Acotada,9.5367431640625e-7,14,false
consultas-1-listas-posteo.json,consultas-2-listas-posteo.json,228.0,Secuencial B0,6.198883056640625e-6,10000,false
consultas-1-listas-posteo.json,consultas-2-listas-posteo.json,228.0,No Acotada B1,0.0,25,false
consultas-1-listas-posteo.json,consultas-2-listas-posteo.json,228.0,No Acotada B2,0.0,25,false
consultas-1-listas-posteo.json,consultas-2-listas-posteo.json,228.0,SkipList,0.0,7,false
consultas-1-listas-posteo.json,consultas-2-listas-posteo.json,42.0,Binaria Acotada,0.0,14,false
consultas-1-listas-posteo.json,consultas-2-listas-posteo.json,42.0,Secuencial B0,6.9141387939453125e-6,10000,false
consultas-1-listas-posteo.json,consultas-2-listas-posteo.json,42.0,No Acotada B1,0.0,25,false
consultas-1-listas-posteo.json,consultas-2-listas-posteo.json,42.0,No Acotada B2,0.0,25,false
consultas-1-listas-posteo.json,consultas-2-listas-posteo.json,42.0,SkipList,0.0,7,false
consultas-1-listas-posteo.json,consultas-2-listas-posteo.json,18.0,Binaria Acotada,0.0,14,false
consultas-1-listas-posteo.json,consultas-2-listas-posteo.json,18.0,Secuencial B0,5.9604644775390625e-6,10000,false
consultas-1-listas-posteo.json,consultas-2-listas-posteo.json,18.0,No Acotada B1,0.0,25,false
consultas-1-listas-posteo.json,consultas-2-listas-posteo.json,18.0,No Acotada B2,0.0,25,false
consultas-1-listas-posteo.json,consultas-2-listas-posteo.json,18.0,SkipList,0.0,7,false
consultas-1-listas-posteo.json,consultas-2-listas-posteo.json,124.0,Binaria Acotada,0.0,14,false
consultas-1-listas-posteo.json,consultas-2-listas-posteo.json,124.0,Secuencial B0,5.9604644775390625e-6,10000,false
consultas-1-listas-posteo.json,consultas-2-listas-posteo.json,124.0,No Acotada B1,0.0,25,false
consultas-1-listas-posteo.json,consultas-2-listas-posteo.json,124.0,No Acotada B2,0.0,25,false
consultas-1-listas-posteo.json,consultas-2-listas-posteo.json,124.0,SkipList,9.5367431640625e-7,7,false
consultas-1-listas-posteo.json,consultas-2-listas-posteo.json,8.0,Binaria Acotada,0.0,1,true
consultas-1-listas-posteo.json,consultas-2-listas-posteo.json,8.0,Secuencial B0,2.86102294921875e-6,4510,true
consultas-1-listas-posteo.json,consultas-2-listas-posteo.json,8.0,No Acotada B1,0.0,15,true
consultas-1-listas-posteo.json,consultas-2-listas-posteo.json,8.0,No Acotada B2,0.0,15,true
consultas-1-listas-posteo.json,consultas-2-listas-posteo.json,8.0,SkipList,9.5367431640625e-7,7,true
consultas-1-listas-posteo.json,consultas-2-listas-posteo.json,88.0,Binaria Acotada,0.0,14,false
consultas-1-listas-posteo.json,consultas-2-listas-posteo.json,88.0,Secuencial B0,6.9141387939453125e-6,10000,false
consultas-1-listas-posteo.json,consultas-2-listas-posteo.json,88.0,No Acotada B1,0.0,25,false
consultas-1-listas-posteo.json,consultas-2-listas-posteo.json,88.0,No Acotada B2,9.5367431640625e-7,25,false
consultas-1-listas-posteo.json,consultas-2-listas-posteo.json,88.0,SkipList,0.0,7,false
consultas-1-listas-posteo.json,consultas-2-listas-posteo.json,221.0,Binaria Acotada,0.0,14,false
consultas-1-listas-posteo.json,consultas-2-listas-posteo.json,221.0,Secuencial B0,5.9604644775390625e-6,10000,false
consultas-1-listas-posteo.json,consultas-2-listas-posteo.json,221.0,No Acotada B1,0.0,25,false
consultas-1-listas-posteo.json,consultas-2-listas-posteo.json,221.0,No Acotada B2,0.0,25,false
consultas-1-listas-posteo.json,consultas-2-listas-posteo.json,221.0,SkipList,9.5367431640625e-7,7,false
consultas-1-listas-posteo.json,consultas-2-listas-posteo.json,122.0,Binaria Acotada,0.0,14,false
consultas-1-listas-posteo.json,consultas-2-listas-posteo.json,122.0,Secuencial B0,7.152557373046875e-6,10000,false
consultas-1-listas-posteo.json,consultas-2-listas-posteo.json,122.0,No Acotada B1,0.0,25,false
consultas-1-listas-posteo.json,consultas-2-listas-posteo.json,122.0,No Acotada B2,0.0,25,false
consultas-1-listas-posteo.json,consultas-2-listas-posteo.json,122.0,SkipList,0.0,7,false
consultas-1-listas-posteo.json,consultas-2-listas-posteo.json,149.0,Binaria Acotada,0.0,14,false
consultas-1-listas-posteo.json,consultas-2-listas-posteo.json,149.0,Secuencial B0,6.9141387939453125e-6,10000,false
consultas-1-listas-posteo.json,consultas-2-listas-posteo.json,149.0,No Acotada B1,0.0,25,false
consultas-1-listas-posteo.json,consultas-2-listas-posteo.json,149.0,No Acotada B2,0.0,25,false
consultas-1-listas-posteo.json,consultas-2-listas-posteo.json,149.0,SkipList,0.0,7,false
consultas-1-listas-posteo.json,consultas-2-listas-posteo.json,32.0,Binaria Acotada,1.1920928955078125e-6,14,false
consultas-1-listas-posteo.json,consultas-2-listas-posteo.json,32.0,Secuencial B0,5.9604644775390625e-6,10000,false
consultas-1-listas-posteo.json,consultas-2-listas-posteo.json,32.0,No Acotada B1,0.0,25,false
consultas-1-listas-posteo.json,consultas-2-listas-posteo.json,32.0,No Acotada B2,0.0,25,false
consultas-1-listas-posteo.json,consultas-2-listas-posteo.json,32.0,SkipList,0.0,7,false
consultas-1-listas-posteo.json,consultas-2-listas-posteo.json,64.0,Binaria Acotada,0.0,14,false
consultas-1-listas-posteo.json,consultas-2-listas-posteo.json,64.0,Secuencial B0,7.152557373046875e-6,10000,false
consultas-1-listas-posteo.json,consultas-2-listas-posteo.json,64.0,No Acotada B1,0.0,25,false
consultas-1-listas-posteo.json,consultas-2-listas-posteo.json,64.0,No Acotada B2,0.0,25,false
consultas-1-listas-posteo.json,consultas-2-listas-posteo.json,64.0,SkipList,0.0,7,false
consultas-1-listas-posteo.json,consultas-2-listas-posteo.json,227.0,Binaria Acotada,0.0,14,false
consultas-1-listas-posteo.json,consultas-2-listas-posteo.json,227.0,Secuencial B0,6.9141387939453125e-6,10000,false
consultas-1-listas-posteo.json,consultas-2-listas-posteo.json,227.0,No Acotada B1,0.0,25,false
consultas-1-listas-posteo.json,consultas-2-listas-posteo.json,227.0,No Acotada B2,0.0,25,false
consultas-1-listas-posteo.json,consultas-2-listas-posteo.json,227.0,SkipList,0.0,7,false
consultas-1-listas-posteo.json,consultas-2-listas-posteo.json,19.0,Binaria Acotada,0.0,14,false
consultas-1-listas-posteo.json,consultas-2-listas-posteo.json,19.0,Secuencial B0,6.198883056640625e-6,10000,false
consultas-1-listas-posteo.json,consultas-2-listas-posteo.json,19.0,No Acotada B1,9.5367431640625e-7,25,false
consultas-1-listas-posteo.json,consultas-2-listas-posteo.json,19.0,No Acotada B2,0.0,25,false
consultas-1-listas-posteo.json,consultas-2-listas-posteo.json,19.0,SkipList,0.0,7,false
consultas-1-listas-posteo.json,consultas-2-listas-posteo.json,144.0,Binaria Acotada,0.0,14,false
consultas-1-listas-posteo.json,consultas-2-listas-posteo.json,144.0,Secuencial B0,5.9604644775390625e-6,10000,false
consultas-1-listas-posteo.json,consultas-2-listas-posteo.json,144.0,No Acotada B1,0.0,25,false
consultas-1-listas-posteo.json,consultas-2-listas-posteo.json,144.0,No Acotada B2,0.0,25,false
consultas-1-listas-posteo.json,consultas-2-listas-posteo.json,144.0,SkipList,0.0,7,false
consultas-1-listas-posteo.json,consultas-2-listas-posteo.json,56.0,Binaria Acotada,0.0,14,false
consultas-1-listas-posteo.json,consultas-2-listas-posteo.json,56.0,Secuencial B0,6.9141387939453125e-6,10000,false
consultas-1-listas-posteo.json,consultas-2-listas-posteo.json,56.0,No Acotada B1,0.0,25,false
consultas-1-listas-posteo.json,consultas-2-listas-posteo.json,56.0,No Acotada B2,9.5367431640625e-7,25,false
consultas-1-listas-posteo.json,consultas-2-listas-posteo.json,56.0,SkipList,0.0,7,false
consultas-1-listas-posteo.json,consultas-2-listas-posteo.json,138.0,Binaria Acotada,0.0,14,false
consultas-1-listas-posteo.json,consultas-2-listas-posteo.json,138.0,Secuencial B0,6.198883056640625e-6,10000,false
consultas-1-listas-posteo.json,consultas-2-listas-posteo.json,138.0,No Acotada B1,9.5367431640625e-7,25,false
consultas-1-listas-posteo.json,consultas-2-listas-posteo.json,138.0,No Acotada B2,0.0,25,false
consultas-1-listas-posteo.json,consultas-2-listas-posteo.json,138.0,SkipList,0.0,7,false
consultas-1-listas-posteo.json,consultas-2-listas-posteo.json,76.0,Binaria Acotada,0.0,14,false
consultas-1-listas-posteo.json,consultas-2-listas-posteo.json,76.0,Secuencial B0,5.9604644775390625e-6,10000,false
consultas-1-listas-posteo.json,consultas-2-listas-posteo.json,76.0,No Acotada B1,0.0,25,false
consultas-1-listas-posteo.json,consultas-2-listas-posteo.json,76.0,No Acotada B2,0.0,25,false
consultas-1-listas-posteo.json,consultas-2-listas-posteo.json,76.0,SkipList,0.0,7,false
consultas-1-listas-posteo.json,consultas-2-listas-posteo.json,212.0,Binaria Acotada,0.0,14,false
consultas-1-listas-posteo.json,consultas-2-listas-posteo.json,212.0,Secuencial B0,5.0067901611328125e-6,10000,false
consultas-1-listas-posteo.json,consultas-2-listas-posteo.json,212.0,No Acotada B1,0.0,25,false
consultas-1-listas-posteo.json,consultas-2-listas-posteo.json,212.0,No Acotada B2,0.0,25,false
consultas-1-listas-posteo.json,consultas-2-listas-posteo.json,212.0,SkipList,0.0,7,false
consultas-1-listas-posteo.json,consultas-2-listas-posteo.json,79.0,Binaria Acotada,0.0,14,false
consultas-1-listas-posteo.json,consultas-2-listas-posteo.json,79.0,Secuencial B0,5.9604644775390625e-6,10000,false
consultas-1-listas-posteo.json,consultas-2-listas-posteo.json,79.0,No Acotada B1,0.0,25,false
consultas-1-listas-posteo.json,consultas-2-listas-posteo.json,79.0,No Acotada B2,0.0,25,false
consultas-1-listas-posteo.json,consultas-2-listas-posteo.json,79.0,SkipList,0.0,7,false
consultas-1-listas-posteo.json,consultas-2-listas-posteo.json,226.0,Binaria Acotada,0.0,14,false
consultas-1-listas-posteo.json,consultas-2-listas-posteo.json,226.0,Secuencial B0,6.9141387939453125e-6,10000,false
consultas-1-listas-posteo.json,consultas-2-listas-posteo.json,226.0,No Acotada B1,0.0,25,false
consultas-1-listas-posteo.json,consultas-2-listas-posteo.json,226.0,No Acotada B2,9.5367431640625e-7,25,false
consultas-1-listas-posteo.json,consultas-2-listas-posteo.json,226.0,SkipList,0.0,7,false
consultas-1-listas-posteo.json,consultas-2-listas-posteo.json,56.0,Binaria Acotada,0.0,14,false
consultas-1-listas-posteo.json,consultas-2-listas-posteo.json,56.0,Secuencial B0,5.9604644775390625e-6,10000,false
consultas-1-listas-posteo.json,consultas-2-listas-posteo.json,56.0,No Acotada B1,9.5367431640625e-7,25,false
consultas-1-listas-posteo.json,consultas-2-listas-posteo.json,56.0,No Acotada B2,0.0,25,false
consultas-1-listas-posteo.json,consultas-2-listas-posteo.json,56.0,SkipList,0.0,7,false
consultas-1-listas-posteo.json,consultas-2-listas-posteo.json,47.0,Binaria Acotada,0.0,14,false
consultas-1-listas-posteo.json,consultas-2-listas-posteo.json,47.0,Secuencial B0,5.9604644775390625e-6,10000,false
consultas-1-listas-posteo.json,consultas-2-listas-posteo.json,47.0,No Acotada B1,0.0,25,false
consultas-1-listas-posteo.json,consultas-2-listas-posteo.json,47.0,No Acotada B2,0.0,25,false
consultas-1-listas-posteo.json,consultas-2-listas-posteo.json,47.0,SkipList,0.0,7,false
consultas-1-listas-posteo.json,consultas-2-listas-posteo.json,32.0,Binaria Acotada,0.0,14,false
consultas-1-listas-posteo.json,consultas-2-listas-posteo.json,32.0,Secuencial B0,6.9141387939453125e-6,10000,false
consultas-1-listas-posteo.json,consultas-2-listas-posteo.json,32.0,No Acotada B1,0.0,25,false
consultas-1-listas-posteo.json,consultas-2-listas-posteo.json,32.0,No Acotada B2,9.5367431640625e-7,25,false
consultas-1-listas-posteo.json,consultas-2-listas-posteo.json,32.0,SkipList,0.0,7,false
consultas-1-listas-posteo.json,consultas-2-listas-posteo.json,199.0,Binaria Acotada,9.5367431640625e-7,14,false
consultas-1-listas-posteo.json,consultas-2-listas-posteo.json,199.0,Secuencial B0,6.198883056640625e-6,10000,false
consultas-1-listas-posteo.json,consultas-2-listas-posteo.json,199.0,No Acotada B1,0.0,25,false
consultas-1-listas-posteo.json,consultas-2-listas-posteo.json,199.0,No Acotada B2,0.0,25,false
consultas-1-listas-posteo.json,consultas-2-listas-posteo.json,199.0,SkipList,9.5367431640625e-7,7,false
consultas-1-listas-posteo.json,consultas-2-listas-posteo.json,130.0,Binaria Acotada,0.0,14,false
consultas-1-listas-posteo.json,consultas-2-listas-posteo.json,130.0,Secuencial B0,6.9141387939453125e-6,10000,false
consultas-1-listas-posteo.json,consultas-2-listas-posteo.json,130.0,No Acotada B1,0.0,25,false
consultas-1-listas-posteo.json,consultas-2-listas-posteo.json,130.0,No Acotada B2,0.0,25,false
consultas-1-listas-posteo.json,consultas-2-listas-posteo.json,130.0,SkipList,0.0,7,false
consultas-1-listas-posteo.json,consultas-2-listas-posteo.json,95.0,Binaria Acotada,0.0,14,false
consultas-1-listas-posteo.json,consultas-2-listas-posteo.json,95.0,Secuencial B0,6.9141387939453125e-6,10000,false
consultas-1-listas-posteo.json,consultas-2-listas-posteo.json,95.0,No Acotada B1,0.0,25,false
consultas-1-listas-posteo.json,consultas-2-listas-posteo.json,95.0,No Acotada B2,0.0,25,false
consultas-1-listas-posteo.json,consultas-2-listas-posteo.json,95.0,SkipList,0.0,7,false
consultas-1-listas-posteo.json,consultas-2-listas-posteo.json,26.0,Binaria Acotada,9.5367431640625e-7,14,false
consultas-1-listas-posteo.json,consultas-2-listas-posteo.json,26.0,Secuencial B0,6.198883056640625e-6,10000,false
consultas-1-listas-posteo.json,consultas-2-listas-posteo.json,26.0,No Acotada B1,0.0,25,false
consultas-1-listas-posteo.json,consultas-2-listas-posteo.json,26.0,No Acotada B2,0.0,25,false
consultas-1-listas-posteo.json,consultas-2-listas-posteo.json,26.0,SkipList,0.0,7,false
consultas-1-listas-posteo.json,consultas-2-listas-posteo.json,182.0,Binaria Acotada,0.0,14,false
consultas-1-listas-posteo.json,consultas-2-listas-posteo.json,182.0,Secuencial B0,6.9141387939453125e-6,10000,false
consultas-1-listas-posteo.json,consultas-2-listas-posteo.json,182.0,No Acotada B1,0.0,25,false
consultas-1-listas-posteo.json,consultas-2-listas-posteo.json,182.0,No Acotada B2,0.0,25,false
consultas-1-listas-posteo.json,consultas-2-listas-posteo.json,182.0,SkipList,0.0,7,false
consultas-1-listas-posteo.json,consultas-2-listas-posteo.json,151.0,Binaria Acotada,1.1920928955078125e-6,14,false
consultas-1-listas-posteo.json,consultas-2-listas-posteo.json,151.0,Secuencial B0,5.9604644775390625e-6,10000,false
consultas-1-listas-posteo.json,consultas-2-listas-posteo.json,151.0,No Acotada B1,9.5367431640625e-7,25,false
consultas-1-listas-posteo.json,consultas-2-listas-posteo.json,151.0,No Acotada B2,0.0,25,false
consultas-1-listas-posteo.json,consultas-2-listas-posteo.json,151.0,SkipList,9.5367431640625e-7,7,false
consultas-1-listas-posteo.json,consultas-2-listas-posteo.json,5.0,Binaria Acotada,0.0,4,true
consultas-1-listas-posteo.json,consultas-2-listas-posteo.json,5.0,Secuencial B0,2.1457672119140625e-6,2637,true
consultas-1-listas-posteo.json,consultas-2-listas-posteo.json,5.0,No Acotada B1,0.0,13,true
consultas-1-listas-posteo.json,consultas-2-listas-posteo.json,5.0,No Acotada B2,0.0,13,true
consultas-1-listas-posteo.json,consultas-2-listas-posteo.json,5.0,SkipList,9.5367431640625e-7,7,true
consultas-1-listas-posteo.json,consultas-2-listas-posteo.json,69.0,Binaria Acotada,0.0,14,false
consultas-1-listas-posteo.json,consultas-2-listas-posteo.json,69.0,Secuencial B0,5.0067901611328125e-6,10000,false
consultas-1-listas-posteo.json,consultas-2-listas-posteo.json,69.0,No Acotada B1,0.0,25,false
consultas-1-listas-posteo.json,consultas-2-listas-posteo.json,69.0,No Acotada B2,0.0,25,false
consultas-1-listas-posteo.json,consultas-2-listas-posteo.json,69.0,SkipList,9.5367431640625e-7,7,false
consultas-1-listas-posteo.json,consultas-2-listas-posteo.json,28.0,Binaria Acotada,0.0,14,false
consultas-1-listas-posteo.json,consultas-2-listas-posteo.json,28.0,Secuencial B0,7.152557373046875e-6,10000,false
consultas-1-listas-posteo.json,consultas-2-listas-posteo.json,28.0,No Acotada B1,0.0,25,false
consultas-1-listas-posteo.json,consultas-2-listas-posteo.json,28.0,No Acotada B2,9.5367431640625e-7,25,false
consultas-1-listas-posteo.json,consultas-2-listas-posteo.json,28.0,SkipList,0.0,7,false
consultas-1-listas-posteo.json,consultas-2-listas-posteo.json,215.0,Binaria Acotada,0.0,14,false
consultas-1-listas-posteo.json,consultas-2-listas-posteo.json,215.0,Secuencial B0,5.9604644775390625e-6,10000,false
consultas-1-listas-posteo.json,consultas-2-listas-posteo.json,215.0,No Acotada B1,0.0,25,false
consultas-1-listas-posteo.json,consultas-2-listas-posteo.json,215.0,No Acotada B2,0.0,25,false
consultas-1-listas-posteo.json,consultas-2-listas-posteo.json,215.0,SkipList,0.0,7,false
consultas-1-listas-posteo.json,consultas-2-listas-posteo.json,103.0,Binaria Acotada,0.0,14,false
consultas-1-listas-posteo.json,consultas-2-listas-posteo.json,103.0,Secuencial B0,5.9604644775390625e-6,10000,false
consultas-1-listas-posteo.json,consultas-2-listas-posteo.json,103.0,No Acotada B1,0.0,25,false
consultas-1-listas-posteo.json,consultas-2-listas-posteo.json,103.0,No Acotada B2,0.0,25,false
consultas-1-listas-posteo.json,consultas-2-listas-posteo.json,103.0,SkipList,9.5367431640625e-7,7,false
consultas-1-listas-posteo.json,consultas-2-listas-posteo.json,236.0,Binaria Acotada,0.0,14,false
consultas-1-listas-posteo.json,consultas-2-listas-posteo.json,236.0,Secuencial B0,7.152557373046875e-6,10000,false
consultas-1-listas-posteo.json,consultas-2-listas-posteo.json,236.0,No Acotada B1,0.0,25,false
consultas-1-listas-posteo.json,consultas-2-listas-posteo.json,236.0,No Acotada B2,0.0,25,false
consultas-1-listas-posteo.json,consultas-2-listas-posteo.json,236.0,SkipList,0.0,7,false
consultas-1-listas-posteo.json,consultas-2-listas-posteo.json,125.0,Binaria Acotada,0.0,14,false
consultas-1-listas-posteo.json,consultas-2-listas-posteo.json,125.0,Secuencial B0,5.9604644775390625e-6,10000,false
consultas-1-listas-posteo.json,consultas-2-listas-posteo.json,125.0,No Acotada B1,0.0,25,false
consultas-1-listas-posteo.json,consultas-2-listas-posteo.json,125.0,No Acotada B2,0.0,25,false
consultas-1-listas-posteo.json,consultas-2-listas-posteo.json,125.0,SkipList,0.0,7,false
consultas-1-listas-posteo.json,consultas-2-listas-posteo.json,93.0,Binaria Acotada,0.0,14,false
consultas-1-listas-posteo.json,consultas-2-listas-posteo.json,93.0,Secuencial B0,5.9604644775390625e-6,10000,false
consultas-1-listas-posteo.json,consultas-2-listas-posteo.json,93.0,No Acotada B1,0.0,25,false
consultas-1-listas-posteo.json,consultas-2-listas-posteo.json,93.0,No Acotada B2,0.0,25,false
consultas-1-listas-posteo.json,consultas-2-listas-posteo.json,93.0,SkipList,9.5367431640625e-7,7,false
consultas-1-listas-posteo.json,consultas-2-listas-posteo.json,66.0,Binaria Acotada,0.0,14,false
consultas-1-listas-posteo.json,consultas-2-listas-posteo.json,66.0,Secuencial B0,6.9141387939453125e-6,10000,false
consultas-1-listas-posteo.json,consultas-2-listas-posteo.json,66.0,No Acotada B1,0.0,25,false
consultas-1-listas-posteo.json,consultas-2-listas-posteo.json,66.0,No Acotada B2,0.0,25,false
consultas-1-listas-posteo.json,consultas-2-listas-posteo.json,66.0,SkipList,0.0,7,false
consultas-1-listas-posteo.json,consultas-2-listas-posteo.json,41.0,Binaria Acotada,0.0,14,false
consultas-1-listas-posteo.json,consultas-2-listas-posteo.json,41.0,Secuencial B0,5.9604644775390625e-6,10000,false
consultas-1-listas-posteo.json,consultas-2-listas-posteo.json,41.0,No Acotada B1,0.0,25,false
consultas-1-listas-posteo.json,consultas-2-listas-posteo.json,41.0,No Acotada B2,0.0,25,false
consultas-1-listas-posteo.json,consultas-2-listas-posteo.json,41.0,SkipList,0.0,7,false
consultas-1-listas-posteo.json,consultas-2-listas-posteo.json,52.0,Binaria Acotada,0.0,14,false
consultas-1-listas-posteo.json,consultas-2-listas-posteo.json,52.0,Secuencial B0,6.198883056640625e-6,10000,false
consultas-1-listas-posteo.json,consultas-2-listas-posteo.json,52.0,No Acotada B1,0.0,25,false
consultas-1-listas-posteo.json,consultas-2-listas-posteo.json,52.0,No Acotada B2,0.0,25,false
consultas-1-listas-posteo.json,consultas-2-listas-posteo.json,52.0,SkipList,9.5367431640625e-7,7,false
consultas-1-listas-posteo.json,consultas-2-listas-posteo.json,192.0,Binaria Acotada,0.0,14,false
consultas-1-listas-posteo.json,consultas-2-listas-posteo.json,192.0,Secuencial B0,6.9141387939453125e-6,10000,false
consultas-1-listas-posteo.json,consultas-2-listas-posteo.json,192.0,No Acotada B1,0.0,25,false
consultas-1-listas-posteo.json,consultas-2-listas-posteo.json,192.0,No Acotada B2,0.0,25,false
consultas-1-listas-posteo.json,consultas-2-listas-posteo.json,192.0,SkipList,0.0,7,false
consultas-1-listas-posteo.json,consultas-2-listas-posteo.json,186.0,Binaria Acotada,0.0,14,false
consultas-1-listas-posteo.json,consultas-2-listas-posteo.json,186.0,Secuencial B0,5.0067901611328125e-6,10000,false
consultas-1-listas-posteo.json,consultas-2-listas-posteo.json,186.0,No Acotada B1,0.0,25,false
consultas-1-listas-posteo.json,consultas-2-listas-posteo.json,186.0,No Acotada B2,0.0,25,false
consultas-1-listas-posteo.json,consultas-2-listas-posteo.json,186.0,SkipList,0.0,7,false
consultas-1-listas-posteo.json,consultas-2-listas-posteo.json,98.0,Binaria Acotada,0.0,14,false
consultas-1-listas-posteo.json,consultas-2-listas-posteo.json,98.0,Secuencial B0,5.9604644775390625e-6,10000,false
consultas-1-listas-posteo.json,consultas-2-listas-posteo.json,98.0,No Acotada B1,0.0,25,false
consultas-1-listas-posteo.json,consultas-2-listas-posteo.json,98.0,No Acotada B2,0.0,25,false
consultas-1-listas-posteo.json,consultas-2-listas-posteo.json,98.0,SkipList,0.0,7,false
consultas-1-listas-posteo.json,consultas-2-listas-posteo.json,65.0,Binaria Acotada,0.0,14,false
consultas-1-listas-posteo.json,consultas-2-listas-posteo.json,65.0,Secuencial B0,5.9604644775390625e-6,10000,false
consultas-1-listas-posteo.json,consultas-2-listas-posteo.json,65.0,No Acotada B1,0.0,25,false
consultas-1-listas-posteo.json,consultas-2-listas-posteo.json,65.0,No Acotada B2,0.0,25,false
consultas-1-listas-posteo.json,consultas-2-listas-posteo.json,65.0,SkipList,9.5367431640625e-7,7,false
consultas-1-listas-posteo.json,consultas-2-listas-posteo.json,129.0,Binaria Acotada,0.0,14,false
consultas-1-listas-posteo.json,consultas-2-listas-posteo.json,129.0,Secuencial B0,5.0067901611328125e-6,10000,false
consultas-1-listas-posteo.json,consultas-2-listas-posteo.json,129.0,No Acotada B1,0.0,25,false
consultas-1-listas-posteo.json,consultas-2-listas-posteo.json,129.0,No Acotada B2,0.0,25,false
consultas-1-listas-posteo.json,consultas-2-listas-posteo.json,129.0,SkipList,9.5367431640625e-7,7,false
consultas-1-listas-posteo.json,consultas-2-listas-posteo.json,79.0,Binaria Acotada,0.0,14,false
consultas-1-listas-posteo.json,consultas-2-listas-posteo.json,79.0,Secuencial B0,7.152557373046875e-6,10000,false
consultas-1-listas-posteo.json,consultas-2-listas-posteo.json,79.0,No Acotada B1,0.0,25,false
consultas-1-listas-posteo.json,consultas-2-listas-posteo.json,79.0,No Acotada B2,9.5367431640625e-7,25,false
consultas-1-listas-posteo.json,consultas-2-listas-posteo.json,79.0,SkipList,0.0,7,false
consultas-1-listas-posteo.json,consultas-2-listas-posteo.json,88.0,Binaria Acotada,0.0,14,false
consultas-1-listas-posteo.json,consultas-2-listas-posteo.json,88.0,Secuencial B0,5.9604644775390625e-6,10000,false
consultas-1-listas-posteo.json,consultas-2-listas-posteo.json,88.0,No Acotada B1,0.0,25,false
consultas-1-listas-posteo.json,consultas-2-listas-posteo.json,88.0,No Acotada B2,0.0,25,false
consultas-1-listas-posteo.json,consultas-2-listas-posteo.json,88.0,SkipList,0.0,7,false
consultas-1-listas-posteo.json,consultas-2-listas-posteo.json,163.0,Binaria Acotada,0.0,14,false
consultas-1-listas-posteo.json,consultas-2-listas-posteo.json,163.0,Secuencial B0,5.9604644775390625e-6,10000,false
consultas-1-listas-posteo.json,consultas-2-listas-posteo.json,163.0,No Acotada B1,0.0,25,false
consultas-1-listas-posteo.json,consultas-2-listas-posteo.json,163.0,No Acotada B2,0.0,25,false
consultas-1-listas-posteo.json,consultas-2-listas-posteo.json,163.0,SkipList,9.5367431640625e-7,7,false
consultas-1-listas-posteo.json,consultas-2-listas-posteo.json,124.0,Binaria Acotada,0.0,14,false
consultas-1-listas-posteo.json,consultas-2-listas-posteo.json,124.0,Secuencial B0,7.152557373046875e-6,10000,false
consultas-1-listas-posteo.json,consultas-2-listas-posteo.json,124.0,No Acotada B1,0.0,25,false
consultas-1-listas-posteo.json,consultas-2-listas-posteo.json,124.0,No Acotada B2,0.0,25,false
consultas-1-listas-posteo.json,consultas-2-listas-posteo.json,124.0,SkipList,0.0,7,false
consultas-1-listas-posteo.json,consultas-2-listas-posteo.json,216.0,Binaria Acotada,0.0,14,false
consultas-1-listas-posteo.json,consultas-2-listas-posteo.json,216.0,Secuencial B0,5.0067901611328125e-6,10000,false
consultas-1-listas-posteo.json,consultas-2-listas-posteo.json,216.0,No Acotada B1,0.0,25,false
consultas-1-listas-posteo.json,consultas-2-listas-posteo.json,216.0,No Acotada B2,0.0,25,false
consultas-1-listas-posteo.json,consultas-2-listas-posteo.json,216.0,SkipList,0.0,7,false
consultas-1-listas-posteo.json,consultas-2-listas-posteo.json,49.0,Binaria Acotada,0.0,14,false
consultas-1-listas-posteo.json,consultas-2-listas-posteo.json,49.0,Secuencial B0,7.152557373046875e-6,10000,false
consultas-1-listas-posteo.json,consultas-2-listas-posteo.json,49.0,No Acotada B1,0.0,25,false
consultas-1-listas-posteo.json,consultas-2-listas-posteo.json,49.0,No Acotada B2,0.0,25,false
consultas-1-listas-posteo.json,consultas-2-listas-posteo.json,49.0,SkipList,0.0,7,false
consultas-1-listas-posteo.json,consultas-2-listas-posteo.json,114.0,Binaria Acotada,0.0,14,false
consultas-1-listas-posteo.json,consultas-2-listas-posteo.json,114.0,Secuencial B0,6.9141387939453125e-6,10000,false
consultas-1-listas-posteo.json,consultas-2-listas-posteo.json,114.0,No Acotada B1,0.0,25,false
consultas-1-listas-posteo.json,consultas-2-listas-posteo.json,114.0,No Acotada B2,0.0,25,false
consultas-1-listas-posteo.json,consultas-2-listas-posteo.json,114.0,SkipList,0.0,7,false
consultas-1-listas-posteo.json,consultas-2-listas-posteo.json,21.0,Binaria Acotada,9.5367431640625e-7,14,false
consultas-1-listas-posteo.json,consultas-2-listas-posteo.json,21.0,Secuencial B0,5.9604644775390625e-6,10000,false
consultas-1-listas-posteo.json,consultas-2-listas-posteo.json,21.0,No Acotada B1,0.0,25,false
consultas-1-listas-posteo.json,consultas-2-listas-posteo.json,21.0,No Acotada B2,0.0,25,false
consultas-1-listas-posteo.json,consultas-2-listas-posteo.json,21.0,SkipList,0.0,7,false
consultas-1-listas-posteo.json,consultas-2-listas-posteo.json,235.0,Binaria Acotada,0.0,14,false
consultas-1-listas-posteo.json,consultas-2-listas-posteo.json,235.0,Secuencial B0,7.152557373046875e-6,10000,false
consultas-1-listas-posteo.json,consultas-2-listas-posteo.json,235.0,No Acotada B1,0.0,25,false
consultas-1-listas-posteo.json,consultas-2-listas-posteo.json,235.0,No Acotada B2,0.0,25,false
consultas-1-listas-posteo.json,consultas-2-listas-posteo.json,235.0,SkipList,0.0,7,false
consultas-1-listas-posteo.json,consultas-2-listas-posteo.json,209.0,Binaria Acotada,0.0,14,false
consultas-1-listas-posteo.json,consultas-2-listas-posteo.json,209.0,Secuencial B0,6.9141387939453125e-6,10000,false
consultas-1-listas-posteo.json,consultas-2-listas-posteo.json,209.0,No Acotada B1,0.0,25,false
consultas-1-listas-posteo.json,consultas-2-listas-posteo.json,209.0,No Acotada B2,9.5367431640625e-7,25,false
consultas-1-listas-posteo.json,consultas-2-listas-posteo.json,209.0,SkipList,0.0,7,false
consultas-1-listas-posteo.json,consultas-2-listas-posteo.json,40.0,Binaria Acotada,0.0,14,false
consultas-1-listas-posteo.json,consultas-2-listas-posteo.json,40.0,Secuencial B0,5.0067901611328125e-6,10000,false
consultas-1-listas-posteo.json,consultas-2-listas-posteo.json,40.0,No Acotada B1,0.0,25,false
consultas-1-listas-posteo.json,consultas-2-listas-posteo.json,40.0,No Acotada B2,0.0,25,false
consultas-1-listas-posteo.json,consultas-2-listas-posteo.json,40.0,SkipList,0.0,7,false
consultas-1-listas-posteo.json,consultas-2-listas-posteo.json,185.0,Binaria Acotada,0.0,14,false
consultas-1-listas-posteo.json,consultas-2-listas-posteo.json,185.0,Secuencial B0,5.9604644775390625e-6,10000,false
consultas-1-listas-posteo.json,consultas-2-listas-posteo.json,185.0,No Acotada B1,0.0,25,false
consultas-1-listas-posteo.json,consultas-2-listas-posteo.json,185.0,No Acotada B2,0.0,25,false
consultas-1-listas-posteo.json,consultas-2-listas-posteo.json,185.0,SkipList,0.0,7,false
consultas-1-listas-posteo.json,consultas-2-listas-posteo.json,110.0,Binaria Acotada,0.0,14,false
consultas-1-listas-posteo.json,consultas-2-listas-posteo.json,110.0,Secuencial B0,6.9141387939453125e-6,10000,false
consultas-1-listas-posteo.json,consultas-2-listas-posteo.json,110.0,No Acotada B1,0.0,25,false
consultas-1-listas-posteo.json,consultas-2-listas-posteo.json,110.0,No Acotada B2,0.0,25,false
consultas-1-listas-posteo.json,consultas-2-listas-posteo.json,110.0,SkipList,0.0,7,false
consultas-1-listas-posteo.json,consultas-2-listas-posteo.json,141.0,Binaria Acotada,0.0,14,false
consultas-1-listas-posteo.json,consultas-2-listas-posteo.json,141.0,Secuencial B0,6.9141387939453125e-6,10000,false
consultas-1-listas-posteo.json,consultas-2-listas-posteo.json,141.0,No Acotada B1,0.0,25,false
consultas-1-listas-posteo.json,consultas-2-listas-posteo.json,141.0,No Acotada B2,0.0,25,false
consultas-1-listas-posteo.json,consultas-2-listas-posteo.json,141.0,SkipList,0.0,7,false
consultas-1-listas-posteo.json,consultas-2-listas-posteo.json,208.0,Binaria Acotada,9.5367431640625e-7,14,false
consultas-1-listas-posteo.json,consultas-2-listas-posteo.json,208.0,Secuencial B0,5.9604644775390625e-6,10000,false
consultas-1-listas-posteo.json,consultas-2-listas-posteo.json,208.0,No Acotada B1,9.5367431640625e-7,25,false
consultas-1-listas-posteo.json,consultas-2-listas-posteo.json,208.0,No Acotada B2,0.0,25,false
consultas-1-listas-posteo.json,consultas-2-listas-posteo.json,208.0,SkipList,0.0,7,false
consultas-1-listas-posteo.json,consultas-2-listas-posteo.json,21.0,Binaria Acotada,0.0,14,false
consultas-1-listas-posteo.json,consultas-2-listas-posteo.json,21.0,Secuencial B0,6.198883056640625e-6,10000,false
consultas-1-listas-posteo.json,consultas-2-listas-posteo.json,21.0,No Acotada B1,0.0,25,false
consultas-1-listas-posteo.json,consultas-2-listas-posteo.json,21.0,No Acotada B2,0.0,25,false
consultas-1-listas-posteo.json,consultas-2-listas-posteo.json,21.0,SkipList,0.0,7,false
consultas-1-listas-posteo.json,consultas-2-listas-posteo.json,80.0,Binaria Acotada,0.0,14,false
consultas-1-listas-posteo.json,consultas-2-listas-posteo.json,80.0,Secuencial B0,6.9141387939453125e-6,10000,false
consultas-1-listas-posteo.json,consultas-2-listas-posteo.json,80.0,No Acotada B1,0.0,25,false
consultas-1-listas-posteo.json,consultas-2-listas-posteo.json,80.0,No Acotada B2,1.1920928955078125e-6,25,false
consultas-1-listas-posteo.json,consultas-2-listas-posteo.json,80.0,SkipList,0.0,7,false
consultas-1-listas-posteo.json,consultas-2-listas-posteo.json,65.0,Binaria Acotada,0.0,14,false
consultas-1-listas-posteo.json,consultas-2-listas-posteo.json,65.0,Secuencial B0,5.9604644775390625e-6,10000,false
consultas-1-listas-posteo.json,consultas-2-listas-posteo.json,65.0,No Acotada B1,9.5367431640625e-7,25,false
consultas-1-listas-posteo.json,consultas-2-listas-posteo.json,65.0,No Acotada B2,0.0,25,false
consultas-1-listas-posteo.json,consultas-2-listas-posteo.json,65.0,SkipList,0.0,7,false
consultas-1-listas-posteo.json,consultas-2-listas-posteo.json,89.0,Binaria Acotada,0.0,14,false
consultas-1-listas-posteo.json,consultas-2-listas-posteo.json,89.0,Secuencial B0,5.9604644775390625e-6,10000,false
consultas-1-listas-posteo.json,consultas-2-listas-posteo.json,89.0,No Acotada B1,0.0,25,false
consultas-1-listas-posteo.json,consultas-2-listas-posteo.json,89.0,No Acotada B2,0.0,25,false
consultas-1-listas-posteo.json,consultas-2-listas-posteo.json,89.0,SkipList,0.0,7,false
consultas-1-listas-posteo.json,consultas-2-listas-posteo.json,79.0,Binaria Acotada,0.0,14,false
consultas-1-listas-posteo.json,consultas-2-listas-posteo.json,79.0,Secuencial B0,6.9141387939453125e-6,10000,false
consultas-1-listas-posteo.json,consultas-2-listas-posteo.json,79.0,No Acotada B1,0.0,25,false
consultas-1-listas-posteo.json,consultas-2-listas-posteo.json,79.0,No Acotada B2,9.5367431640625e-7,25,false
consultas-1-listas-posteo.json,consultas-2-listas-posteo.json,79.0,SkipList,0.0,7,false
consultas-1-listas-posteo.json,consultas-4-listas-posteo.json,39835.0,Binaria Acotada,0.0,14,false
consultas-1-listas-posteo.json,consultas-4-listas-posteo.json,39835.0,Secuencial B0,5.9604644775390625e-6,10000,false
consultas-1-listas-posteo.json,consultas-4-listas-posteo.json,39835.0,No Acotada B1,0.0,25,false
consultas-1-listas-posteo.json,consultas-4-listas-posteo.json,39835.0,No Acotada B2,0.0,25,false
consultas-1-listas-posteo.json,consultas-4-listas-posteo.json,39835.0,SkipList,9.5367431640625e-7,7,false
consultas-1-listas-posteo.json,consultas-4-listas-posteo.json,37103.0,Binaria Acotada,0.0,14,false
consultas-1-listas-posteo.json,consultas-4-listas-posteo.json,37103.0,Secuencial B0,6.9141387939453125e-6,10000,false
consultas-1-listas-posteo.json,consultas-4-listas-posteo.json,37103.0,No Acotada B1,0.0,25,false
consultas-1-listas-posteo.json,consultas-4-listas-posteo.json,37103.0,No Acotada B2,0.0,25,false
consultas-1-listas-posteo.json,consultas-4-listas-posteo.json,37103.0,SkipList,0.0,7,false
consultas-1-listas-posteo.json,consultas-4-listas-posteo.json,20584.0,Binaria Acotada,0.0,14,false
consultas-1-listas-posteo.json,consultas-4-listas-posteo.json,20584.0,Secuencial B0,5.9604644775390625e-6,10000,false
consultas-1-listas-posteo.json,consultas-4-listas-posteo.json,20584.0,No Acotada B1,0.0,25,false
consultas-1-listas-posteo.json,consultas-4-listas-posteo.json,20584.0,No Acotada B2,0.0,25,false
consultas-1-listas-posteo.json,consultas-4-listas-posteo.json,20584.0,SkipList,0.0,7,false
consultas-1-listas-posteo.json,consultas-4-listas-posteo.json,11036.0,Binaria Acotada,9.5367431640625e-7,14,false
consultas-1-listas-posteo.json,consultas-4-listas-posteo.json,11036.0,Secuencial B0,6.198883056640625e-6,10000,false
consultas-1-listas-posteo.json,consultas-4-listas-posteo.json,11036.0,No Acotada B1,0.0,25,false
consultas-1-listas-posteo.json,consultas-4-listas-posteo.json,11036.0,No Acotada B2,0.0,25,false
consultas-1-listas-posteo.json,consultas-4-listas-posteo.json,11036.0,SkipList,0.0,7,false
consultas-1-listas-posteo.json,consultas-4-listas-posteo.json,3086.0,Binaria Acotada,0.0,14,false
consultas-1-listas-posteo.json,consultas-4-listas-posteo.json,3086.0,Secuencial B0,5.9604644775390625e-6,10000,false
consultas-1-listas-posteo.json,consultas-4-listas-posteo.json,3086.0,No Acotada B1,0.0,25,false
consultas-1-listas-posteo.json,consultas-4-listas-posteo.json,3086.0,No Acotada B2,0.0,25,false
consultas-1-listas-posteo.json,consultas-4-listas-posteo.json,3086.0,SkipList,0.0,7,false
consultas-1-listas-posteo.json,consultas-4-listas-posteo.json,26699.0,Binaria Acotada,0.0,14,false
consultas-1-listas-posteo.json,consultas-4-listas-posteo.json,26699.0,Secuencial B0,5.0067901611328125e-6,10000,false
consultas-1-listas-posteo.json,consultas-4-listas-posteo.json,26699.0,No Acotada B1,0.0,25,false
consultas-1-listas-posteo.json,consultas-4-listas-posteo.json,26699.0,No Acotada B2,0.0,25,false
consultas-1-listas-posteo.json,consultas-4-listas-posteo.json,26699.0,SkipList,0.0,7,false
consultas-1-listas-posteo.json,consultas-4-listas-posteo.json,9561.0,Binaria Acotada,0.0,14,false
consultas-1-listas-posteo.json,consultas-4-listas-posteo.json,9561.0,Secuencial B0,5.0067901611328125e-6,10000,false
consultas-1-listas-posteo.json,consultas-4-listas-posteo.json,9561.0,No Acotada B1,0.0,25,false
consultas-1-listas-posteo.json,consultas-4-listas-posteo.json,9561.0,No Acotada B2,0.0,25,false
consultas-1-listas-posteo.json,consultas-4-listas-posteo.json,9561.0,SkipList,0.0,7,false
consultas-1-listas-posteo.json,consultas-4-listas-posteo.json,36445.0,Binaria Acotada,0.0,14,false
consultas-1-listas-posteo.json,consultas-4-listas-posteo.json,36445.0,Secuencial B0,7.152557373046875e-6,10000,false
consultas-1-listas-posteo.json,consultas-4-listas-posteo.json,36445.0,No Acotada B1,0.0,25,false
consultas-1-listas-posteo.json,consultas-4-listas-posteo.json,36445.0,No Acotada B2,0.0,25,false
consultas-1-listas-posteo.json,consultas-4-listas-posteo.json,36445.0,SkipList,0.0,7,false
consultas-1-listas-posteo.json,consultas-4-listas-posteo.json,2853.0,Binaria Acotada,0.0,14,false
consultas-1-listas-posteo.json,consultas-4-listas-posteo.json,2853.0,Secuencial B0,5.9604644775390625e-6,10000,false
consultas-1-listas-posteo.json,consultas-4-listas-posteo.json,2853.0,No Acotada B1,0.0,25,false
consultas-1-listas-posteo.json,consultas-4-listas-posteo.json,2853.0,No Acotada B2,0.0,25,false
consultas-1-listas-posteo.json,consultas-4-listas-posteo.json,2853.0,SkipList,0.0,7,false
consultas-1-listas-posteo.json,consultas-4-listas-posteo.json,27873.0,Binaria Acotada,9.5367431640625e-7,14,false
consultas-1-listas-posteo.json,consultas-4-listas-posteo.json,27873.0,Secuencial B0,5.9604644775390625e-6,10000,false
consultas-1-listas-posteo.json,consultas-4-listas-posteo.json,27873.0,No Acotada B1,9.5367431640625e-7,25,false
consultas-1-listas-posteo.json,consultas-4-listas-posteo.json,27873.0,No Acotada B2,0.0,25,false
consultas-1-listas-posteo.json,consultas-4-listas-posteo.json,27873.0,SkipList,0.0,7,false
consultas-1-listas-posteo.json,consultas-4-listas-posteo.json,2216.0,Binaria Acotada,0.0,14,false
consultas-1-listas-posteo.json,consultas-4-listas-posteo.json,2216.0,Secuencial B0,7.152557373046875e-6,10000,false
consultas-1-listas-posteo.json,consultas-4-listas-posteo.json,2216.0,No Acotada B1,0.0,25,false
consultas-1-listas-posteo.json,consultas-4-listas-posteo.json,2216.0,No Acotada B2,0.0,25,false
consultas-1-listas-posteo.json,consultas-4-listas-posteo.json,2216.0,SkipList,0.0,7,false
consultas-1-listas-posteo.json,consultas-4-listas-posteo.json,1500.0,Binaria Acotada,0.0,14,false
consultas-1-listas-posteo.json,consultas-4-listas-posteo.json,1500.0,Secuencial B0,6.9141387939453125e-6,10000,false
consultas-1-listas-posteo.json,consultas-4-listas-posteo.json,1500.0,No Acotada B1,0.0,25,false
consultas-1-listas-posteo.json,consultas-4-listas-posteo.json,1500.0,No Acotada B2,9.5367431640625e-7,25,false
consultas-1-listas-posteo.json,consultas-4-listas-posteo.json,1500.0,SkipList,0.0,7,false
consultas-1-listas-posteo.json,consultas-4-listas-posteo.json,48987.0,Binaria Acotada,0.0,14,false
consultas-1-listas-posteo.json,consultas-4-listas-posteo.json,48987.0,Secuencial B0,5.9604644775390625e-6,10000,false
consultas-1-listas-posteo.json,consultas-4-listas-posteo.json,48987.0,No Acotada B1,0.0,25,false
consultas-1-listas-posteo.json,consultas-4-listas-posteo.json,48987.0,No Acotada B2,0.0,25,false
consultas-1-listas-posteo.json,consultas-4-listas-posteo.json,48987.0,SkipList,0.0,7,false
consultas-1-listas-posteo.json,consultas-4-listas-posteo.json,34304.0,Binaria Acotada,0.0,14,false
consultas-1-listas-posteo.json,consultas-4-listas-posteo.json,34304.0,Secuencial B0,5.9604644775390625e-6,10000,false
consultas-1-listas-posteo.json,consultas-4-listas-posteo.json,34304.0,No Acotada B1,0.0,25,false
consultas-1-listas-posteo.json,consultas-4-listas-posteo.json,34304.0,No Acotada B2,0.0,25,false
consultas-1-listas-posteo.json,consultas-4-listas-posteo.json,34304.0,SkipList,9.5367431640625e-7,7,false
consultas-1-listas-posteo.json,consultas-4-listas-posteo.json,29599.0,Binaria Acotada,0.0,14,false
consultas-1-listas-posteo.json,consultas-4-listas-posteo.json,29599.0,Secuencial B0,6.9141387939453125e-6,10000,false
consultas-1-listas-posteo.json,consultas-4-listas-posteo.json,29599.0,No Acotada B1,0.0,25,false
consultas-1-listas-posteo.json,consultas-4-listas-posteo.json,29599.0,No Acotada B2,0.0,25,false
consultas-1-listas-posteo.json,consultas-4-listas-posteo.json,29599.0,SkipList,0.0,7,false
consultas-1-listas-posteo.json,consultas-4-listas-posteo.json,10050.0,Binaria Acotada,0.0,14,false
consultas-1-listas-posteo.json,consultas-4-listas-posteo.json,10050.0,Secuencial B0,6.198883056640625e-6,10000,false
consultas-1-listas-posteo.json,consultas-4-listas-posteo.json,10050.0,No Acotada B1,0.0,25,false
consultas-1-listas-posteo.json,consultas-4-listas-posteo.json,10050.0,No Acotada B2,0.0,25,false
consultas-1-listas-posteo.json,consultas-4-listas-posteo.json,10050.0,SkipList,0.0,7,false
consultas-1-listas-posteo.json,consultas-4-listas-posteo.json,15608.0,Binaria Acotada,0.0,14,false
consultas-1-listas-posteo.json,consultas-4-listas-posteo.json,15608.0,Secuencial B0,5.9604644775390625e-6,10000,false
consultas-1-listas-posteo.json,consultas-4-listas-posteo.json,15608.0,No Acotada B1,0.0,25,false
consultas-1-listas-posteo.json,consultas-4-listas-posteo.json,15608.0,No Acotada B2,0.0,25,false
consultas-1-listas-posteo.json,consultas-4-listas-posteo.json,15608.0,SkipList,0.0,7,false
consultas-1-listas-posteo.json,consultas-4-listas-posteo.json,44425.0,Binaria Acotada,0.0,14,false
consultas-1-listas-posteo.json,consultas-4-listas-posteo.json,44425.0,Secuencial B0,6.9141387939453125e-6,10000,false
consultas-1-listas-posteo.json,consultas-4-listas-posteo.json,44425.0,No Acotada B1,0.0,25,false
consultas-1-listas-posteo.json,consultas-4-listas-posteo.json,44425.0,No Acotada B2,9.5367431640625e-7,25,false
consultas-1-listas-posteo.json,consultas-4-listas-posteo.json,44425.0,SkipList,0.0,7,false
consultas-1-listas-posteo.json,consultas-4-listas-posteo.json,4538.0,Binaria Acotada,0.0,14,false
consultas-1-listas-posteo.json,consultas-4-listas-posteo.json,4538.0,Secuencial B0,5.9604644775390625e-6,10000,false
consultas-1-listas-posteo.json,consultas-4-listas-posteo.json,4538.0,No Acotada B1,0.0,25,false
consultas-1-listas-posteo.json,consultas-4-listas-posteo.json,4538.0,No Acotada B2,0.0,25,false
consultas-1-listas-posteo.json,consultas-4-listas-posteo.json,4538.0,SkipList,0.0,7,false
consultas-1-listas-posteo.json,consultas-4-listas-posteo.json,24041.0,Binaria Acotada,0.0,14,false
consultas-1-listas-posteo.json,consultas-4-listas-posteo.json,24041.0,Secuencial B0,6.9141387939453125e-6,10000,false
consultas-1-listas-posteo.json,consultas-4-listas-posteo.json,24041.0,No Acotada B1,0.0,25,false
consultas-1-listas-posteo.json,consultas-4-listas-posteo.json,24041.0,No Acotada B2,0.0,25,false
consultas-1-listas-posteo.json,consultas-4-listas-posteo.json,24041.0,SkipList,0.0,7,false
consultas-1-listas-posteo.json,consultas-4-listas-posteo.json,32504.0,Binaria Acotada,0.0,14,false
consultas-1-listas-posteo.json,consultas-4-listas-posteo.json,32504.0,Secuencial B0,7.152557373046875e-6,10000,false
consultas-1-listas-posteo.json,consultas-4-listas-posteo.json,32504.0,No Acotada B1,0.0,25,false
consultas-1-listas-posteo.json,consultas-4-listas-posteo.json,32504.0,No Acotada B2,0.0,25,false
consultas-1-listas-posteo.json,consultas-4-listas-posteo.json,32504.0,SkipList,0.0,7,false
consultas-1-listas-posteo.json,consultas-4-listas-posteo.json,26900.0,Binaria Acotada,0.0,14,false
consultas-1-listas-posteo.json,consultas-4-listas-posteo.json,26900.0,Secuencial B0,5.9604644775390625e-6,10000,false
consultas-1-listas-posteo.json,consultas-4-listas-posteo.json,26900.0,No Acotada B1,1.1920928955078125e-6,25,false
consultas-1-listas-posteo.json,consultas-4-listas-posteo.json,26900.0,No Acotada B2,0.0,25,false
consultas-1-listas-posteo.json,consultas-4-listas-posteo.json,26900.0,SkipList,0.0,7,false
consultas-1-listas-posteo.json,consultas-4-listas-posteo.json,22724.0,Binaria Acotada,0.0,14,false
consultas-1-listas-posteo.json,consultas-4-listas-posteo.json,22724.0,Secuencial B0,5.9604644775390625e-6,10000,false
consultas-1-listas-posteo.json,consultas-4-listas-posteo.json,22724.0,No Acotada B1,0.0,25,false
consultas-1-listas-posteo.json,consultas-4-listas-posteo.json,22724.0,No Acotada B2,0.0,25,false
consultas-1-listas-posteo.json,consultas-4-listas-posteo.json,22724.0,SkipList,0.0,7,false
consultas-1-listas-posteo.json,consultas-4-listas-posteo.json,13918.0,Binaria Acotada,0.0,14,false
consultas-1-listas-posteo.json,consultas-4-listas-posteo.json,13918.0,Secuencial B0,7.152557373046875e-6,10000,false
consultas-1-listas-posteo.json,consultas-4-listas-posteo.json,13918.0,No Acotada B1,0.0,25,false
consultas-1-listas-posteo.json,consultas-4-listas-posteo.json,13918.0,No Acotada B2,9.5367431640625e-7,25,false
consultas-1-listas-posteo.json,consultas-4-listas-posteo.json,13918.0,SkipList,0.0,7,false
consultas-1-listas-posteo.json,consultas-4-listas-posteo.json,8778.0,Binaria Acotada,0.0,14,false
consultas-1-listas-posteo.json,consultas-4-listas-posteo.json,8778.0,Secuencial B0,5.9604644775390625e-6,10000,false
consultas-1-listas-posteo.json,consultas-4-listas-posteo.json,8778.0,No Acotada B1,9.5367431640625e-7,25,false
consultas-1-listas-posteo.json,consultas-4-listas-posteo.json,8778.0,No Acotada B2,0.0,25,false
consultas-1-listas-posteo.json,consultas-4-listas-posteo.json,8778.0,SkipList,0.0,7,false
consultas-1-listas-posteo.json,consultas-4-listas-posteo.json,9139.0,Binaria Acotada,0.0,14,false
consultas-1-listas-posteo.json,consultas-4-listas-posteo.json,9139.0,Secuencial B0,5.9604644775390625e-6,10000,false
consultas-1-listas-posteo.json,consultas-4-listas-posteo.json,9139.0,No Acotada B1,0.0,25,false
consultas-1-listas-posteo.json,consultas-4-listas-posteo.json,9139.0,No Acotada B2,0.0,25,false
consultas-1-listas-posteo.json,consultas-4-listas-posteo.json,9139.0,SkipList,9.5367431640625e-7,7,false
consultas-1-listas-posteo.json,consultas-4-listas-posteo.json,39804.0,Binaria Acotada,0.0,14,false
consultas-1-listas-posteo.json,consultas-4-listas-posteo.json,39804.0,Secuencial B0,6.9141387939453125e-6,10000,false
consultas-1-listas-posteo.json,consultas-4-listas-posteo.json,39804.0,No Acotada B1,0.0,25,false
consultas-1-listas-posteo.json,consultas-4-listas-posteo.json,39804.0,No Acotada B2,0.0,25,false
consultas-1-listas-posteo.json,consultas-4-listas-posteo.json,39804.0,SkipList,0.0,7,false
consultas-1-listas-posteo.json,consultas-4-listas-posteo.json,6906.0,Binaria Acotada,9.5367431640625e-7,14,false
consultas-1-listas-posteo.json,consultas-4-listas-posteo.json,6906.0,Secuencial B0,5.9604644775390625e-6,10000,false
consultas-1-listas-posteo.json,consultas-4-listas-posteo.json,6906.0,No Acotada B1,9.5367431640625e-7,25,false
consultas-1-listas-posteo.json,consultas-4-listas-posteo.json,6906.0,No Acotada B2,0.0,25,false
consultas-1-listas-posteo.json,consultas-4-listas-posteo.json,6906.0,SkipList,0.0,7,false
consultas-1-listas-posteo.json,consultas-4-listas-posteo.json,3896.0,Binaria Acotada,0.0,14,false
consultas-1-listas-posteo.json,consultas-4-listas-posteo.json,3896.0,Secuencial B0,7.152557373046875e-6,10000,false
consultas-1-listas-posteo.json,consultas-4-listas-posteo.json,3896.0,No Acotada B1,0.0,25,false
consultas-1-listas-posteo.json,consultas-4-listas-posteo.json,3896.0,No Acotada B2,9.5367431640625e-7,25,false
consultas-1-listas-posteo.json,consultas-4-listas-posteo.json,3896.0,SkipList,0.0,7,false
consultas-1-listas-posteo.json,consultas-4-listas-posteo.json,41062.0,Binaria Acotada,0.0,14,false
consultas-1-listas-posteo.json,consultas-4-listas-posteo.json,41062.0,Secuencial B0,5.0067901611328125e-6,10000,false
consultas-1-listas-posteo.json,consultas-4-listas-posteo.json,41062.0,No Acotada B1,0.0,25,false
consultas-1-listas-posteo.json,consultas-4-listas-posteo.json,41062.0,No Acotada B2,9.5367431640625e-7,25,false
consultas-1-listas-posteo.json,consultas-4-listas-posteo.json,41062.0,SkipList,0.0,7,false
consultas-1-listas-posteo.json,consultas-4-listas-posteo.json,34474.0,Binaria Acotada,0.0,14,false
consultas-1-listas-posteo.json,consultas-4-listas-posteo.json,34474.0,Secuencial B0,5.9604644775390625e-6,10000,false
consultas-1-listas-posteo.json,consultas-4-listas-posteo.json,34474.0,No Acotada B1,9.5367431640625e-7,25,false
consultas-1-listas-posteo.json,consultas-4-listas-posteo.json,34474.0,No Acotada B2,0.0,25,false
consultas-1-listas-posteo.json,consultas-4-listas-posteo.json,34474.0,SkipList,0.0,7,false
consultas-1-listas-posteo.json,consultas-4-listas-posteo.json,45077.0,Binaria Acotada,0.0,14,false
consultas-1-listas-posteo.json,consultas-4-listas-posteo.json,45077.0,Secuencial B0,5.9604644775390625e-6,10000,false
consultas-1-listas-posteo.json,consultas-4-listas-posteo.json,45077.0,No Acotada B1,0.0,25,false
consultas-1-listas-posteo.json,consultas-4-listas-posteo.json,45077.0,No Acotada B2,0.0,25,false
consultas-1-listas-posteo.json,consultas-4-listas-posteo.json,45077.0,SkipList,0.0,7,false
consultas-1-listas-posteo.json,consultas-4-listas-posteo.json,25526.0,Binaria Acotada,0.0,14,false
consultas-1-listas-posteo.json,consultas-4-listas-posteo.json,25526.0,Secuencial B0,6.9141387939453125e-6,10000,false
consultas-1-listas-posteo.json,consultas-4-listas-posteo.json,25526.0,No Acotada B1,0.0,25,false
consultas-1-listas-posteo.json,consultas-4-listas-posteo.json,25526.0,No Acotada B2,9.5367431640625e-7,25,false
consultas-1-listas-posteo.json,consultas-4-listas-posteo.json,25526.0,SkipList,0.0,7,false
consultas-1-listas-posteo.json,consultas-4-listas-posteo.json,12985.0,Binaria Acotada,0.0,14,false
consultas-1-listas-posteo.json,consultas-4-listas-posteo.json,12985.0,Secuencial B0,6.198883056640625e-6,10000,false
consultas-1-listas-posteo.json,consultas-4-listas-posteo.json,12985.0,No Acotada B1,9.5367431640625e-7,25,false
consultas-1-listas-posteo.json,consultas-4-listas-posteo.json,12985.0,No Acotada B2,0.0,25,false
consultas-1-listas-posteo.json,consultas-4-listas-posteo.json,12985.0,SkipList,0.0,7,false
consultas-1-listas-posteo.json,consultas-4-listas-posteo.json,26948.0,Binaria Acotada,0.0,14,false
consultas-1-listas-posteo.json,consultas-4-listas-posteo.json,26948.0,Secuencial B0,5.9604644775390625e-6,10000,false
consultas-1-listas-posteo.json,consultas-4-listas-posteo.json,26948.0,No Acotada B1,0.0,25,false
consultas-1-listas-posteo.json,consultas-4-listas-posteo.json,26948.0,No Acotada B2,0.0,25,false
consultas-1-listas-posteo.json,consultas-4-listas-posteo.json,26948.0,SkipList,0.0,7,false
consultas-1-listas-posteo.json,consultas-4-listas-posteo.json,48711.0,Binaria Acotada,0.0,14,false
consultas-1-listas-posteo.json,consultas-4-listas-posteo.json,48711.0,Secuencial B0,6.9141387939453125e-6,10000,false
consultas-1-listas-posteo.json,consultas-4-listas-posteo.json,48711.0,No Acotada B1,0.0,25,false
consultas-1-listas-posteo.json,consultas-4-listas-posteo.json,48711.0,No Acotada B2,9.5367431640625e-7,25,false
consultas-1-listas-posteo.json,consultas-4-listas-posteo.json,48711.0,SkipList,0.0,7,false
consultas-1-listas-posteo.json,consultas-4-listas-posteo.json,19971.0,Binaria Acotada,0.0,14,false
consultas-1-listas-posteo.json,consultas-4-listas-posteo.json,19971.0,Secuencial B0,5.9604644775390625e-6,10000,false
consultas-1-listas-posteo.json,consultas-4-listas-posteo.json,19971.0,No Acotada B1,1.1920928955078125e-6,25,false
consultas-1-listas-posteo.json,consultas-4-listas-posteo.json,19971.0,No Acotada B2,0.0,25,false
consultas-1-listas-posteo.json,consultas-4-listas-posteo.json,19971.0,SkipList,0.0,7,false
consultas-1-listas-posteo.json,consultas-4-listas-posteo.json,37544.0,Binaria Acotada,0.0,14,false
consultas-1-listas-posteo.json,consultas-4-listas-posteo.json,37544.0,Secuencial B0,5.9604644775390625e-6,10000,false
consultas-1-listas-posteo.json,consultas-4-listas-posteo.json,37544.0,No Acotada B1,0.0,25,false
consultas-1-listas-posteo.json,consultas-4-listas-posteo.json,37544.0,No Acotada B2,0.0,25,false
consultas-1-listas-posteo.json,consultas-4-listas-posteo.json,37544.0,SkipList,0.0,7,false
consultas-1-listas-posteo.json,consultas-4-listas-posteo.json,46247.0,Binaria Acotada,0.0,14,false
consultas-1-listas-posteo.json,consultas-4-listas-posteo.json,46247.0,Secuencial B0,7.152557373046875e-6,10000,false
consultas-1-listas-posteo.json,consultas-4-listas-posteo.json,46247.0,No Acotada B1,0.0,25,false
consultas-1-listas-posteo.json,consultas-4-listas-posteo.json,46247.0,No Acotada B2,9.5367431640625e-7,25,false
consultas-1-listas-posteo.json,consultas-4-listas-posteo.json,46247.0,SkipList,0.0,7,false
consultas-1-listas-posteo.json,consultas-4-listas-posteo.json,48309.0,Binaria Acotada,0.0,14,false
consultas-1-listas-posteo.json,consultas-4-listas-posteo.json,48309.0,Secuencial B0,5.9604644775390625e-6,10000,false
consultas-1-listas-posteo.json,consultas-4-listas-posteo.json,48309.0,No Acotada B1,0.0,25,false
consultas-1-listas-posteo.json,consultas-4-listas-posteo.json,48309.0,No Acotada B2,0.0,25,false
consultas-1-listas-posteo.json,consultas-4-listas-posteo.json,48309.0,SkipList,0.0,7,false
consultas-1-listas-posteo.json,consultas-4-listas-posteo.json,37855.0,Binaria Acotada,0.0,14,false
consultas-1-listas-posteo.json,consultas-4-listas-posteo.json,37855.0,Secuencial B0,5.9604644775390625e-6,10000,false
consultas-1-listas-posteo.json,consultas-4-listas-posteo.json,37855.0,No Acotada B1,0.0,25,false
consultas-1-listas-posteo.json,consultas-4-listas-posteo.json,37855.0,No Acotada B2,0.0,25,false
consultas-1-listas-posteo.json,consultas-4-listas-posteo.json,37855.0,SkipList,9.5367431640625e-7,7,false
consultas-1-listas-posteo.json,consultas-4-listas-posteo.json,21832.0,Binaria Acotada,0.0,14,false
consultas-1-listas-posteo.json,consultas-4-listas-posteo.json,21832.0,Secuencial B0,7.152557373046875e-6,10000,false
consultas-1-listas-posteo.json,consultas-4-listas-posteo.json,21832.0,No Acotada B1,0.0,25,false
consultas-1-listas-posteo.json,consultas-4-listas-posteo.json,21832.0,No Acotada B2,0.0,25,false
consultas-1-listas-posteo.json,consultas-4-listas-posteo.json,21832.0,SkipList,0.0,7,false
consultas-1-listas-posteo.json,consultas-4-listas-posteo.json,775.0,Binaria Acotada,0.0,14,false
consultas-1-listas-posteo.json,consultas-4-listas-posteo.json,775.0,Secuencial B0,5.9604644775390625e-6,10000,false
consultas-1-listas-posteo.json,consultas-4-listas-posteo.json,775.0,No Acotada B1,0.0,25,false
consultas-1-listas-posteo.json,consultas-4-listas-posteo.json,775.0,No Acotada B2,0.0,25,false
consultas-1-listas-posteo.json,consultas-4-listas-posteo.json,775.0,SkipList,0.0,7,false
consultas-1-listas-posteo.json,consultas-4-listas-posteo.json,23334.0,Binaria Acotada,0.0,14,false
consultas-1-listas-posteo.json,consultas-4-listas-posteo.json,23334.0,Secuencial B0,5.9604644775390625e-6,10000,false
consultas-1-listas-posteo.json,consultas-4-listas-posteo.json,23334.0,No Acotada B1,0.0,25,false
consultas-1-listas-posteo.json,consultas-4-listas-posteo.json,23334.0,No Acotada B2,0.0,25,false
consultas-1-listas-posteo.json,consultas-4-listas-posteo.json,23334.0,SkipList,9.5367431640625e-7,7,false
consultas-1-listas-posteo.json,consultas-4-listas-posteo.json,40686.0,Binaria Acotada,0.0,14,false
consultas-1-listas-posteo.json,consultas-4-listas-posteo.json,40686.0,Secuencial B0,6.9141387939453125e-6,10000,false
consultas-1-listas-posteo.json,consultas-4-listas-posteo.json,40686.0,No Acotada B1,0.0,25,false
consultas-1-listas-posteo.json,consultas-4-listas-posteo.json,40686.0,No Acotada B2,0.0,25,false
consultas-1-listas-posteo.json,consultas-4-listas-posteo.json,40686.0,SkipList,0.0,7,false
consultas-1-listas-posteo.json,consultas-4-listas-posteo.json,43299.0,Binaria Acotada,0.0,14,false
consultas-1-listas-posteo.json,consultas-4-listas-posteo.json,43299.0,Secuencial B0,5.9604644775390625e-6,10000,false
consultas-1-listas-posteo.json,consultas-4-listas-posteo.json,43299.0,No Acotada B1,0.0,25,false
consultas-1-listas-posteo.json,consultas-4-listas-posteo.json,43299.0,No Acotada B2,0.0,25,false
consultas-1-listas-posteo.json,consultas-4-listas-posteo.json,43299.0,SkipList,0.0,7,false
consultas-1-listas-posteo.json,consultas-4-listas-posteo.json,22391.0,Binaria Acotada,0.0,14,false
consultas-1-listas-posteo.json,consultas-4-listas-posteo.json,22391.0,Secuencial B0,6.198883056640625e-6,10000,false
consultas-1-listas-posteo.json,consultas-4-listas-posteo.json,22391.0,No Acotada B1,0.0,25,false
consultas-1-listas-posteo.json,consultas-4-listas-posteo.json,22391.0,No Acotada B2,0.0,25,false
consultas-1-listas-posteo.json,consultas-4-listas-posteo.json,22391.0,SkipList,9.5367431640625e-7,7,false
consultas-1-listas-posteo.json,consultas-4-listas-posteo.json,41091.0,Binaria Acotada,0.0,14,false
consultas-1-listas-posteo.json,consultas-4-listas-posteo.json,41091.0,Secuencial B0,6.9141387939453125e-6,10000,false
consultas-1-listas-posteo.json,consultas-4-listas-posteo.json,41091.0,No Acotada B1,0.0,25,false
consultas-1-listas-posteo.json,consultas-4-listas-posteo.json,41091.0,No Acotada B2,0.0,25,false
consultas-1-listas-posteo.json,consultas-4-listas-posteo.json,41091.0,SkipList,0.0,7,false
consultas-1-listas-posteo.json,consultas-4-listas-posteo.json,49807.0,Binaria Acotada,0.0,14,false
consultas-1-listas-posteo.json,consultas-4-listas-posteo.json,49807.0,Secuencial B0,5.0067901611328125e-6,10000,false
consultas-1-listas-posteo.json,consultas-4-listas-posteo.json,49807.0,No Acotada B1,0.0,25,false
consultas-1-listas-posteo.json,consultas-4-listas-posteo.json,49807.0,No Acotada B2,0.0,25,false
consultas-1-listas-posteo.json,consultas-4-listas-posteo.json,49807.0,SkipList,9.5367431640625e-7,7,false
consultas-1-listas-posteo.json,consultas-4-listas-posteo.json,45657.0,Binaria Acotada,0.0,14,false
consultas-1-listas-posteo.json,consultas-4-listas-posteo.json,45657.0,Secuencial B0,7.152557373046875e-6,10000,false
consultas-1-listas-posteo.json,consultas-4-listas-posteo.json,45657.0,No Acotada B1,0.0,25,false
consultas-1-listas-posteo.json,consultas-4-listas-posteo.json,45657.0,No Acotada B2,0.0,25,false
consultas-1-listas-posteo.json,consultas-4-listas-posteo.json,45657.0,SkipList,0.0,7,false
consultas-1-listas-posteo.json,consultas-4-listas-posteo.json,46362.0,Binaria Acotada,0.0,14,false
consultas-1-listas-posteo.json,consultas-4-listas-posteo.json,46362.0,Secuencial B0,5.9604644775390625e-6,10000,false
consultas-1-listas-posteo.json,consultas-4-listas-posteo.json,46362.0,No Acotada B1,0.0,25,false
consultas-1-listas-posteo.json,consultas-4-listas-posteo.json,46362.0,No Acotada B2,0.0,25,false
consultas-1-listas-posteo.json,consultas-4-listas-posteo.json,46362.0,SkipList,1.1920928955078125e-6,7,false
consultas-1-listas-posteo.json,consultas-4-listas-posteo.json,44929.0,Binaria Acotada,0.0,14,false
consultas-1-listas-posteo.json,consultas-4-listas-posteo.json,44929.0,Secuencial B0,6.9141387939453125e-6,10000,false
consultas-1-listas-posteo.json,consultas-4-listas-posteo.json,44929.0,No Acotada B1,0.0,25,false
consultas-1-listas-posteo.json,consultas-4-listas-posteo.json,44929.0,No Acotada B2,0.0,25,false
consultas-1-listas-posteo.json,consultas-4-listas-posteo.json,44929.0,SkipList,0.0,7,false
consultas-1-listas-posteo.json,consultas-4-listas-posteo.json,42343.0,Binaria Acotada,0.0,14,false
consultas-1-listas-posteo.json,consultas-4-listas-posteo.json,42343.0,Secuencial B0,6.9141387939453125e-6,10000,false
consultas-1-listas-posteo.json,consultas-4-listas-posteo.json,42343.0,No Acotada B1,0.0,25,false
consultas-1-listas-posteo.json,consultas-4-listas-posteo.json,42343.0,No Acotada B2,0.0,25,false
consultas-1-listas-posteo.json,consultas-4-listas-posteo.json,42343.0,SkipList,0.0,7,false
consultas-1-listas-posteo.json,consultas-4-listas-posteo.json,11956.0,Binaria Acotada,9.5367431640625e-7,14,false
consultas-1-listas-posteo.json,consultas-4-listas-posteo.json,11956.0,Secuencial B0,5.9604644775390625e-6,10000,false
consultas-1-listas-posteo.json,consultas-4-listas-posteo.json,11956.0,No Acotada B1,0.0,25,false
consultas-1-listas-posteo.json,consultas-4-listas-posteo.json,11956.0,No Acotada B2,0.0,25,false
consultas-1-listas-posteo.json,consultas-4-listas-posteo.json,11956.0,SkipList,0.0,7,false
consultas-1-listas-posteo.json,consultas-4-listas-posteo.json,26825.0,Binaria Acotada,0.0,14,false
consultas-1-listas-posteo.json,consultas-4-listas-posteo.json,26825.0,Secuencial B0,6.198883056640625e-6,10000,false
consultas-1-listas-posteo.json,consultas-4-listas-posteo.json,26825.0,No Acotada B1,0.0,25,false
consultas-1-listas-posteo.json,consultas-4-listas-posteo.json,26825.0,No Acotada B2,0.0,25,false
consultas-1-listas-posteo.json,consultas-4-listas-posteo.json,26825.0,SkipList,0.0,7,false
consultas-1-listas-posteo.json,consultas-4-listas-posteo.json,16149.0,Binaria Acotada,0.0,14,false
consultas-1-listas-posteo.json,consultas-4-listas-posteo.json,16149.0,Secuencial B0,6.9141387939453125e-6,10000,false
consultas-1-listas-posteo.json,consultas-4-listas-posteo.json,16149.0,No Acotada B1,0.0,25,false
consultas-1-listas-posteo.json,consultas-4-listas-posteo.json,16149.0,No Acotada B2,1.1920928955078125e-6,25,false
consultas-1-listas-posteo.json,consultas-4-listas-posteo.json,16149.0,SkipList,0.0,7,false
consultas-1-listas-posteo.json,consultas-4-listas-posteo.json,40413.0,Binaria Acotada,0.0,14,false
consultas-1-listas-posteo.json,consultas-4-listas-posteo.json,40413.0,Secuencial B0,5.9604644775390625e-6,10000,false
consultas-1-listas-posteo.json,consultas-4-listas-posteo.json,40413.0,No Acotada B1,9.5367431640625e-7,25,false
consultas-1-listas-posteo.json,consultas-4-listas-posteo.json,40413.0,No Acotada B2,0.0,25,false
consultas-1-listas-posteo.json,consultas-4-listas-posteo.json,40413.0,SkipList,0.0,7,false
consultas-1-listas-posteo.json,consultas-4-listas-posteo.json,33713.0,Binaria Acotada,0.0,14,false
consultas-1-listas-posteo.json,consultas-4-listas-posteo.json,33713.0,Secuencial B0,5.9604644775390625e-6,10000,false
consultas-1-listas-posteo.json,consultas-4-listas-posteo.json,33713.0,No Acotada B1,0.0,25,false
consultas-1-listas-posteo.json,consultas-4-listas-posteo.json,33713.0,No Acotada B2,0.0,25,false
consultas-1-listas-posteo.json,consultas-4-listas-posteo.json,33713.0,SkipList,0.0,7,false
consultas-1-listas-posteo.json,consultas-4-listas-posteo.json,20532.0,Binaria Acotada,0.0,14,false
consultas-1-listas-posteo.json,consultas-4-listas-posteo.json,20532.0,Secuencial B0,6.9141387939453125e-6,10000,false
consultas-1-listas-posteo.json,consultas-4-listas-posteo.json,20532.0,No Acotada B1,0.0,25,false
consultas-1-listas-posteo.json,consultas-4-listas-posteo.json,20532.0,No Acotada B2,9.5367431640625e-7,25,false
consultas-1-listas-posteo.json,consultas-4-listas-posteo.json,20532.0,SkipList,0.0,7,false
consultas-1-listas-posteo.json,consultas-4-listas-posteo.json,6640.0,Binaria Acotada,0.0,14,false
consultas-1-listas-posteo.json,consultas-4-listas-posteo.json,6640.0,Secuencial B0,5.9604644775390625e-6,10000,false
consultas-1-listas-posteo.json,consultas-4-listas-posteo.json,6640.0,No Acotada B1,0.0,25,false
consultas-1-listas-posteo.json,consultas-4-listas-posteo.json,6640.0,No Acotada B2,0.0,25,false
consultas-1-listas-posteo.json,consultas-4-listas-posteo.json,6640.0,SkipList,0.0,7,false
consultas-1-listas-posteo.json,consultas-4-listas-posteo.json,16882.0,Binaria Acotada,0.0,14,false
consultas-1-listas-posteo.json,consultas-4-listas-posteo.json,16882.0,Secuencial B0,5.9604644775390625e-6,10000,false
consultas-1-listas-posteo.json,consultas-4-listas-posteo.json,16882.0,No Acotada B1,0.0,25,false
consultas-1-listas-posteo.json,consultas-4-listas-posteo.json,16882.0,No Acotada B2,0.0,25,false
consultas-1-listas-posteo.json,consultas-4-listas-posteo.json,16882.0,SkipList,0.0,7,false
consultas-1-listas-posteo.json,consultas-4-listas-posteo.json,22162.0,Binaria Acotada,0.0,14,false
consultas-1-listas-posteo.json,consultas-4-listas-posteo.json,22162.0,Secuencial B0,6.9141387939453125e-6,10000,false
consultas-1-listas-posteo.json,consultas-4-listas-posteo.json,22162.0,No Acotada B1,0.0,25,false
consultas-1-listas-posteo.json,consultas-4-listas-posteo.json,22162.0,No Acotada B2,9.5367431640625e-7,25,false
consultas-1-listas-posteo.json,consultas-4-listas-posteo.json,22162.0,SkipList,0.0,7,false
consultas-1-listas-posteo.json,consultas-4-listas-posteo.json,4784.0,Binaria Acotada,0.0,14,false
consultas-1-listas-posteo.json,consultas-4-listas-posteo.json,4784.0,Secuencial B0,6.198883056640625e-6,10000,false
consultas-1-listas-posteo.json,consultas-4-listas-posteo.json,4784.0,No Acotada B1,0.0,25,false
consultas-1-listas-posteo.json,consultas-4-listas-posteo.json,4784.0,No Acotada B2,0.0,25,false
consultas-1-listas-posteo.json,consultas-4-listas-posteo.json,4784.0,SkipList,0.0,7,false
consultas-1-listas-posteo.json,consultas-4-listas-posteo.json,11403.0,Binaria Acotada,0.0,14,false
consultas-1-listas-posteo.json,consultas-4-listas-posteo.json,11403.0,Secuencial B0,5.9604644775390625e-6,10000,false
consultas-1-listas-posteo.json,consultas-4-listas-posteo.json,11403.0,No Acotada B1,0.0,25,false
consultas-1-listas-posteo.json,consultas-4-listas-posteo.json,11403.0,No Acotada B2,0.0,25,false
consultas-1-listas-posteo.json,consultas-4-listas-posteo.json,11403.0,SkipList,1.1920928955078125e-6,7,false
consultas-1-listas-posteo.json,consultas-4-listas-posteo.json,17678.0,Binaria Acotada,0.0,14,false
consultas-1-listas-posteo.json,consultas-4-listas-posteo.json,17678.0,Secuencial B0,6.9141387939453125e-6,10000,false
consultas-1-listas-posteo.json,consultas-4-listas-posteo.json,17678.0,No Acotada B1,0.0,25,false
consultas-1-listas-posteo.json,consultas-4-listas-posteo.json,17678.0,No Acotada B2,0.0,25,false
consultas-1-listas-posteo.json,consultas-4-listas-posteo.json,17678.0,SkipList,0.0,7,false
consultas-1-listas-posteo.json,consultas-4-listas-posteo.json,5401.0,Binaria Acotada,0.0,14,false
consultas-1-listas-posteo.json,consultas-4-listas-posteo.json,5401.0,Secuencial B0,5.9604644775390625e-6,10000,false
consultas-1-listas-posteo.json,consultas-4-listas-posteo.json,5401.0,No Acotada B1,0.0,25,false
consultas-1-listas-posteo.json,consultas-4-listas-posteo.json,5401.0,No Acotada B2,0.0,25,false
consultas-1-listas-posteo.json,consultas-4-listas-posteo.json,5401.0,SkipList,0.0,7,false
consultas-1-listas-posteo.json,consultas-4-listas-posteo.json,37595.0,Binaria Acotada,0.0,14,false
consultas-1-listas-posteo.json,consultas-4-listas-posteo.json,37595.0,Secuencial B0,5.9604644775390625e-6,10000,false
consultas-1-listas-posteo.json,consultas-4-listas-posteo.json,37595.0,No Acotada B1,0.0,25,false
consultas-1-listas-posteo.json,consultas-4-listas-posteo.json,37595.0,No Acotada B2,0.0,25,false
consultas-1-listas-posteo.json,consultas-4-listas-posteo.json,37595.0,SkipList,9.5367431640625e-7,7,false
consultas-1-listas-posteo.json,consultas-4-listas-posteo.json,20922.0,Binaria Acotada,0.0,14,false
consultas-1-listas-posteo.json,consultas-4-listas-posteo.json,20922.0,Secuencial B0,7.152557373046875e-6,10000,false
consultas-1-listas-posteo.json,consultas-4-listas-posteo.json,20922.0,No Acotada B1,0.0,25,false
consultas-1-listas-posteo.json,consultas-4-listas-posteo.json,20922.0,No Acotada B2,9.5367431640625e-7,25,false
consultas-1-listas-posteo.json,consultas-4-listas-posteo.json,20922.0,SkipList,0.0,7,false
consultas-1-listas-posteo.json,consultas-4-listas-posteo.json,16333.0,Binaria Acotada,0.0,14,false
consultas-1-listas-posteo.json,consultas-4-listas-posteo.json,16333.0,Secuencial B0,5.9604644775390625e-6,10000,false
consultas-1-listas-posteo.json,consultas-4-listas-posteo.json,16333.0,No Acotada B1,0.0,25,false
consultas-1-listas-posteo.json,consultas-4-listas-posteo.json,16333.0,No Acotada B2,0.0,25,false
consultas-1-listas-posteo.json,consultas-4-listas-posteo.json,16333.0,SkipList,0.0,7,false
consultas-1-listas-posteo.json,consultas-4-listas-posteo.json,44367.0,Binaria Acotada,0.0,14,false
consultas-1-listas-posteo.json,consultas-4-listas-posteo.json,44367.0,Secuencial B0,5.9604644775390625e-6,10000,false
consultas-1-listas-posteo.json,consultas-4-listas-posteo.json,44367.0,No Acotada B1,0.0,25,false
consultas-1-listas-posteo.json,consultas-4-listas-posteo.json,44367.0,No Acotada B2,0.0,25,false
consultas-1-listas-posteo.json,consultas-4-listas-posteo.json,44367.0,SkipList,9.5367431640625e-7,7,false
consultas-1-listas-posteo.json,consultas-4-listas-posteo.json,17019.0,Binaria Acotada,0.0,14,false
consultas-1-listas-posteo.json,consultas-4-listas-posteo.json,17019.0,Secuencial B0,7.152557373046875e-6,10000,false
consultas-1-listas-posteo.json,consultas-4-listas-posteo.json,17019.0,No Acotada B1,0.0,25,false
consultas-1-listas-posteo.json,consultas-4-listas-posteo.json,17019.0,No Acotada B2,0.0,25,false
consultas-1-listas-posteo.json,consultas-4-listas-posteo.json,17019.0,SkipList,0.0,7,false
consultas-1-listas-posteo.json,consultas-4-listas-posteo.json,47865.0,Binaria Acotada,0.0,14,false
consultas-1-listas-posteo.json,consultas-4-listas-posteo.json,47865.0,Secuencial B0,5.9604644775390625e-6,10000,false
consultas-1-listas-posteo.json,consultas-4-listas-posteo.json,47865.0,No Acotada B1,9.5367431640625e-7,25,false
consultas-1-listas-posteo.json,consultas-4-listas-posteo.json,47865.0,No Acotada B2,0.0,25,false
consultas-1-listas-posteo.json,consultas-4-listas-posteo.json,47865.0,SkipList,0.0,7,false
consultas-1-listas-posteo.json,consultas-4-listas-posteo.json,25049.0,Binaria Acotada,0.0,14,false
consultas-1-listas-posteo.json,consultas-4-listas-posteo.json,25049.0,Secuencial B0,5.9604644775390625e-6,10000,false
consultas-1-listas-posteo.json,consultas-4-listas-posteo.json,25049.0,No Acotada B1,0.0,25,false
consultas-1-listas-posteo.json,consultas-4-listas-posteo.json,25049.0,No Acotada B2,0.0,25,false
consultas-1-listas-posteo.json,consultas-4-listas-posteo.json,25049.0,SkipList,0.0,7,false
consultas-1-listas-posteo.json,consultas-4-listas-posteo.json,1274.0,Binaria Acotada,0.0,14,false
consultas-1-listas-posteo.json,consultas-4-listas-posteo.json,1274.0,Secuencial B0,6.9141387939453125e-6,10000,false
consultas-1-listas-posteo.json,consultas-4-listas-posteo.json,1274.0,No Acotada B1,0.0,25,false
consultas-1-listas-posteo.json,consultas-4-listas-posteo.json,1274.0,No Acotada B2,1.1920928955078125e-6,25,false
consultas-1-listas-posteo.json,consultas-4-listas-posteo.json,1274.0,SkipList,0.0,7,false
consultas-1-listas-posteo.json,consultas-4-listas-posteo.json,15778.0,Binaria Acotada,0.0,14,false
consultas-1-listas-posteo.json,consultas-4-listas-posteo.json,15778.0,Secuencial B0,5.9604644775390625e-6,10000,false
consultas-1-listas-posteo.json,consultas-4-listas-posteo.json,15778.0,No Acotada B1,9.5367431640625e-7,25,false
consultas-1-listas-posteo.json,consultas-4-listas-posteo.json,15778.0,No Acotada B2,0.0,25,false
consultas-1-listas-posteo.json,consultas-4-listas-posteo.json,15778.0,SkipList,0.0,7,false
consultas-1-listas-posteo.json,consultas-4-listas-posteo.json,7505.0,Binaria Acotada,0.0,14,false
consultas-1-listas-posteo.json,consultas-4-listas-posteo.json,7505.0,Secuencial B0,6.198883056640625e-6,10000,false
consultas-1-listas-posteo.json,consultas-4-listas-posteo.json,7505.0,No Acotada B1,0.0,25,false
consultas-1-listas-posteo.json,consultas-4-listas-posteo.json,7505.0,No Acotada B2,0.0,25,false
consultas-1-listas-posteo.json,consultas-4-listas-posteo.json,7505.0,SkipList,0.0,7,false
consultas-1-listas-posteo.json,consultas-4-listas-posteo.json,9410.0,Binaria Acotada,0.0,14,false
consultas-1-listas-posteo.json,consultas-4-listas-posteo.json,9410.0,Secuencial B0,5.9604644775390625e-6,10000,false
consultas-1-listas-posteo.json,consultas-4-listas-posteo.json,9410.0,No Acotada B1,0.0,25,false
consultas-1-listas-posteo.json,consultas-4-listas-posteo.json,9410.0,No Acotada B2,0.0,25,false
consultas-1-listas-posteo.json,consultas-4-listas-posteo.json,9410.0,SkipList,0.0,7,false
consultas-1-listas-posteo.json,consultas-4-listas-posteo.json,18688.0,Binaria Acotada,0.0,14,false
consultas-1-listas-posteo.json,consultas-4-listas-posteo.json,18688.0,Secuencial B0,5.9604644775390625e-6,10000,false
consultas-1-listas-posteo.json,consultas-4-listas-posteo.json,18688.0,No Acotada B1,0.0,25,false
consultas-1-listas-posteo.json,consultas-4-listas-posteo.json,18688.0,No Acotada B2,0.0,25,false
consultas-1-listas-posteo.json,consultas-4-listas-posteo.json,18688.0,SkipList,9.5367431640625e-7,7,false
consultas-1-listas-posteo.json,consultas-4-listas-posteo.json,25286.0,Binaria Acotada,0.0,14,false
consultas-1-listas-posteo.json,consultas-4-listas-posteo.json,25286.0,Secuencial B0,7.152557373046875e-6,10000,false
consultas-1-listas-posteo.json,consultas-4-listas-posteo.json,25286.0,No Acotada B1,0.0,25,false
consultas-1-listas-posteo.json,consultas-4-listas-posteo.json,25286.0,No Acotada B2,0.0,25,false
consultas-1-listas-posteo.json,consultas-4-listas-posteo.json,25286.0,SkipList,0.0,7,false
consultas-1-listas-posteo.json,consultas-4-listas-posteo.json,39339.0,Binaria Acotada,9.5367431640625e-7,14,false
consultas-1-listas-posteo.json,consultas-4-listas-posteo.json,39339.0,Secuencial B0,5.9604644775390625e-6,10000,false
consultas-1-listas-posteo.json,consultas-4-listas-posteo.json,39339.0,No Acotada B1,0.0,25,false
consultas-1-listas-posteo.json,consultas-4-listas-posteo.json,39339.0,No Acotada B2,0.0,25,false
consultas-1-listas-posteo.json,consultas-4-listas-posteo.json,39339.0,SkipList,0.0,7,false
consultas-1-listas-posteo.json,consultas-4-listas-posteo.json,5616.0,Binaria Acotada,0.0,14,false
consultas-1-listas-posteo.json,consultas-4-listas-posteo.json,5616.0,Secuencial B0,6.9141387939453125e-6,10000,false
consultas-1-listas-posteo.json,consultas-4-listas-posteo.json,5616.0,No Acotada B1,0.0,25,false
consultas-1-listas-posteo.json,consultas-4-listas-posteo.json,5616.0,No Acotada B2,0.0,25,false
consultas-1-listas-posteo.json,consultas-4-listas-posteo.json,5616.0,SkipList,0.0,7,false
consultas-1-listas-posteo.json,consultas-4-listas-posteo.json,29621.0,Binaria Acotada,0.0,14,false
consultas-1-listas-posteo.json,consultas-4-listas-posteo.json,29621.0,Secuencial B0,6.9141387939453125e-6,10000,false
consultas-1-listas-posteo.json,consultas-4-listas-posteo.json,29621.0,No Acotada B1,0.0,25,false
consultas-1-listas-posteo.json,consultas-4-listas-posteo.json,29621.0,No Acotada B2,0.0,25,false
consultas-1-listas-posteo.json,consultas-4-listas-posteo.json,29621.0,SkipList,0.0,7,false
consultas-1-listas-posteo.json,consultas-4-listas-posteo.json,20230.0,Binaria Acotada,9.5367431640625e-7,14,false
consultas-1-listas-posteo.json,consultas-4-listas-posteo.json,20230.0,Secuencial B0,5.9604644775390625e-6,10000,false
consultas-1-listas-posteo.json,consultas-4-listas-posteo.json,20230.0,No Acotada B1,9.5367431640625e-7,25,false
consultas-1-listas-posteo.json,consultas-4-listas-posteo.json,20230.0,No Acotada B2,0.0,25,false
consultas-1-listas-posteo.json,consultas-4-listas-posteo.json,20230.0,SkipList,0.0,7,false
consultas-1-listas-posteo.json,consultas-4-listas-posteo.json,43068.0,Binaria Acotada,0.0,14,false
consultas-1-listas-posteo.json,consultas-4-listas-posteo.json,43068.0,Secuencial B0,7.152557373046875e-6,10000,false
consultas-1-listas-posteo.json,consultas-4-listas-posteo.json,43068.0,No Acotada B1,0.0,25,false
consultas-1-listas-posteo.json,consultas-4-listas-posteo.json,43068.0,No Acotada B2,0.0,25,false
consultas-1-listas-posteo.json,consultas-4-listas-posteo.json,43068.0,SkipList,0.0,7,false
consultas-1-listas-posteo.json,consultas-4-listas-posteo.json,21570.0,Binaria Acotada,0.0,14,false
consultas-1-listas-posteo.json,consultas-4-listas-posteo.json,21570.0,Secuencial B0,6.9141387939453125e-6,10000,false
consultas-1-listas-posteo.json,consultas-4-listas-posteo.json,21570.0,No Acotada B1,0.0,25,false
consultas-1-listas-posteo.json,consultas-4-listas-posteo.json,21570.0,No Acotada B2,1.1920928955078125e-6,25,false
consultas-1-listas-posteo.json,consultas-4-listas-posteo.json,21570.0,SkipList,0.0,7,false
consultas-1-listas-posteo.json,consultas-4-listas-posteo.json,27891.0,Binaria Acotada,0.0,14,false
consultas-1-listas-posteo.json,consultas-4-listas-posteo.json,27891.0,Secuencial B0,5.9604644775390625e-6,10000,false
consultas-1-listas-posteo.json,consultas-4-listas-posteo.json,27891.0,No Acotada B1,0.0,25,false
consultas-1-listas-posteo.json,consultas-4-listas-posteo.json,27891.0,No Acotada B2,0.0,25,false
consultas-1-listas-posteo.json,consultas-4-listas-posteo.json,27891.0,SkipList,0.0,7,false
consultas-1-listas-posteo.json,consultas-4-listas-posteo.json,3582.0,Binaria Acotada,0.0,14,false
consultas-1-listas-posteo.json,consultas-4-listas-posteo.json,3582.0,Secuencial B0,5.9604644775390625e-6,10000,false
consultas-1-listas-posteo.json,consultas-4-listas-posteo.json,3582.0,No Acotada B1,0.0,25,false
consultas-1-listas-posteo.json,consultas-4-listas-posteo.json,3582.0,No Acotada B2,0.0,25,false
consultas-1-listas-posteo.json,consultas-4-listas-posteo.json,3582.0,SkipList,9.5367431640625e-7,7,false
consultas-1-listas-posteo.json,consultas-4-listas-posteo.json,29655.0,Binaria Acotada,0.0,14,false
consultas-1-listas-posteo.json,consultas-4-listas-posteo.json,29655.0,Secuencial B0,6.9141387939453125e-6,10000,false
consultas-1-listas-posteo.json,consultas-4-listas-posteo.json,29655.0,No Acotada B1,0.0,25,false
consultas-1-listas-posteo.json,consultas-4-listas-posteo.json,29655.0,No Acotada B2,0.0,25,false
consultas-1-listas-posteo.json,consultas-4-listas-posteo.json,29655.0,SkipList,0.0,7,false
consultas-1-listas-posteo.json,consultas-4-listas-posteo.json,18568.0,Binaria Acotada,0.0,14,false
consultas-1-listas-posteo.json,consultas-4-listas-posteo.json,18568.0,Secuencial B0,5.9604644775390625e-6,10000,false
consultas-1-listas-posteo.json,consultas-4-listas-posteo.json,18568.0,No Acotada B1,0.0,25,false
consultas-1-listas-posteo.json,consultas-4-listas-posteo.json,18568.0,No Acotada B2,0.0,25,false
consultas-1-listas-posteo.json,consultas-4-listas-posteo.json,18568.0,SkipList,0.0,7,false
consultas-1-listas-posteo.json,consultas-4-listas-posteo.json,24011.0,Binaria Acotada,0.0,14,false
consultas-1-listas-posteo.json,consultas-4-listas-posteo.json,24011.0,Secuencial B0,5.9604644775390625e-6,10000,false
consultas-1-listas-posteo.json,consultas-4-listas-posteo.json,24011.0,No Acotada B1,0.0,25,false
consultas-1-listas-posteo.json,consultas-4-listas-posteo.json,24011.0,No Acotada B2,0.0,25,false
consultas-1-listas-posteo.json,consultas-4-listas-posteo.json,24011.0,SkipList,9.5367431640625e-7,7,false
consultas-1-listas-posteo.json,consultas-4-listas-posteo.json,11441.0,Binaria Acotada,0.0,14,false
consultas-1-listas-posteo.json,consultas-4-listas-posteo.json,11441.0,Secuencial B0,6.9141387939453125e-6,10000,false
consultas-1-listas-posteo.json,consultas-4-listas-posteo.json,11441.0,No Acotada B1,0.0,25,false
consultas-1-listas-posteo.json,consultas-4-listas-posteo.json,11441.0,No Acotada B2,0.0,25,false
consultas-1-listas-posteo.json,consultas-4-listas-posteo.json,11441.0,SkipList,0.0,7,false
consultas-1-listas-posteo.json,consultas-4-listas-posteo.json,742.0,Binaria Acotada,0.0,14,false
consultas-1-listas-posteo.json,consultas-4-listas-posteo.json,742.0,Secuencial B0,6.198883056640625e-6,10000,false
consultas-1-listas-posteo.json,consultas-4-listas-posteo.json,742.0,No Acotada B1,0.0,25,false
consultas-1-listas-posteo.json,consultas-4-listas-posteo.json,742.0,No Acotada B2,0.0,25,false
consultas-1-listas-posteo.json,consultas-4-listas-posteo.json,742.0,SkipList,0.0,7,false
consultas-1-listas-posteo.json,consultas-4-listas-posteo.json,23036.0,Binaria Acotada,0.0,14,false
consultas-1-listas-posteo.json,consultas-4-listas-posteo.json,23036.0,Secuencial B0,5.9604644775390625e-6,10000,false
consultas-1-listas-posteo.json,consultas-4-listas-posteo.json,23036.0,No Acotada B1,0.0,25,false
consultas-1-listas-posteo.json,consultas-4-listas-posteo.json,23036.0,No Acotada B2,0.0,25,false
consultas-1-listas-posteo.json,consultas-4-listas-posteo.json,23036.0,SkipList,1.1920928955078125e-6,7,false
consultas-1-listas-posteo.json,consultas-4-listas-posteo.json,25486.0,Binaria Acotada,0.0,14,false
consultas-1-listas-posteo.json,consultas-4-listas-posteo.json,25486.0,Secuencial B0,6.9141387939453125e-6,10000,false
consultas-1-listas-posteo.json,consultas-4-listas-posteo.json,25486.0,No Acotada B1,0.0,25,false
consultas-1-listas-posteo.json,consultas-4-listas-posteo.json,25486.0,No Acotada B2,0.0,25,false
consultas-1-listas-posteo.json,consultas-4-listas-posteo.json,25486.0,SkipList,0.0,7,false
consultas-1-listas-posteo.json,consultas-4-listas-posteo.json,35072.0,Binaria Acotada,9.5367431640625e-7,14,false
consultas-1-listas-posteo.json,consultas-4-listas-posteo.json,35072.0,Secuencial B0,5.9604644775390625e-6,10000,false
consultas-1-listas-posteo.json,consultas-4-listas-posteo.json,35072.0,No Acotada B1,0.0,25,false
consultas-1-listas-posteo.json,consultas-4-listas-posteo.json,35072.0,No Acotada B2,0.0,25,false
consultas-1-listas-posteo.json,consultas-4-listas-posteo.json,35072.0,SkipList,9.5367431640625e-7,7,false
consultas-1-listas-posteo.json,consultas-4-listas-posteo.json,29557.0,Binaria Acotada,0.0,14,false
consultas-1-listas-posteo.json,consultas-4-listas-posteo.json,29557.0,Secuencial B0,6.9141387939453125e-6,10000,false
consultas-1-listas-posteo.json,consultas-4-listas-posteo.json,29557.0,No Acotada B1,0.0,25,false
consultas-1-listas-posteo.json,consultas-4-listas-posteo.json,29557.0,No Acotada B2,0.0,25,false
consultas-1-listas-posteo.json,consultas-4-listas-posteo.json,29557.0,SkipList,0.0,7,false
consultas-1-listas-posteo.json,consultas-4-listas-posteo.json,15800.0,Binaria Acotada,0.0,14,false
consultas-1-listas-posteo.json,consultas-4-listas-posteo.json,15800.0,Secuencial B0,5.9604644775390625e-6,10000,false
consultas-1-listas-posteo.json,consultas-4-listas-posteo.json,15800.0,No Acotada B1,0.0,25,false
consultas-1-listas-posteo.json,consultas-4-listas-posteo.json,15800.0,No Acotada B2,0.0,25,false
consultas-1-listas-posteo.json,consultas-4-listas-posteo.json,15800.0,SkipList,0.0,7,false
consultas-1-listas-posteo.json,consultas-4-listas-posteo.json,20323.0,Binaria Acotada,9.5367431640625e-7,14,false
consultas-1-listas-posteo.json,consultas-4-listas-posteo.json,20323.0,Secuencial B0,5.9604644775390625e-6,10000,false
consultas-1-listas-posteo.json,consultas-4-listas-posteo.json,20323.0,No Acotada B1,0.0,25,false
consultas-1-listas-posteo.json,consultas-4-listas-posteo.json,20323.0,No Acotada B2,0.0,25,false
consultas-1-listas-posteo.json,consultas-4-listas-posteo.json,20323.0,SkipList,0.0,7,false
consultas-1-listas-posteo.json,consultas-4-listas-posteo.json,28728.0,Binaria Acotada,0.0,14,false
consultas-1-listas-posteo.json,consultas-4-listas-posteo.json,28728.0,Secuencial B0,6.9141387939453125e-6,10000,false
consultas-1-listas-posteo.json,consultas-4-listas-posteo.json,28728.0,No Acotada B1,0.0,25,false
consultas-1-listas-posteo.json,consultas-4-listas-posteo.json,28728.0,No Acotada B2,0.0,25,false
consultas-1-listas-posteo.json,consultas-4-listas-posteo.json,28728.0,SkipList,0.0,7,false
consultas-1-listas-posteo.json,consultas-4-listas-posteo.json,11833.0,Binaria Acotada,0.0,14,false
consultas-1-listas-posteo.json,consultas-4-listas-posteo.json,11833.0,Secuencial B0,7.152557373046875e-6,10000,false
consultas-1-listas-posteo.json,consultas-4-listas-posteo.json,11833.0,No Acotada B1,0.0,25,false
consultas-1-listas-posteo.json,consultas-4-listas-posteo.json,11833.0,No Acotada B2,9.5367431640625e-7,25,false
consultas-1-listas-posteo.json,consultas-4-listas-posteo.json,11833.0,SkipList,0.0,7,false
consultas-1-listas-posteo.json,consultas-3-listas-posteo.json,694.0,Binaria Acotada,0.0,14,false
consultas-1-listas-posteo.json,consultas-3-listas-posteo.json,694.0,Secuencial B0,5.9604644775390625e-6,10000,false
consultas-1-listas-posteo.json,consultas-3-listas-posteo.json,694.0,No Acotada B1,0.0,25,false
consultas-1-listas-posteo.json,consultas-3-listas-posteo.json,694.0,No Acotada B2,0.0,25,false
consultas-1-listas-posteo.json,consultas-3-listas-posteo.json,694.0,SkipList,1.1920928955078125e-6,7,false
consultas-1-listas-posteo.json,consultas-3-listas-posteo.json,555.0,Binaria Acotada,0.0,14,false
consultas-1-listas-posteo.json,consultas-3-listas-posteo.json,555.0,Secuencial B0,6.9141387939453125e-6,10000,false
consultas-1-listas-posteo.json,consultas-3-listas-posteo.json,555.0,No Acotada B1,0.0,25,false
consultas-1-listas-posteo.json,consultas-3-listas-posteo.json,555.0,No Acotada B2,0.0,25,false
consultas-1-listas-posteo.json,consultas-3-listas-posteo.json,555.0,SkipList,0.0,7,false
consultas-1-listas-posteo.json,consultas-3-listas-posteo.json,2078.0,Binaria Acotada,0.0,14,false
consultas-1-listas-posteo.json,consultas-3-listas-posteo.json,2078.0,Secuencial B0,5.9604644775390625e-6,10000,false
consultas-1-listas-posteo.json,consultas-3-listas-posteo.json,2078.0,No Acotada B1,1.1920928955078125e-6,25,false
consultas-1-listas-posteo.json,consultas-3-listas-posteo.json,2078.0,No Acotada B2,0.0,25,false
consultas-1-listas-posteo.json,consultas-3-listas-posteo.json,2078.0,SkipList,0.0,7,false
consultas-1-listas-posteo.json,consultas-3-listas-posteo.json,3674.0,Binaria Acotada,0.0,14,false
consultas-1-listas-posteo.json,consultas-3-listas-posteo.json,3674.0,Secuencial B0,5.9604644775390625e-6,10000,false
consultas-1-listas-posteo.json,consultas-3-listas-posteo.json,3674.0,No Acotada B1,0.0,25,false
consultas-1-listas-posteo.json,consultas-3-listas-posteo.json,3674.0,No Acotada B2,0.0,25,false
consultas-1-listas-posteo.json,consultas-3-listas-posteo.json,3674.0,SkipList,0.0,7,false
consultas-1-listas-posteo.json,consultas-3-listas-posteo.json,667.0,Binaria Acotada,0.0,14,false
consultas-1-listas-posteo.json,consultas-3-listas-posteo.json,667.0,Secuencial B0,1.71661376953125e-5,10000,false
consultas-1-listas-posteo.json,consultas-3-listas-posteo.json,667.0,No Acotada B1,0.0,25,false
consultas-1-listas-posteo.json,consultas-3-listas-posteo.json,667.0,No Acotada B2,0.0,25,false
consultas-1-listas-posteo.json,consultas-3-listas-posteo.json,667.0,SkipList,0.0,7,false
consultas-1-listas-posteo.json,consultas-3-listas-posteo.json,1144.0,Binaria Acotada,0.0,14,false
consultas-1-listas-posteo.json,consultas-3-listas-posteo.json,1144.0,Secuencial B0,5.0067901611328125e-6,10000,false
consultas-1-listas-posteo.json,consultas-3-listas-posteo.json,1144.0,No Acotada B1,0.0,25,false
consultas-1-listas-posteo.json,consultas-3-listas-posteo.json,1144.0,No Acotada B2,0.0,25,false
consultas-1-listas-posteo.json,consultas-3-listas-posteo.json,1144.0,SkipList,0.0,7,false
consultas-1-listas-posteo.json,consultas-3-listas-posteo.json,2329.0,Binaria Acotada,0.0,14,false
consultas-1-listas-posteo.json,consultas-3-listas-posteo.json,2329.0,Secuencial B0,5.9604644775390625e-6,10000,false
consultas-1-listas-posteo.json,consultas-3-listas-posteo.json,2329.0,No Acotada B1,0.0,25,false
consultas-1-listas-posteo.json,consultas-3-listas-posteo.json,2329.0,No Acotada B2,0.0,25,false
consultas-1-listas-posteo.json,consultas-3-listas-posteo.json,2329.0,SkipList,0.0,7,false
consultas-1-listas-posteo.json,consultas-3-listas-posteo.json,1163.0,Binaria Acotada,0.0,14,false
consultas-1-listas-posteo.json,consultas-3-listas-posteo.json,1163.0,Secuencial B0,7.152557373046875e-6,10000,false
consultas-1-listas-posteo.json,consultas-3-listas-posteo.json,1163.0,No Acotada B1,0.0,25,false
consultas-1-listas-posteo.json,consultas-3-listas-posteo.json,1163.0,No Acotada B2,9.5367431640625e-7,25,false
consultas-1-listas-posteo.json,consultas-3-listas-posteo.json,1163.0,SkipList,0.0,7,false
consultas-1-listas-posteo.json,consultas-3-listas-posteo.json,3398.0,Binaria Acotada,0.0,14,false
consultas-1-listas-posteo.json,consultas-3-listas-posteo.json,3398.0,Secuencial B0,5.9604644775390625e-6,10000,false
consultas-1-listas-posteo.json,consultas-3-listas-posteo.json,3398.0,No Acotada B1,9.5367431640625e-7,25,false
consultas-1-listas-posteo.json,consultas-3-listas-posteo.json,3398.0,No Acotada B2,0.0,25,false
consultas-1-listas-posteo.json,consultas-3-listas-posteo.json,3398.0,SkipList,0.0,7,false
consultas-1-listas-posteo.json,consultas-3-listas-posteo.json,3291.0,Binaria Acotada,0.0,14,false
consultas-1-listas-posteo.json,consultas-3-listas-posteo.json,3291.0,Secuencial B0,6.9141387939453125e-6,10000,false
consultas-1-listas-posteo.json,consultas-3-listas-posteo.json,3291.0,No Acotada B1,0.0,25,false
consultas-1-listas-posteo.json,consultas-3-listas-posteo.json,3291.0,No Acotada B2,0.0,25,false
consultas-1-listas-posteo.json,consultas-3-listas-posteo.json,3291.0,SkipList,0.0,7,false
consultas-1-listas-posteo.json,consultas-3-listas-posteo.json,2283.0,Binaria Acotada,0.0,14,false
consultas-1-listas-posteo.json,consultas-3-listas-posteo.json,2283.0,Secuencial B0,5.9604644775390625e-6,10000,false
consultas-1-listas-posteo.json,consultas-3-listas-posteo.json,2283.0,No Acotada B1,0.0,25,false
consultas-1-listas-posteo.json,consultas-3-listas-posteo.json,2283.0,No Acotada B2,0.0,25,false
consultas-1-listas-posteo.json,consultas-3-listas-posteo.json,2283.0,SkipList,0.0,7,false
consultas-1-listas-posteo.json,consultas-3-listas-posteo.json,279.0,Binaria Acotada,9.5367431640625e-7,14,false
consultas-1-listas-posteo.json,consultas-3-listas-posteo.json,279.0,Secuencial B0,5.0067901611328125e-6,10000,false
consultas-1-listas-posteo.json,consultas-3-listas-posteo.json,279.0,No Acotada B1,0.0,25,false
consultas-1-listas-posteo.json,consultas-3-listas-posteo.json,279.0,No Acotada B2,0.0,25,false
consultas-1-listas-posteo.json,consultas-3-listas-posteo.json,279.0,SkipList,0.0,7,false
consultas-1-listas-posteo.json,consultas-3-listas-posteo.json,3609.0,Binaria Acotada,0.0,14,false
consultas-1-listas-posteo.json,consultas-3-listas-posteo.json,3609.0,Secuencial B0,5.9604644775390625e-6,10000,false
consultas-1-listas-posteo.json,consultas-3-listas-posteo.json,3609.0,No Acotada B1,0.0,25,false
consultas-1-listas-posteo.json,consultas-3-listas-posteo.json,3609.0,No Acotada B2,0.0,25,false
consultas-1-listas-posteo.json,consultas-3-listas-posteo.json,3609.0,SkipList,9.5367431640625e-7,7,false
consultas-1-listas-posteo.json,consultas-3-listas-posteo.json,2574.0,Binaria Acotada,0.0,14,false
consultas-1-listas-posteo.json,consultas-3-listas-posteo.json,2574.0,Secuencial B0,6.9141387939453125e-6,10000,false
consultas-1-listas-posteo.json,consultas-3-listas-posteo.json,2574.0,No Acotada B1,0.0,25,false
consultas-1-listas-posteo.json,consultas-3-listas-posteo.json,2574.0,No Acotada B2,0.0,25,false
consultas-1-listas-posteo.json,consultas-3-listas-posteo.json,2574.0,SkipList,0.0,7,false
consultas-1-listas-posteo.json,consultas-3-listas-posteo.json,1640.0,Binaria Acotada,0.0,14,false
consultas-1-listas-posteo.json,consultas-3-listas-posteo.json,1640.0,Secuencial B0,5.9604644775390625e-6,10000,false
consultas-1-listas-posteo.json,consultas-3-listas-posteo.json,1640.0,No Acotada B1,0.0,25,false
consultas-1-listas-posteo.json,consultas-3-listas-posteo.json,1640.0,No Acotada B2,0.0,25,false
consultas-1-listas-posteo.json,consultas-3-listas-posteo.json,1640.0,SkipList,0.0,7,false
consultas-1-listas-posteo.json,consultas-3-listas-posteo.json,849.0,Binaria Acotada,0.0,14,false
consultas-1-listas-posteo.json,consultas-3-listas-posteo.json,849.0,Secuencial B0,5.9604644775390625e-6,10000,false
consultas-1-listas-posteo.json,consultas-3-listas-posteo.json,849.0,No Acotada B1,0.0,25,false
consultas-1-listas-posteo.json,consultas-3-listas-posteo.json,849.0,No Acotada B2,0.0,25,false
consultas-1-listas-posteo.json,consultas-3-listas-posteo.json,849.0,SkipList,0.0,7,false
consultas-1-listas-posteo.json,consultas-3-listas-posteo.json,611.0,Binaria Acotada,0.0,14,false
consultas-1-listas-posteo.json,consultas-3-listas-posteo.json,611.0,Secuencial B0,5.9604644775390625e-6,10000,false
consultas-1-listas-posteo.json,consultas-3-listas-posteo.json,611.0,No Acotada B1,0.0,25,false
consultas-1-listas-posteo.json,consultas-3-listas-posteo.json,611.0,No Acotada B2,0.0,25,false
consultas-1-listas-posteo.json,consultas-3-listas-posteo.json,611.0,SkipList,9.5367431640625e-7,7,false
consultas-1-listas-posteo.json,consultas-3-listas-posteo.json,1193.0,Binaria Acotada,0.0,14,false
consultas-1-listas-posteo.json,consultas-3-listas-posteo.json,1193.0,Secuencial B0,7.152557373046875e-6,10000,false
consultas-1-listas-posteo.json,consultas-3-listas-posteo.json,1193.0,No Acotada B1,0.0,25,false
consultas-1-listas-posteo.json,consultas-3-listas-posteo.json,1193.0,No Acotada B2,0.0,25,false
consultas-1-listas-posteo.json,consultas-3-listas-posteo.json,1193.0,SkipList,0.0,7,false
consultas-1-listas-posteo.json,consultas-3-listas-posteo.json,3115.0,Binaria Acotada,0.0,14,false
consultas-1-listas-posteo.json,consultas-3-listas-posteo.json,3115.0,Secuencial B0,6.9141387939453125e-6,10000,false
consultas-1-listas-posteo.json,consultas-3-listas-posteo.json,3115.0,No Acotada B1,0.0,25,false
consultas-1-listas-posteo.json,consultas-3-listas-posteo.json,3115.0,No Acotada B2,0.0,25,false
consultas-1-listas-posteo.json,consultas-3-listas-posteo.json,3115.0,SkipList,0.0,7,false
consultas-1-listas-posteo.json,consultas-3-listas-posteo.json,1377.0,Binaria Acotada,0.0,14,false
consultas-1-listas-posteo.json,consultas-3-listas-posteo.json,1377.0,Secuencial B0,5.9604644775390625e-6,10000,false
consultas-1-listas-posteo.json,consultas-3-listas-posteo.json,1377.0,No Acotada B1,0.0,25,false
consultas-1-listas-posteo.json,consultas-3-listas-posteo.json,1377.0,No Acotada B2,1.1920928955078125e-6,25,false
consultas-1-listas-posteo.json,consultas-3-listas-posteo.json,1377.0,SkipList,0.0,7,false
consultas-1-listas-posteo.json,consultas-3-listas-posteo.json,1105.0,Binaria Acotada,0.0,14,false
consultas-1-listas-posteo.json,consultas-3-listas-posteo.json,1105.0,Secuencial B0,5.9604644775390625e-6,10000,false
consultas-1-listas-posteo.json,consultas-3-listas-posteo.json,1105.0,No Acotada B1,9.5367431640625e-7,25,false
consultas-1-listas-posteo.json,consultas-3-listas-posteo.json,1105.0,No Acotada B2,0.0,25,false
consultas-1-listas-posteo.json,consultas-3-listas-posteo.json,1105.0,SkipList,0.0,7,false
consultas-1-listas-posteo.json,consultas-3-listas-posteo.json,677.0,Binaria Acotada,0.0,14,false
consultas-1-listas-posteo.json,consultas-3-listas-posteo.json,677.0,Secuencial B0,6.198883056640625e-6,10000,false
consultas-1-listas-posteo.json,consultas-3-listas-posteo.json,677.0,No Acotada B1,0.0,25,false
consultas-1-listas-posteo.json,consultas-3-listas-posteo.json,677.0,No Acotada B2,0.0,25,false
consultas-1-listas-posteo.json,consultas-3-listas-posteo.json,677.0,SkipList,0.0,7,false
consultas-1-listas-posteo.json,consultas-3-listas-posteo.json,2758.0,Binaria Acotada,0.0,14,false
consultas-1-listas-posteo.json,consultas-3-listas-posteo.json,2758.0,Secuencial B0,5.9604644775390625e-6,10000,false
consultas-1-listas-posteo.json,consultas-3-listas-posteo.json,2758.0,No Acotada B1,0.0,25,false
consultas-1-listas-posteo.json,consultas-3-listas-posteo.json,2758.0,No Acotada B2,0.0,25,false
consultas-1-listas-posteo.json,consultas-3-listas-posteo.json,2758.0,SkipList,0.0,7,false
consultas-1-listas-posteo.json,consultas-3-listas-posteo.json,1024.0,Binaria Acotada,0.0,14,false
consultas-1-listas-posteo.json,consultas-3-listas-posteo.json,1024.0,Secuencial B0,6.198883056640625e-6,10000,false
consultas-1-listas-posteo.json,consultas-3-listas-posteo.json,1024.0,No Acotada B1,0.0,25,false
consultas-1-listas-posteo.json,consultas-3-listas-posteo.json,1024.0,No Acotada B2,0.0,25,false
consultas-1-listas-posteo.json,consultas-3-listas-posteo.json,1024.0,SkipList,0.0,7,false
consultas-1-listas-posteo.json,consultas-3-listas-posteo.json,1759.0,Binaria Acotada,0.0,14,false
consultas-1-listas-posteo.json,consultas-3-listas-posteo.json,1759.0,Secuencial B0,5.9604644775390625e-6,10000,false
consultas-1-listas-posteo.json,consultas-3-listas-posteo.json,1759.0,No Acotada B1,0.0,25,false
consultas-1-listas-posteo.json,consultas-3-listas-posteo.json,1759.0,No Acotada B2,0.0,25,false
consultas-1-listas-posteo.json,consultas-3-listas-posteo.json,1759.0,SkipList,0.0,7,false
consultas-1-listas-posteo.json,consultas-3-listas-posteo.json,3388.0,Binaria Acotada,0.0,14,false
consultas-1-listas-posteo.json,consultas-3-listas-posteo.json,3388.0,Secuencial B0,6.9141387939453125e-6,10000,false
consultas-1-listas-posteo.json,consultas-3-listas-posteo.json,3388.0,No Acotada B1,0.0,25,false
consultas-1-listas-posteo.json,consultas-3-listas-posteo.json,3388.0,No Acotada B2,0.0,25,false
consultas-1-listas-posteo.json,consultas-3-listas-posteo.json,3388.0,SkipList,0.0,7,false
consultas-1-listas-posteo.json,consultas-3-listas-posteo.json,459.0,Binaria Acotada,1.1920928955078125e-6,14,false
consultas-1-listas-posteo.json,consultas-3-listas-posteo.json,459.0,Secuencial B0,5.9604644775390625e-6,10000,false
consultas-1-listas-posteo.json,consultas-3-listas-posteo.json,459.0,No Acotada B1,9.5367431640625e-7,25,false
consultas-1-listas-posteo.json,consultas-3-listas-posteo.json,459.0,No Acotada B2,0.0,25,false
consultas-1-listas-posteo.json,consultas-3-listas-posteo.json,459.0,SkipList,0.0,7,false
consultas-1-listas-posteo.json,consultas-3-listas-posteo.json,554.0,Binaria Acotada,0.0,14,false
consultas-1-listas-posteo.json,consultas-3-listas-posteo.json,554.0,Secuencial B0,6.9141387939453125e-6,10000,false
consultas-1-listas-posteo.json,consultas-3-listas-posteo.json,554.0,No Acotada B1,0.0,25,false
consultas-1-listas-posteo.json,consultas-3-listas-posteo.json,554.0,No Acotada B2,0.0,25,false
consultas-1-listas-posteo.json,consultas-3-listas-posteo.json,554.0,SkipList,0.0,7,false
consultas-1-listas-posteo.json,consultas-3-listas-posteo.json,682.0,Binaria Acotada,0.0,14,false
consultas-1-listas-posteo.json,consultas-3-listas-posteo.json,682.0,Secuencial B0,6.9141387939453125e-6,10000,false
consultas-1-listas-posteo.json,consultas-3-listas-posteo.json,682.0,No Acotada B1,0.0,25,false
consultas-1-listas-posteo.json,consultas-3-listas-posteo.json,682.0,No Acotada B2,0.0,25,false
consultas-1-listas-posteo.json,consultas-3-listas-posteo.json,682.0,SkipList,0.0,7,false
consultas-1-listas-posteo.json,consultas-3-listas-posteo.json,3275.0,Binaria Acotada,9.5367431640625e-7,14,false
consultas-1-listas-posteo.json,consultas-3-listas-posteo.json,3275.0,Secuencial B0,6.198883056640625e-6,10000,false
consultas-1-listas-posteo.json,consultas-3-listas-posteo.json,3275.0,No Acotada B1,0.0,25,false
consultas-1-listas-posteo.json,consultas-3-listas-posteo.json,3275.0,No Acotada B2,0.0,25,false
consultas-1-listas-posteo.json,consultas-3-listas-posteo.json,3275.0,SkipList,9.5367431640625e-7,7,false
consultas-1-listas-posteo.json,consultas-3-listas-posteo.json,2635.0,Binaria Acotada,0.0,14,false
consultas-1-listas-posteo.json,consultas-3-listas-posteo.json,2635.0,Secuencial B0,6.9141387939453125e-6,10000,false
consultas-1-listas-posteo.json,consultas-3-listas-posteo.json,2635.0,No Acotada B1,0.0,25,false
consultas-1-listas-posteo.json,consultas-3-listas-posteo.json,2635.0,No Acotada B2,0.0,25,false
consultas-1-listas-posteo.json,consultas-3-listas-posteo.json,2635.0,SkipList,0.0,7,false
consultas-1-listas-posteo.json,consultas-3-listas-posteo.json,544.0,Binaria Acotada,0.0,14,false
consultas-1-listas-posteo.json,consultas-3-listas-posteo.json,544.0,Secuencial B0,5.9604644775390625e-6,10000,false
consultas-1-listas-posteo.json,consultas-3-listas-posteo.json,544.0,No Acotada B1,0.0,25,false
consultas-1-listas-posteo.json,consultas-3-listas-posteo.json,544.0,No Acotada B2,0.0,25,false
consultas-1-listas-posteo.json,consultas-3-listas-posteo.json,544.0,SkipList,0.0,7,false
consultas-1-listas-posteo.json,consultas-3-listas-posteo.json,850.0,Binaria Acotada,0.0,14,false
consultas-1-listas-posteo.json,consultas-3-listas-posteo.json,850.0,Secuencial B0,5.9604644775390625e-6,10000,false
consultas-1-listas-posteo.json,consultas-3-listas-posteo.json,850.0,No Acotada B1,0.0,25,false
consultas-1-listas-posteo.json,consultas-3-listas-posteo.json,850.0,No Acotada B2,0.0,25,false
consultas-1-listas-posteo.json,consultas-3-listas-posteo.json,850.0,SkipList,9.5367431640625e-7,7,false
consultas-1-listas-posteo.json,consultas-3-listas-posteo.json,2373.0,Binaria Acotada,0.0,14,false
consultas-1-listas-posteo.json,consultas-3-listas-posteo.json,2373.0,Secuencial B0,6.9141387939453125e-6,10000,false
consultas-1-listas-posteo.json,consultas-3-listas-posteo.json,2373.0,No Acotada B1,0.0,25,false
consultas-1-listas-posteo.json,consultas-3-listas-posteo.json,2373.0,No Acotada B2,0.0,25,false
consultas-1-listas-posteo.json,consultas-3-listas-posteo.json,2373.0,SkipList,0.0,7,false
consultas-1-listas-posteo.json,consultas-3-listas-posteo.json,234.0,Binaria Acotada,0.0,14,false
consultas-1-listas-posteo.json,consultas-3-listas-posteo.json,234.0,Secuencial B0,7.152557373046875e-6,10000,false
consultas-1-listas-posteo.json,consultas-3-listas-posteo.json,234.0,No Acotada B1,0.0,25,false
consultas-1-listas-posteo.json,consultas-3-listas-posteo.json,234.0,No Acotada B2,0.0,25,false
consultas-1-listas-posteo.json,consultas-3-listas-posteo.json,234.0,SkipList,0.0,7,false
consultas-1-listas-posteo.json,consultas-3-listas-posteo.json,535.0,Binaria Acotada,0.0,14,false
consultas-1-listas-posteo.json,consultas-3-listas-posteo.json,535.0,Secuencial B0,5.9604644775390625e-6,10000,false
consultas-1-listas-posteo.json,consultas-3-listas-posteo.json,535.0,No Acotada B1,9.5367431640625e-7,25,false
consultas-1-listas-posteo.json,consultas-3-listas-posteo.json,535.0,No Acotada B2,0.0,25,false
consultas-1-listas-posteo.json,consultas-3-listas-posteo.json,535.0,SkipList,0.0,7,false
consultas-1-listas-posteo.json,consultas-3-listas-posteo.json,3734.0,Binaria Acotada,0.0,14,false
consultas-1-listas-posteo.json,consultas-3-listas-posteo.json,3734.0,Secuencial B0,5.9604644775390625e-6,10000,false
consultas-1-listas-posteo.json,consultas-3-listas-posteo.json,3734.0,No Acotada B1,0.0,25,false
consultas-1-listas-posteo.json,consultas-3-listas-posteo.json,3734.0,No Acotada B2,0.0,25,false
consultas-1-listas-posteo.json,consultas-3-listas-posteo.json,3734.0,SkipList,9.5367431640625e-7,7,false
consultas-1-listas-posteo.json,consultas-3-listas-posteo.json,2539.0,Binaria Acotada,0.0,14,false
consultas-1-listas-posteo.json,consultas-3-listas-posteo.json,2539.0,Secuencial B0,7.152557373046875e-6,10000,false
consultas-1-listas-posteo.json,consultas-3-listas-posteo.json,2539.0,No Acotada B1,0.0,25,false
consultas-1-listas-posteo.json,consultas-3-listas-posteo.json,2539.0,No Acotada B2,0.0,25,false
consultas-1-listas-posteo.json,consultas-3-listas-posteo.json,2539.0,SkipList,0.0,7,false
consultas-1-listas-posteo.json,consultas-3-listas-posteo.json,2711.0,Binaria Acotada,0.0,14,false
consultas-1-listas-posteo.json,consultas-3-listas-posteo.json,2711.0,Secuencial B0,5.9604644775390625e-6,10000,false
consultas-1-listas-posteo.json,consultas-3-listas-posteo.json,2711.0,No Acotada B1,0.0,25,false
consultas-1-listas-posteo.json,consultas-3-listas-posteo.json,2711.0,No Acotada B2,0.0,25,false
consultas-1-listas-posteo.json,consultas-3-listas-posteo.json,2711.0,SkipList,0.0,7,false
consultas-1-listas-posteo.json,consultas-3-listas-posteo.json,1513.0,Binaria Acotada,0.0,14,false
consultas-1-listas-posteo.json,consultas-3-listas-posteo.json,1513.0,Secuencial B0,5.9604644775390625e-6,10000,false
consultas-1-listas-posteo.json,consultas-3-listas-posteo.json,1513.0,No Acotada B1,0.0,25,false
consultas-1-listas-posteo.json,consultas-3-listas-posteo.json,1513.0,No Acotada B2,0.0,25,false
consultas-1-listas-posteo.json,consultas-3-listas-posteo.json,1513.0,SkipList,9.5367431640625e-7,7,false
consultas-1-listas-posteo.json,consultas-3-listas-posteo.json,919.0,Binaria Acotada,0.0,14,false
consultas-1-listas-posteo.json,consultas-3-listas-posteo.json,919.0,Secuencial B0,6.9141387939453125e-6,10000,false
consultas-1-listas-posteo.json,consultas-3-listas-posteo.json,919.0,No Acotada B1,0.0,25,false
consultas-1-listas-posteo.json,consultas-3-listas-posteo.json,919.0,No Acotada B2,1.1920928955078125e-6,25,false
consultas-1-listas-posteo.json,consultas-3-listas-posteo.json,919.0,SkipList,0.0,7,false
consultas-1-listas-posteo.json,consultas-3-listas-posteo.json,339.0,Binaria Acotada,0.0,14,false
consultas-1-listas-posteo.json,consultas-3-listas-posteo.json,339.0,Secuencial B0,5.9604644775390625e-6,10000,false
consultas-1-listas-posteo.json,consultas-3-listas-posteo.json,339.0,No Acotada B1,9.5367431640625e-7,25,false
consultas-1-listas-posteo.json,consultas-3-listas-posteo.json,339.0,No Acotada B2,0.0,25,false
consultas-1-listas-posteo.json,consultas-3-listas-posteo.json,339.0,SkipList,0.0,7,false
consultas-1-listas-posteo.json,consultas-3-listas-posteo.json,2975.0,Binaria Acotada,0.0,14,false
consultas-1-listas-posteo.json,consultas-3-listas-posteo.json,2975.0,Secuencial B0,6.198883056640625e-6,10000,false
consultas-1-listas-posteo.json,consultas-3-listas-posteo.json,2975.0,No Acotada B1,0.0,25,false
consultas-1-listas-posteo.json,consultas-3-listas-posteo.json,2975.0,No Acotada B2,0.0,25,false
consultas-1-listas-posteo.json,consultas-3-listas-posteo.json,2975.0,SkipList,9.5367431640625e-7,7,false
consultas-1-listas-posteo.json,consultas-3-listas-posteo.json,1093.0,Binaria Acotada,0.0,14,false
consultas-1-listas-posteo.json,consultas-3-listas-posteo.json,1093.0,Secuencial B0,6.9141387939453125e-6,10000,false
consultas-1-listas-posteo.json,consultas-3-listas-posteo.json,1093.0,No Acotada B1,0.0,25,false
consultas-1-listas-posteo.json,consultas-3-listas-posteo.json,1093.0,No Acotada B2,0.0,25,false
consultas-1-listas-posteo.json,consultas-3-listas-posteo.json,1093.0,SkipList,0.0,7,false
consultas-1-listas-posteo.json,consultas-3-listas-posteo.json,3386.0,Binaria Acotada,0.0,14,false
consultas-1-listas-posteo.json,consultas-3-listas-posteo.json,3386.0,Secuencial B0,5.9604644775390625e-6,10000,false
consultas-1-listas-posteo.json,consultas-3-listas-posteo.json,3386.0,No Acotada B1,0.0,25,false
consultas-1-listas-posteo.json,consultas-3-listas-posteo.json,3386.0,No Acotada B2,0.0,25,false
consultas-1-listas-posteo.json,consultas-3-listas-posteo.json,3386.0,SkipList,0.0,7,false
consultas-1-listas-posteo.json,consultas-3-listas-posteo.json,1450.0,Binaria Acotada,0.0,14,false
consultas-1-listas-posteo.json,consultas-3-listas-posteo.json,1450.0,Secuencial B0,5.9604644775390625e-6,10000,false
consultas-1-listas-posteo.json,consultas-3-listas-posteo.json,1450.0,No Acotada B1,0.0,25,false
consultas-1-listas-posteo.json,consultas-3-listas-posteo.json,1450.0,No Acotada B2,0.0,25,false
consultas-1-listas-posteo.json,consultas-3-listas-posteo.json,1450.0,SkipList,9.5367431640625e-7,7,false
consultas-1-listas-posteo.json,consultas-3-listas-posteo.json,1824.0,Binaria Acotada,0.0,14,false
consultas-1-listas-posteo.json,consultas-3-listas-posteo.json,1824.0,Secuencial B0,6.9141387939453125e-6,10000,false
consultas-1-listas-posteo.json,consultas-3-listas-posteo.json,1824.0,No Acotada B1,0.0,25,false
consultas-1-listas-posteo.json,consultas-3-listas-posteo.json,1824.0,No Acotada B2,0.0,25,false
consultas-1-listas-posteo.json,consultas-3-listas-posteo.json,1824.0,SkipList,0.0,7,false
consultas-1-listas-posteo.json,consultas-3-listas-posteo.json,274.0,Binaria Acotada,0.0,14,false
consultas-1-listas-posteo.json,consultas-3-listas-posteo.json,274.0,Secuencial B0,5.9604644775390625e-6,10000,false
consultas-1-listas-posteo.json,consultas-3-listas-posteo.json,274.0,No Acotada B1,0.0,25,false
consultas-1-listas-posteo.json,consultas-3-listas-posteo.json,274.0,No Acotada B2,0.0,25,false
consultas-1-listas-posteo.json,consultas-3-listas-posteo.json,274.0,SkipList,0.0,7,false
consultas-1-listas-posteo.json,consultas-3-listas-posteo.json,1161.0,Binaria Acotada,9.5367431640625e-7,14,false
consultas-1-listas-posteo.json,consultas-3-listas-posteo.json,1161.0,Secuencial B0,5.9604644775390625e-6,10000,false
consultas-1-listas-posteo.json,consultas-3-listas-posteo.json,1161.0,No Acotada B1,0.0,25,false
consultas-1-listas-posteo.json,consultas-3-listas-posteo.json,1161.0,No Acotada B2,0.0,25,false
consultas-1-listas-posteo.json,consultas-3-listas-posteo.json,1161.0,SkipList,0.0,7,false
consultas-1-listas-posteo.json,consultas-3-listas-posteo.json,3529.0,Binaria Acotada,0.0,14,false
consultas-1-listas-posteo.json,consultas-3-listas-posteo.json,3529.0,Secuencial B0,6.9141387939453125e-6,10000,false
consultas-1-listas-posteo.json,consultas-3-listas-posteo.json,3529.0,No Acotada B1,0.0,25,false
consultas-1-listas-posteo.json,consultas-3-listas-posteo.json,3529.0,No Acotada B2,0.0,25,false
consultas-1-listas-posteo.json,consultas-3-listas-posteo.json,3529.0,SkipList,0.0,7,false
consultas-1-listas-posteo.json,consultas-3-listas-posteo.json,367.0,Binaria Acotada,0.0,14,false
consultas-1-listas-posteo.json,consultas-3-listas-posteo.json,367.0,Secuencial B0,7.152557373046875e-6,10000,false
consultas-1-listas-posteo.json,consultas-3-listas-posteo.json,367.0,No Acotada B1,0.0,25,false
consultas-1-listas-posteo.json,consultas-3-listas-posteo.json,367.0,No Acotada B2,0.0,25,false
consultas-1-listas-posteo.json,consultas-3-listas-posteo.json,367.0,SkipList,0.0,7,false
consultas-1-listas-posteo.json,consultas-3-listas-posteo.json,2507.0,Binaria Acotada,9.5367431640625e-7,14,false
consultas-1-listas-posteo.json,consultas-3-listas-posteo.json,2507.0,Secuencial B0,5.9604644775390625e-6,10000,false
consultas-1-listas-posteo.json,consultas-3-listas-posteo.json,2507.0,No Acotada B1,9.5367431640625e-7,25,false
consultas-1-listas-posteo.json,consultas-3-listas-posteo.json,2507.0,No Acotada B2,0.0,25,false
consultas-1-listas-posteo.json,consultas-3-listas-posteo.json,2507.0,SkipList,0.0,7,false
consultas-1-listas-posteo.json,consultas-3-listas-posteo.json,2821.0,Binaria Acotada,0.0,14,false
consultas-1-listas-posteo.json,consultas-3-listas-posteo.json,2821.0,Secuencial B0,5.9604644775390625e-6,10000,false
consultas-1-listas-posteo.json,consultas-3-listas-posteo.json,2821.0,No Acotada B1,0.0,25,false
consultas-1-listas-posteo.json,consultas-3-listas-posteo.json,2821.0,No Acotada B2,0.0,25,false
consultas-1-listas-posteo.json,consultas-3-listas-posteo.json,2821.0,SkipList,0.0,7,false
consultas-1-listas-posteo.json,consultas-3-listas-posteo.json,238.0,Binaria Acotada,0.0,14,false
consultas-1-listas-posteo.json,consultas-3-listas-posteo.json,238.0,Secuencial B0,6.9141387939453125e-6,10000,false
consultas-1-listas-posteo.json,consultas-3-listas-posteo.json,238.0,No Acotada B1,0.0,25,false
consultas-1-listas-posteo.json,consultas-3-listas-posteo.json,238.0,No Acotada B2,1.1920928955078125e-6,25,false
consultas-1-listas-posteo.json,consultas-3-listas-posteo.json,238.0,SkipList,0.0,7,false
consultas-1-listas-posteo.json,consultas-3-listas-posteo.json,2039.0,Binaria Acotada,0.0,14,false
consultas-1-listas-posteo.json,consultas-3-listas-posteo.json,2039.0,Secuencial B0,5.9604644775390625e-6,10000,false
consultas-1-listas-posteo.json,consultas-3-listas-posteo.json,2039.0,No Acotada B1,0.0,25,false
consultas-1-listas-posteo.json,consultas-3-listas-posteo.json,2039.0,No Acotada B2,0.0,25,false
consultas-1-listas-posteo.json,consultas-3-listas-posteo.json,2039.0,SkipList,0.0,7,false
consultas-1-listas-posteo.json,consultas-3-listas-posteo.json,1276.0,Binaria Acotada,0.0,14,false
consultas-1-listas-posteo.json,consultas-3-listas-posteo.json,1276.0,Secuencial B0,6.198883056640625e-6,10000,false
consultas-1-listas-posteo.json,consultas-3-listas-posteo.json,1276.0,No Acotada B1,0.0,25,false
consultas-1-listas-posteo.json,consultas-3-listas-posteo.json,1276.0,No Acotada B2,0.0,25,false
consultas-1-listas-posteo.json,consultas-3-listas-posteo.json,1276.0,SkipList,9.5367431640625e-7,7,false
consultas-1-listas-posteo.json,consultas-3-listas-posteo.json,3482.0,Binaria Acotada,0.0,14,false
consultas-1-listas-posteo.json,consultas-3-listas-posteo.json,3482.0,Secuencial B0,6.9141387939453125e-6,10000,false
consultas-1-listas-posteo.json,consultas-3-listas-posteo.json,3482.0,No Acotada B1,0.0,25,false
consultas-1-listas-posteo.json,consultas-3-listas-posteo.json,3482.0,No Acotada B2,9.5367431640625e-7,25,false
consultas-1-listas-posteo.json,consultas-3-listas-posteo.json,3482.0,SkipList,0.0,7,false
consultas-1-listas-posteo.json,consultas-3-listas-posteo.json,2512.0,Binaria Acotada,0.0,14,false
consultas-1-listas-posteo.json,consultas-3-listas-posteo.json,2512.0,Secuencial B0,5.9604644775390625e-6,10000,false
consultas-1-listas-posteo.json,consultas-3-listas-posteo.json,2512.0,No Acotada B1,9.5367431640625e-7,25,false
consultas-1-listas-posteo.json,consultas-3-listas-posteo.json,2512.0,No Acotada B2,0.0,25,false
consultas-1-listas-posteo.json,consultas-3-listas-posteo.json,2512.0,SkipList,9.5367431640625e-7,7,false
consultas-1-listas-posteo.json,consultas-3-listas-posteo.json,267.0,Binaria Acotada,0.0,14,false
consultas-1-listas-posteo.json,consultas-3-listas-posteo.json,267.0,Secuencial B0,7.152557373046875e-6,10000,false
consultas-1-listas-posteo.json,consultas-3-listas-posteo.json,267.0,No Acotada B1,0.0,25,false
consultas-1-listas-posteo.json,consultas-3-listas-posteo.json,267.0,No Acotada B2,0.0,25,false
consultas-1-listas-posteo.json,consultas-3-listas-posteo.json,267.0,SkipList,0.0,7,false
consultas-1-listas-posteo.json,consultas-3-listas-posteo.json,3160.0,Binaria Acotada,0.0,14,false
consultas-1-listas-posteo.json,consultas-3-listas-posteo.json,3160.0,Secuencial B0,6.9141387939453125e-6,10000,false
consultas-1-listas-posteo.json,consultas-3-listas-posteo.json,3160.0,No Acotada B1,0.0,25,false
consultas-1-listas-posteo.json,consultas-3-listas-posteo.json,3160.0,No Acotada B2,0.0,25,false
consultas-1-listas-posteo.json,consultas-3-listas-posteo.json,3160.0,SkipList,0.0,7,false
consultas-1-listas-posteo.json,consultas-3-listas-posteo.json,1445.0,Binaria Acotada,1.1920928955078125e-6,14,false
consultas-1-listas-posteo.json,consultas-3-listas-posteo.json,1445.0,Secuencial B0,5.9604644775390625e-6,10000,false
consultas-1-listas-posteo.json,consultas-3-listas-posteo.json,1445.0,No Acotada B1,0.0,25,false
consultas-1-listas-posteo.json,consultas-3-listas-posteo.json,1445.0,No Acotada B2,0.0,25,false
consultas-1-listas-posteo.json,consultas-3-listas-posteo.json,1445.0,SkipList,0.0,7,false
consultas-1-listas-posteo.json,consultas-3-listas-posteo.json,1829.0,Binaria Acotada,0.0,14,false
consultas-1-listas-posteo.json,consultas-3-listas-posteo.json,1829.0,Secuencial B0,6.9141387939453125e-6,10000,false
consultas-1-listas-posteo.json,consultas-3-listas-posteo.json,1829.0,No Acotada B1,0.0,25,false
consultas-1-listas-posteo.json,consultas-3-listas-posteo.json,1829.0,No Acotada B2,1.1920928955078125e-6,25,false
consultas-1-listas-posteo.json,consultas-3-listas-posteo.json,1829.0,SkipList,0.0,7,false
consultas-1-listas-posteo.json,consultas-3-listas-posteo.json,60.0,Binaria Acotada,0.0,14,false
consultas-1-listas-posteo.json,consultas-3-listas-posteo.json,60.0,Secuencial B0,5.9604644775390625e-6,10000,false
consultas-1-listas-posteo.json,consultas-3-listas-posteo.json,60.0,No Acotada B1,9.5367431640625e-7,25,false
consultas-1-listas-posteo.json,consultas-3-listas-posteo.json,60.0,No Acotada B2,0.0,25,false
consultas-1-listas-posteo.json,consultas-3-listas-posteo.json,60.0,SkipList,0.0,7,false
consultas-1-listas-posteo.json,consultas-3-listas-posteo.json,3520.0,Binaria Acotada,0.0,14,false
consultas-1-listas-posteo.json,consultas-3-listas-posteo.json,3520.0,Secuencial B0,6.198883056640625e-6,10000,false
consultas-1-listas-posteo.json,consultas-3-listas-posteo.json,3520.0,No Acotada B1,0.0,25,false
consultas-1-listas-posteo.json,consultas-3-listas-posteo.json,3520.0,No Acotada B2,0.0,25,false
consultas-1-listas-posteo.json,consultas-3-listas-posteo.json,3520.0,SkipList,0.0,7,false
consultas-1-listas-posteo.json,consultas-3-listas-posteo.json,2842.0,Binaria Acotada,0.0,14,false
consultas-1-listas-posteo.json,consultas-3-listas-posteo.json,2842.0,Secuencial B0,5.9604644775390625e-6,10000,false
consultas-1-listas-posteo.json,consultas-3-listas-posteo.json,2842.0,No Acotada B1,0.0,25,false
consultas-1-listas-posteo.json,consultas-3-listas-posteo.json,2842.0,No Acotada B2,0.0,25,false
consultas-1-listas-posteo.json,consultas-3-listas-posteo.json,2842.0,SkipList,0.0,7,false
consultas-1-listas-posteo.json,consultas-3-listas-posteo.json,83.0,Binaria Acotada,0.0,14,false
consultas-1-listas-posteo.json,consultas-3-listas-posteo.json,83.0,Secuencial B0,5.9604644775390625e-6,10000,false
consultas-1-listas-posteo.json,consultas-3-listas-posteo.json,83.0,No Acotada B1,0.0,25,false
consultas-1-listas-posteo.json,consultas-3-listas-posteo.json,83.0,No Acotada B2,0.0,25,false
consultas-1-listas-posteo.json,consultas-3-listas-posteo.json,83.0,SkipList,1.1920928955078125e-6,7,false
consultas-1-listas-posteo.json,consultas-3-listas-posteo.json,2907.0,Binaria Acotada,0.0,14,false
consultas-1-listas-posteo.json,consultas-3-listas-posteo.json,2907.0,Secuencial B0,6.9141387939453125e-6,10000,false
consultas-1-listas-posteo.json,consultas-3-listas-posteo.json,2907.0,No Acotada B1,0.0,25,false
consultas-1-listas-posteo.json,consultas-3-listas-posteo.json,2907.0,No Acotada B2,0.0,25,false
consultas-1-listas-posteo.json,consultas-3-listas-posteo.json,2907.0,SkipList,0.0,7,false
consultas-1-listas-posteo.json,consultas-3-listas-posteo.json,279.0,Binaria Acotada,0.0,14,false
consultas-1-listas-posteo.json,consultas-3-listas-posteo.json,279.0,Secuencial B0,6.198883056640625e-6,10000,false
consultas-1-listas-posteo.json,consultas-3-listas-posteo.json,279.0,No Acotada B1,0.0,25,false
consultas-1-listas-posteo.json,consultas-3-listas-posteo.json,279.0,No Acotada B2,0.0,25,false
consultas-1-listas-posteo.json,consultas-3-listas-posteo.json,279.0,SkipList,0.0,7,false
consultas-1-listas-posteo.json,consultas-3-listas-posteo.json,270.0,Binaria Acotada,0.0,14,false
consultas-1-listas-posteo.json,consultas-3-listas-posteo.json,270.0,Secuencial B0,5.9604644775390625e-6,10000,false
consultas-1-listas-posteo.json,consultas-3-listas-posteo.json,270.0,No Acotada B1,0.0,25,false
consultas-1-listas-posteo.json,consultas-3-listas-posteo.json,270.0,No Acotada B2,0.0,25,false
consultas-1-listas-posteo.json,consultas-3-listas-posteo.json,270.0,SkipList,9.5367431640625e-7,7,false
consultas-1-listas-posteo.json,consultas-3-listas-posteo.json,691.0,Binaria Acotada,0.0,14,false
consultas-1-listas-posteo.json,consultas-3-listas-posteo.json,691.0,Secuencial B0,7.152557373046875e-6,10000,false
consultas-1-listas-posteo.json,consultas-3-listas-posteo.json,691.0,No Acotada B1,0.0,25,false
consultas-1-listas-posteo.json,consultas-3-listas-posteo.json,691.0,No Acotada B2,0.0,25,false
consultas-1-listas-posteo.json,consultas-3-listas-posteo.json,691.0,SkipList,0.0,7,false
consultas-1-listas-posteo.json,consultas-3-listas-posteo.json,197.0,Binaria Acotada,0.0,14,false
consultas-1-listas-posteo.json,consultas-3-listas-posteo.json,197.0,Secuencial B0,5.9604644775390625e-6,10000,false
consultas-1-listas-posteo.json,consultas-3-listas-posteo.json,197.0,No Acotada B1,0.0,25,false
consultas-1-listas-posteo.json,consultas-3-listas-posteo.json,197.0,No Acotada B2,0.0,25,false
consultas-1-listas-posteo.json,consultas-3-listas-posteo.json,197.0,SkipList,0.0,7,false
consultas-1-listas-posteo.json,consultas-3-listas-posteo.json,1271.0,Binaria Acotada,0.0,14,false
consultas-1-listas-posteo.json,consultas-3-listas-posteo.json,1271.0,Secuencial B0,5.9604644775390625e-6,10000,false
consultas-1-listas-posteo.json,consultas-3-listas-posteo.json,1271.0,No Acotada B1,0.0,25,false
consultas-1-listas-posteo.json,consultas-3-listas-posteo.json,1271.0,No Acotada B2,0.0,25,false
consultas-1-listas-posteo.json,consultas-3-listas-posteo.json,1271.0,SkipList,9.5367431640625e-7,7,false
consultas-1-listas-posteo.json,consultas-3-listas-posteo.json,1783.0,Binaria Acotada,0.0,14,false
consultas-1-listas-posteo.json,consultas-3-listas-posteo.json,1783.0,Secuencial B0,7.152557373046875e-6,10000,false
consultas-1-listas-posteo.json,consultas-3-listas-posteo.json,1783.0,No Acotada B1,0.0,25,false
consultas-1-listas-posteo.json,consultas-3-listas-posteo.json,1783.0,No Acotada B2,0.0,25,false
consultas-1-listas-posteo.json,consultas-3-listas-posteo.json,1783.0,SkipList,0.0,7,false
consultas-1-listas-posteo.json,consultas-3-listas-posteo.json,2152.0,Binaria Acotada,0.0,14,false
consultas-1-listas-posteo.json,consultas-3-listas-posteo.json,2152.0,Secuencial B0,5.9604644775390625e-6,10000,false
consultas-1-listas-posteo.json,consultas-3-listas-posteo.json,2152.0,No Acotada B1,0.0,25,false
consultas-1-listas-posteo.json,consultas-3-listas-posteo.json,2152.0,No Acotada B2,0.0,25,false
consultas-1-listas-posteo.json,consultas-3-listas-posteo.json,2152.0,SkipList,0.0,7,false
consultas-1-listas-posteo.json,consultas-3-listas-posteo.json,2714.0,Binaria Acotada,0.0,14,false
consultas-1-listas-posteo.json,consultas-3-listas-posteo.json,2714.0,Secuencial B0,5.9604644775390625e-6,10000,false
consultas-1-listas-posteo.json,consultas-3-listas-posteo.json,2714.0,No Acotada B1,0.0,25,false
consultas-1-listas-posteo.json,consultas-3-listas-posteo.json,2714.0,No Acotada B2,0.0,25,false
consultas-1-listas-posteo.json,consultas-3-listas-posteo.json,2714.0,SkipList,9.5367431640625e-7,7,false
consultas-1-listas-posteo.json,consultas-3-listas-posteo.json,414.0,Binaria Acotada,0.0,14,false
consultas-1-listas-posteo.json,consultas-3-listas-posteo.json,414.0,Secuencial B0,7.152557373046875e-6,10000,false
consultas-1-listas-posteo.json,consultas-3-listas-posteo.json,414.0,No Acotada B1,0.0,25,false
consultas-1-listas-posteo.json,consultas-3-listas-posteo.json,414.0,No Acotada B2,0.0,25,false
consultas-1-listas-posteo.json,consultas-3-listas-posteo.json,414.0,SkipList,0.0,7,false
consultas-1-listas-posteo.json,consultas-3-listas-posteo.json,313.0,Binaria Acotada,0.0,14,false
consultas-1-listas-posteo.json,consultas-3-listas-posteo.json,313.0,Secuencial B0,5.9604644775390625e-6,10000,false
consultas-1-listas-posteo.json,consultas-3-listas-posteo.json,313.0,No Acotada B1,0.0,25,false
consultas-1-listas-posteo.json,consultas-3-listas-posteo.json,313.0,No Acotada B2,0.0,25,false
consultas-1-listas-posteo.json,consultas-3-listas-posteo.json,313.0,SkipList,0.0,7,false
consultas-1-listas-posteo.json,consultas-3-listas-posteo.json,175.0,Binaria Acotada,1.1920928955078125e-6,14,false
consultas-1-listas-posteo.json,consultas-3-listas-posteo.json,175.0,Secuencial B0,5.9604644775390625e-6,10000,false
consultas-1-listas-posteo.json,consultas-3-listas-posteo.json,175.0,No Acotada B1,0.0,25,false
consultas-1-listas-posteo.json,consultas-3-listas-posteo.json,175.0,No Acotada B2,0.0,25,false
consultas-1-listas-posteo.json,consultas-3-listas-posteo.json,175.0,SkipList,0.0,7,false
consultas-1-listas-posteo.json,consultas-3-listas-posteo.json,1826.0,Binaria Acotada,0.0,14,false
consultas-1-listas-posteo.json,consultas-3-listas-posteo.json,1826.0,Secuencial B0,6.9141387939453125e-6,10000,false
consultas-1-listas-posteo.json,consultas-3-listas-posteo.json,1826.0,No Acotada B1,0.0,25,false
consultas-1-listas-posteo.json,consultas-3-listas-posteo.json,1826.0,No Acotada B2,0.0,25,false
consultas-1-listas-posteo.json,consultas-3-listas-posteo.json,1826.0,SkipList,0.0,7,false
consultas-1-listas-posteo.json,consultas-3-listas-posteo.json,415.0,Binaria Acotada,0.0,14,false
consultas-1-listas-posteo.json,consultas-3-listas-posteo.json,415.0,Secuencial B0,6.9141387939453125e-6,10000,false
consultas-1-listas-posteo.json,consultas-3-listas-posteo.json,415.0,No Acotada B1,0.0,25,false
consultas-1-listas-posteo.json,consultas-3-listas-posteo.json,415.0,No Acotada B2,0.0,25,false
consultas-1-listas-posteo.json,consultas-3-listas-posteo.json,415.0,SkipList,0.0,7,false
consultas-1-listas-posteo.json,consultas-3-listas-posteo.json,2957.0,Binaria Acotada,0.0,14,false
consultas-1-listas-posteo.json,consultas-3-listas-posteo.json,2957.0,Secuencial B0,6.198883056640625e-6,10000,false
consultas-1-listas-posteo.json,consultas-3-listas-posteo.json,2957.0,No Acotada B1,9.5367431640625e-7,25,false
consultas-1-listas-posteo.json,consultas-3-listas-posteo.json,2957.0,No Acotada B2,0.0,25,false
consultas-1-listas-posteo.json,consultas-3-listas-posteo.json,2957.0,SkipList,0.0,7,false
consultas-1-listas-posteo.json,consultas-3-listas-posteo.json,2942.0,Binaria Acotada,0.0,14,false
consultas-1-listas-posteo.json,consultas-3-listas-posteo.json,2942.0,Secuencial B0,5.9604644775390625e-6,10000,false
consultas-1-listas-posteo.json,consultas-3-listas-posteo.json,2942.0,No Acotada B1,0.0,25,false
consultas-1-listas-posteo.json,consultas-3-listas-posteo.json,2942.0,No Acotada B2,0.0,25,false
consultas-1-listas-posteo.json,consultas-3-listas-posteo.json,2942.0,SkipList,9.5367431640625e-7,7,false
consultas-1-listas-posteo.json,consultas-3-listas-posteo.json,2830.0,Binaria Acotada,0.0,14,false
consultas-1-listas-posteo.json,consultas-3-listas-posteo.json,2830.0,Secuencial B0,7.152557373046875e-6,10000,false
consultas-1-listas-posteo.json,consultas-3-listas-posteo.json,2830.0,No Acotada B1,0.0,25,false
consultas-1-listas-posteo.json,consultas-3-listas-posteo.json,2830.0,No Acotada B2,0.0,25,false
consultas-1-listas-posteo.json,consultas-3-listas-posteo.json,2830.0,SkipList,0.0,7,false
consultas-1-listas-posteo.json,consultas-3-listas-posteo.json,850.0,Binaria Acotada,9.5367431640625e-7,14,false
consultas-1-listas-posteo.json,consultas-3-listas-posteo.json,850.0,Secuencial B0,5.9604644775390625e-6,10000,false
consultas-1-listas-posteo.json,consultas-3-listas-posteo.json,850.0,No Acotada B1,0.0,25,false
consultas-1-listas-posteo.json,consultas-3-listas-posteo.json,850.0,No Acotada B2,0.0,25,false
consultas-1-listas-posteo.json,consultas-3-listas-posteo.json,850.0,SkipList,9.5367431640625e-7,7,false
consultas-1-listas-posteo.json,consultas-3-listas-posteo.json,2629.0,Binaria Acotada,0.0,14,false
consultas-1-listas-posteo.json,consultas-3-listas-posteo.json,2629.0,Secuencial B0,6.9141387939453125e-6,10000,false
consultas-1-listas-posteo.json,consultas-3-listas-posteo.json,2629.0,No Acotada B1,0.0,25,false
consultas-1-listas-posteo.json,consultas-3-listas-posteo.json,2629.0,No Acotada B2,0.0,25,false
consultas-1-listas-posteo.json,consultas-3-listas-posteo.json,2629.0,SkipList,0.0,7,false
consultas-1-listas-posteo.json,consultas-3-listas-posteo.json,1738.0,Binaria Acotada,9.5367431640625e-7,14,false
consultas-1-listas-posteo.json,consultas-3-listas-posteo.json,1738.0,Secuencial B0,5.0067901611328125e-6,10000,false
consultas-1-listas-posteo.json,consultas-3-listas-posteo.json,1738.0,No Acotada B1,0.0,25,false
consultas-1-listas-posteo.json,consultas-3-listas-posteo.json,1738.0,No Acotada B2,0.0,25,false
consultas-1-listas-posteo.json,consultas-3-listas-posteo.json,1738.0,SkipList,9.5367431640625e-7,7,false
consultas-1-listas-posteo.json,consultas-3-listas-posteo.json,268.0,Binaria Acotada,0.0,14,false
consultas-1-listas-posteo.json,consultas-3-listas-posteo.json,268.0,Secuencial B0,6.9141387939453125e-6,10000,false
consultas-1-listas-posteo.json,consultas-3-listas-posteo.json,268.0,No Acotada B1,0.0,25,false
consultas-1-listas-posteo.json,consultas-3-listas-posteo.json,268.0,No Acotada B2,1.1920928955078125e-6,25,false
consultas-1-listas-posteo.json,consultas-3-listas-posteo.json,268.0,SkipList,0.0,7,false
consultas-1-listas-posteo.json,consultas-3-listas-posteo.json,814.0,Binaria Acotada,0.0,14,false
consultas-1-listas-posteo.json,consultas-3-listas-posteo.json,814.0,Secuencial B0,5.9604644775390625e-6,10000,false
consultas-1-listas-posteo.json,consultas-3-listas-posteo.json,814.0,No Acotada B1,0.0,25,false
consultas-1-listas-posteo.json,consultas-3-listas-posteo.json,814.0,No Acotada B2,0.0,25,false
consultas-1-listas-posteo.json,consultas-3-listas-posteo.json,814.0,SkipList,0.0,7,false
consultas-1-listas-posteo.json,consultas-3-listas-posteo.json,2311.0,Binaria Acotada,0.0,14,false
consultas-1-listas-posteo.json,consultas-3-listas-posteo.json,2311.0,Secuencial B0,6.198883056640625e-6,10000,false
consultas-1-listas-posteo.json,consultas-3-listas-posteo.json,2311.0,No Acotada B1,0.0,25,false
consultas-1-listas-posteo.json,consultas-3-listas-posteo.json,2311.0,No Acotada B2,0.0,25,false
consultas-1-listas-posteo.json,consultas-3-listas-posteo.json,2311.0,SkipList,0.0,7,false
consultas-1-listas-posteo.json,consultas-3-listas-posteo.json,2434.0,Binaria Acotada,0.0,14,false
consultas-1-listas-posteo.json,consultas-3-listas-posteo.json,2434.0,Secuencial B0,6.9141387939453125e-6,10000,false
consultas-1-listas-posteo.json,consultas-3-listas-posteo.json,2434.0,No Acotada B1,0.0,25,false
consultas-1-listas-posteo.json,consultas-3-listas-posteo.json,2434.0,No Acotada B2,0.0,25,false
consultas-1-listas-posteo.json,consultas-3-listas-posteo.json,2434.0,SkipList,0.0,7,false
consultas-1-listas-posteo.json,consultas-3-listas-posteo.json,3126.0,Binaria Acotada,0.0,14,false
consultas-1-listas-posteo.json,consultas-3-listas-posteo.json,3126.0,Secuencial B0,5.9604644775390625e-6,10000,false
consultas-1-listas-posteo.json,consultas-3-listas-posteo.json,3126.0,No Acotada B1,0.0,25,false
consultas-1-listas-posteo.json,consultas-3-listas-posteo.json,3126.0,No Acotada B2,0.0,25,false
consultas-1-listas-posteo.json,consultas-3-listas-posteo.json,3126.0,SkipList,0.0,7,false
consultas-1-listas-posteo.json,consultas-3-listas-posteo.json,1856.0,Binaria Acotada,0.0,14,false
consultas-1-listas-posteo.json,consultas-3-listas-posteo.json,1856.0,Secuencial B0,5.9604644775390625e-6,10000,false
consultas-1-listas-posteo.json,consultas-3-listas-posteo.json,1856.0,No Acotada B1,0.0,25,false
consultas-1-listas-posteo.json,consultas-3-listas-posteo.json,1856.0,No Acotada B2,0.0,25,false
consultas-1-listas-posteo.json,consultas-3-listas-posteo.json,1856.0,SkipList,9.5367431640625e-7,7,false
consultas-1-listas-posteo.json,consultas-3-listas-posteo.json,1268.0,Binaria Acotada,0.0,14,false
consultas-1-listas-posteo.json,consultas-3-listas-posteo.json,1268.0,Secuencial B0,6.9141387939453125e-6,10000,false
consultas-1-listas-posteo.json,consultas-3-listas-posteo.json,1268.0,No Acotada B1,0.0,25,false
consultas-1-listas-posteo.json,consultas-3-listas-posteo.json,1268.0,No Acotada B2,0.0,25,false
consultas-1-listas-posteo.json,consultas-3-listas-posteo.json,1268.0,SkipList,0.0,7,false
consultas-1-listas-posteo.json,consultas-3-listas-posteo.json,683.0,Binaria Acotada,0.0,14,false
consultas-1-listas-posteo.json,consultas-3-listas-posteo.json,683.0,Secuencial B0,7.152557373046875e-6,10000,false
consultas-1-listas-posteo.json,consultas-3-listas-posteo.json,683.0,No Acotada B1,0.0,25,false
consultas-1-listas-posteo.json,consultas-3-listas-posteo.json,683.0,No Acotada B2,0.0,25,false
consultas-1-listas-posteo.json,consultas-3-listas-posteo.json,683.0,SkipList,0.0,7,false
consultas-1-listas-posteo.json,consultas-3-listas-posteo.json,847.0,Binaria Acotada,0.0,14,false
consultas-1-listas-posteo.json,consultas-3-listas-posteo.json,847.0,Secuencial B0,5.9604644775390625e-6,10000,false
consultas-1-listas-posteo.json,consultas-3-listas-posteo.json,847.0,No Acotada B1,0.0,25,false
consultas-1-listas-posteo.json,consultas-3-listas-posteo.json,847.0,No Acotada B2,0.0,25,false
consultas-1-listas-posteo.json,consultas-3-listas-posteo.json,847.0,SkipList,1.1920928955078125e-6,7,false
consultas-1-listas-posteo.json,consultas-3-listas-posteo.json,2185.0,Binaria Acotada,0.0,14,false
consultas-1-listas-posteo.json,consultas-3-listas-posteo.json,2185.0,Secuencial B0,6.9141387939453125e-6,10000,false
consultas-1-listas-posteo.json,consultas-3-listas-posteo.json,2185.0,No Acotada B1,0.0,25,false
consultas-1-listas-posteo.json,consultas-3-listas-posteo.json,2185.0,No Acotada B2,0.0,25,false
consultas-1-listas-posteo.json,consultas-3-listas-posteo.json,2185.0,SkipList,0.0,7,false
consultas-1-listas-posteo.json,consultas-3-listas-posteo.json,2832.0,Binaria Acotada,0.0,14,false
consultas-1-listas-posteo.json,consultas-3-listas-posteo.json,2832.0,Secuencial B0,6.198883056640625e-6,10000,false
consultas-1-listas-posteo.json,consultas-3-listas-posteo.json,2832.0,No Acotada B1,0.0,25,false
consultas-1-listas-posteo.json,consultas-3-listas-posteo.json,2832.0,No Acotada B2,0.0,25,false
consultas-1-listas-posteo.json,consultas-3-listas-posteo.json,2832.0,SkipList,0.0,7,false
consultas-1-listas-posteo.json,consultas-3-listas-posteo.json,2732.0,Binaria Acotada,9.5367431640625e-7,14,false
consultas-1-listas-posteo.json,consultas-3-listas-posteo.json,2732.0,Secuencial B0,5.9604644775390625e-6,10000,false
consultas-1-listas-posteo.json,consultas-3-listas-posteo.json,2732.0,No Acotada B1,0.0,25,false
consultas-1-listas-posteo.json,consultas-3-listas-posteo.json,2732.0,No Acotada B2,0.0,25,false
consultas-1-listas-posteo.json,consultas-3-listas-posteo.json,2732.0,SkipList,0.0,7,false
consultas-1-listas-posteo.json,consultas-3-listas-posteo.json,1221.0,Binaria Acotada,0.0,14,false
consultas-1-listas-posteo.json,consultas-3-listas-posteo.json,1221.0,Secuencial B0,6.9141387939453125e-6,10000,false
consultas-1-listas-posteo.json,consultas-3-listas-posteo.json,1221.0,No Acotada B1,0.0,25,false
consultas-1-listas-posteo.json,consultas-3-listas-posteo.json,1221.0,No Acotada B2,0.0,25,false
consultas-1-listas-posteo.json,consultas-3-listas-posteo.json,1221.0,SkipList,0.0,7,false
consultas-1-listas-posteo.json,consultas-3-listas-posteo.json,409.0,Binaria Acotada,0.0,14,false
consultas-1-listas-posteo.json,consultas-3-listas-posteo.json,409.0,Secuencial B0,5.9604644775390625e-6,10000,false
consultas-1-listas-posteo.json,consultas-3-listas-posteo.json,409.0,No Acotada B1,0.0,25,false
consultas-1-listas-posteo.json,consultas-3-listas-posteo.json,409.0,No Acotada B2,0.0,25,false
consultas-1-listas-posteo.json,consultas-3-listas-posteo.json,409.0,SkipList,0.0,7,false
consultas-2-listas-posteo.json,consultas-1-listas-posteo.json,5.0,Binaria Acotada,1.9073486328125e-6,8,true
consultas-2-listas-posteo.json,consultas-1-listas-posteo.json,5.0,Secuencial B0,1.1920928955078125e-6,170,true
consultas-2-listas-posteo.json,consultas-1-listas-posteo.json,5.0,No Acotada B1,9.5367431640625e-7,9,true
consultas-2-listas-posteo.json,consultas-1-listas-posteo.json,5.0,No Acotada B2,0.0,9,true
consultas-2-listas-posteo.json,consultas-1-listas-posteo.json,5.0,SkipList,9.5367431640625e-7,11,true
consultas-2-listas-posteo.json,consultas-1-listas-posteo.json,12.0,Binaria Acotada,0.0,8,true
consultas-2-listas-posteo.json,consultas-1-listas-posteo.json,12.0,Secuencial B0,2.1457672119140625e-6,470,true
consultas-2-listas-posteo.json,consultas-1-listas-posteo.json,12.0,No Acotada B1,9.5367431640625e-7,12,true
consultas-2-listas-posteo.json,consultas-1-listas-posteo.json,12.0,No Acotada B2,9.5367431640625e-7,12,true
consultas-2-listas-posteo.json,consultas-1-listas-posteo.json,12.0,SkipList,1.9073486328125e-6,12,true
consultas-2-listas-posteo.json,consultas-1-listas-posteo.json,3.0,Binaria Acotada,0.0,8,true
consultas-2-listas-posteo.json,consultas-1-listas-posteo.json,3.0,Secuencial B0,0.0,96,true
consultas-2-listas-posteo.json,consultas-1-listas-posteo.json,3.0,No Acotada B1,0.0,8,true
consultas-2-listas-posteo.json,consultas-1-listas-posteo.json,3.0,No Acotada B2,0.0,8,true
consultas-2-listas-posteo.json,consultas-1-listas-posteo.json,3.0,SkipList,9.5367431640625e-7,12,true
consultas-2-listas-posteo.json,consultas-1-listas-posteo.json,2.0,Binaria Acotada,0.0,7,true
consultas-2-listas-posteo.json,consultas-1-listas-posteo.json,2.0,Secuencial B0,0.0,52,true
consultas-2-listas-posteo.json,consultas-1-listas-posteo.json,2.0,No Acotada B1,0.0,8,true
consultas-2-listas-posteo.json,consultas-1-listas-posteo.json,2.0,No Acotada B2,1.1920928955078125e-6,8,true
consultas-2-listas-posteo.json,consultas-1-listas-posteo.json,2.0,SkipList,0.0,11,true
consultas-2-listas-posteo.json,consultas-1-listas-posteo.json,4.0,Binaria Acotada,0.0,6,true
consultas-2-listas-posteo.json,consultas-1-listas-posteo.json,4.0,Secuencial B0,0.0,137,true
consultas-2-listas-posteo.json,consultas-1-listas-posteo.json,4.0,No Acotada B1,0.0,10,true
consultas-2-listas-posteo.json,consultas-1-listas-posteo.json,4.0,No Acotada B2,0.0,10,true
consultas-2-listas-posteo.json,consultas-1-listas-posteo.json,4.0,SkipList,0.0,13,true
consultas-2-listas-posteo.json,consultas-1-listas-posteo.json,3.0,Binaria Acotada,0.0,8,true
consultas-2-listas-posteo.json,consultas-1-listas-posteo.json,3.0,Secuencial B0,0.0,96,true
consultas-2-listas-posteo.json,consultas-1-listas-posteo.json,3.0,No Acotada B1,0.0,8,true
consultas-2-listas-posteo.json,consultas-1-listas-posteo.json,3.0,No Acotada B2,1.1920928955078125e-6,8,true
consultas-2-listas-posteo.json,consultas-1-listas-posteo.json,3.0,SkipList,0.0,12,true
consultas-2-listas-posteo.json,consultas-1-listas-posteo.json,15.0,Binaria Acotada,0.0,4,true
consultas-2-listas-posteo.json,consultas-1-listas-posteo.json,15.0,Secuencial B0,0.0,606,true
consultas-2-listas-posteo.json,consultas-1-listas-posteo.json,15.0,No Acotada B1,0.0,12,true
consultas-2-listas-posteo.json,consultas-1-listas-posteo.json,15.0,No Acotada B2,0.0,12,true
consultas-2-listas-posteo.json,consultas-1-listas-posteo.json,15.0,SkipList,9.5367431640625e-7,14,true
consultas-2-listas-posteo.json,consultas-1-listas-posteo.json,1.0,Binaria Acotada,0.0,8,true
consultas-2-listas-posteo.json,consultas-1-listas-posteo.json,1.0,Secuencial B0,0.0,1,true
consultas-2-listas-posteo.json,consultas-1-listas-posteo.json,1.0,No Acotada B1,0.0,1,true
consultas-2-listas-posteo.json,consultas-1-listas-posteo.json,1.0,No Acotada B2,0.0,1,true
consultas-2-listas-posteo.json,consultas-1-listas-posteo.json,1.0,SkipList,0.0,10,true
consultas-2-listas-posteo.json,consultas-1-listas-posteo.json,4.0,Binaria Acotada,0.0,6,true
consultas-2-listas-posteo.json,consultas-1-listas-posteo.json,4.0,Secuencial B0,0.0,137,true
consultas-2-listas-posteo.json,consultas-1-listas-posteo.json,4.0,No Acotada B1,9.5367431640625e-7,10,true
consultas-2-listas-posteo.json,consultas-1-listas-posteo.json,4.0,No Acotada B2,0.0,10,true
consultas-2-listas-posteo.json,consultas-1-listas-posteo.json,4.0,SkipList,0.0,13,true
consultas-2-listas-posteo.json,consultas-1-listas-posteo.json,14.0,Binaria Acotada,0.0,8,true
consultas-2-listas-posteo.json,consultas-1-listas-posteo.json,14.0,Secuencial B0,9.5367431640625e-7,550,true
consultas-2-listas-posteo.json,consultas-1-listas-posteo.json,14.0,No Acotada B1,0.0,13,true
consultas-2-listas-posteo.json,consultas-1-listas-posteo.json,14.0,No Acotada B2,0.0,13,true
consultas-2-listas-posteo.json,consultas-1-listas-posteo.json,14.0,SkipList,0.0,13,true
consultas-2-listas-posteo.json,consultas-1-listas-posteo.json,5.0,Binaria Acotada,0.0,8,true
consultas-2-listas-posteo.json,consultas-1-listas-posteo.json,5.0,Secuencial B0,0.0,170,true
consultas-2-listas-posteo.json,consultas-1-listas-posteo.json,5.0,No Acotada B1,0.0,9,true
consultas-2-listas-posteo.json,consultas-1-listas-posteo.json,5.0,No Acotada B2,9.5367431640625e-7,9,true
consultas-2-listas-posteo.json,consultas-1-listas-posteo.json,5.0,SkipList,0.0,11,true
consultas-2-listas-posteo.json,consultas-1-listas-posteo.json,3.0,Binaria Acotada,0.0,8,true
consultas-2-listas-posteo.json,consultas-1-listas-posteo.json,3.0,Secuencial B0,0.0,96,true
consultas-2-listas-posteo.json,consultas-1-listas-posteo.json,3.0,No Acotada B1,0.0,8,true
consultas-2-listas-posteo.json,consultas-1-listas-posteo.json,3.0,No Acotada B2,0.0,8,true
consultas-2-listas-posteo.json,consultas-1-listas-posteo.json,3.0,SkipList,0.0,12,true
consultas-2-listas-posteo.json,consultas-1-listas-posteo.json,14.0,Binaria Acotada,0.0,8,true
consultas-2-listas-posteo.json,consultas-1-listas-posteo.json,14.0,Secuencial B0,0.0,550,true
consultas-2-listas-posteo.json,consultas-1-listas-posteo.json,14.0,No Acotada B1,0.0,13,true
consultas-2-listas-posteo.json,consultas-1-listas-posteo.json,14.0,No Acotada B2,0.0,13,true
consultas-2-listas-posteo.json,consultas-1-listas-posteo.json,14.0,SkipList,9.5367431640625e-7,13,true
consultas-2-listas-posteo.json,consultas-1-listas-posteo.json,9.0,Binaria Acotada,0.0,8,true
consultas-2-listas-posteo.json,consultas-1-listas-posteo.json,9.0,Secuencial B0,9.5367431640625e-7,342,true
consultas-2-listas-posteo.json,consultas-1-listas-posteo.json,9.0,No Acotada B1,0.0,12,true
consultas-2-listas-posteo.json,consultas-1-listas-posteo.json,9.0,No Acotada B2,9.5367431640625e-7,12,true
consultas-2-listas-posteo.json,consultas-1-listas-posteo.json,9.0,SkipList,0.0,11,true
consultas-2-listas-posteo.json,consultas-1-listas-posteo.json,3.0,Binaria Acotada,0.0,8,true
consultas-2-listas-posteo.json,consultas-1-listas-posteo.json,3.0,Secuencial B0,0.0,96,true
consultas-2-listas-posteo.json,consultas-1-listas-posteo.json,3.0,No Acotada B1,1.1920928955078125e-6,8,true
consultas-2-listas-posteo.json,consultas-1-listas-posteo.json,3.0,No Acotada B2,0.0,8,true
consultas-2-listas-posteo.json,consultas-1-listas-posteo.json,3.0,SkipList,9.5367431640625e-7,12,true
consultas-2-listas-posteo.json,consultas-1-listas-posteo.json,4.0,Binaria Acotada,0.0,6,true
consultas-2-listas-posteo.json,consultas-1-listas-posteo.json,4.0,Secuencial B0,9.5367431640625e-7,137,true
consultas-2-listas-posteo.json,consultas-1-listas-posteo.json,4.0,No Acotada B1,0.0,10,true
consultas-2-listas-posteo.json,consultas-1-listas-posteo.json,4.0,No Acotada B2,0.0,10,true
consultas-2-listas-posteo.json,consultas-1-listas-posteo.json,4.0,SkipList,0.0,13,true
consultas-2-listas-posteo.json,consultas-1-listas-posteo.json,1.0,Binaria Acotada,0.0,8,true
consultas-2-listas-posteo.json,consultas-1-listas-posteo.json,1.0,Secuencial B0,0.0,1,true
consultas-2-listas-posteo.json,consultas-1-listas-posteo.json,1.0,No Acotada B1,0.0,1,true
consultas-2-listas-posteo.json,consultas-1-listas-posteo.json,1.0,No Acotada B2,0.0,1,true
consultas-2-listas-posteo.json,consultas-1-listas-posteo.json,1.0,SkipList,0.0,10,true
consultas-2-listas-posteo.json,consultas-1-listas-posteo.json,12.0,Binaria Acotada,0.0,8,true
consultas-2-listas-posteo.json,consultas-1-listas-posteo.json,12.0,Secuencial B0,9.5367431640625e-7,470,true
consultas-2-listas-posteo.json,consultas-1-listas-posteo.json,12.0,No Acotada B1,0.0,12,true
consultas-2-listas-posteo.json,consultas-1-listas-posteo.json,12.0,No Acotada B2,0.0,12,true
consultas-2-listas-posteo.json,consultas-1-listas-posteo.json,12.0,SkipList,0.0,12,true
consultas-2-listas-posteo.json,consultas-1-listas-posteo.json,13.0,Binaria Acotada,0.0,7,true
consultas-2-listas-posteo.json,consultas-1-listas-posteo.json,13.0,Secuencial B0,1.1920928955078125e-6,513,true
consultas-2-listas-posteo.json,consultas-1-listas-posteo.json,13.0,No Acotada B1,0.0,14,true
consultas-2-listas-posteo.json,consultas-1-listas-posteo.json,13.0,No Acotada B2,9.5367431640625e-7,14,true
consultas-2-listas-posteo.json,consultas-1-listas-posteo.json,13.0,SkipList,0.0,13,true
consultas-2-listas-posteo.json,consultas-1-listas-posteo.json,5.0,Binaria Acotada,0.0,8,true
consultas-2-listas-posteo.json,consultas-1-listas-posteo.json,5.0,Secuencial B0,0.0,170,true
consultas-2-listas-posteo.json,consultas-1-listas-posteo.json,5.0,No Acotada B1,0.0,9,true
consultas-2-listas-posteo.json,consultas-1-listas-posteo.json,5.0,No Acotada B2,0.0,9,true
consultas-2-listas-posteo.json,consultas-1-listas-posteo.json,5.0,SkipList,9.5367431640625e-7,11,true
consultas-2-listas-posteo.json,consultas-1-listas-posteo.json,15.0,Binaria Acotada,0.0,4,true
consultas-2-listas-posteo.json,consultas-1-listas-posteo.json,15.0,Secuencial B0,1.1920928955078125e-6,606,true
consultas-2-listas-posteo.json,consultas-1-listas-posteo.json,15.0,No Acotada B1,0.0,12,true
consultas-2-listas-posteo.json,consultas-1-listas-posteo.json,15.0,No Acotada B2,0.0,12,true
consultas-2-listas-posteo.json,consultas-1-listas-posteo.json,15.0,SkipList,0.0,14,true
consultas-2-listas-posteo.json,consultas-1-listas-posteo.json,10.0,Binaria Acotada,0.0,7,true
consultas-2-listas-posteo.json,consultas-1-listas-posteo.json,10.0,Secuencial B0,0.0,382,true
consultas-2-listas-posteo.json,consultas-1-listas-posteo.json,10.0,No Acotada B1,0.0,10,true
consultas-2-listas-posteo.json,consultas-1-listas-posteo.json,10.0,No Acotada B2,0.0,10,true
consultas-2-listas-posteo.json,consultas-1-listas-posteo.json,10.0,SkipList,0.0,12,true
consultas-2-listas-posteo.json,consultas-1-listas-posteo.json,10.0,Binaria Acotada,0.0,7,true
consultas-2-listas-posteo.json,consultas-1-listas-posteo.json,10.0,Secuencial B0,0.0,382,true
consultas-2-listas-posteo.json,consultas-1-listas-posteo.json,10.0,No Acotada B1,9.5367431640625e-7,10,true
consultas-2-listas-posteo.json,consultas-1-listas-posteo.json,10.0,No Acotada B2,0.0,10,true
consultas-2-listas-posteo.json,consultas-1-listas-posteo.json,10.0,SkipList,0.0,12,true
consultas-2-listas-posteo.json,consultas-1-listas-posteo.json,2.0,Binaria Acotada,0.0,7,true
consultas-2-listas-posteo.json,consultas-1-listas-posteo.json,2.0,Secuencial B0,0.0,52,true
consultas-2-listas-posteo.json,consultas-1-listas-posteo.json,2.0,No Acotada B1,0.0,8,true
consultas-2-listas-posteo.json,consultas-1-listas-posteo.json,2.0,No Acotada B2,0.0,8,true
consultas-2-listas-posteo.json,consultas-1-listas-posteo.json,2.0,SkipList,9.5367431640625e-7,11,true
consultas-2-listas-posteo.json,consultas-1-listas-posteo.json,8.0,Binaria Acotada,0.0,5,true
consultas-2-listas-posteo.json,consultas-1-listas-posteo.json,8.0,Secuencial B0,0.0,304,true
consultas-2-listas-posteo.json,consultas-1-listas-posteo.json,8.0,No Acotada B1,0.0,11,true
consultas-2-listas-posteo.json,consultas-1-listas-posteo.json,8.0,No Acotada B2,0.0,11,true
consultas-2-listas-posteo.json,consultas-1-listas-posteo.json,8.0,SkipList,9.5367431640625e-7,12,true
consultas-2-listas-posteo.json,consultas-1-listas-posteo.json,9.0,Binaria Acotada,0.0,8,true
consultas-2-listas-posteo.json,consultas-1-listas-posteo.json,9.0,Secuencial B0,9.5367431640625e-7,342,true
consultas-2-listas-posteo.json,consultas-1-listas-posteo.json,9.0,No Acotada B1,0.0,12,true
consultas-2-listas-posteo.json,consultas-1-listas-posteo.json,9.0,No Acotada B2,9.5367431640625e-7,12,true
consultas-2-listas-posteo.json,consultas-1-listas-posteo.json,9.0,SkipList,0.0,11,true
consultas-2-listas-posteo.json,consultas-1-listas-posteo.json,2.0,Binaria Acotada,9.5367431640625e-7,7,true
consultas-2-listas-posteo.json,consultas-1-listas-posteo.json,2.0,Secuencial B0,0.0,52,true
consultas-2-listas-posteo.json,consultas-1-listas-posteo.json,2.0,No Acotada B1,0.0,8,true
consultas-2-listas-posteo.json,consultas-1-listas-posteo.json,2.0,No Acotada B2,0.0,8,true
consultas-2-listas-posteo.json,consultas-1-listas-posteo.json,2.0,SkipList,0.0,11,true
consultas-2-listas-posteo.json,consultas-1-listas-posteo.json,6.0,Binaria Acotada,0.0,7,true
consultas-2-listas-posteo.json,consultas-1-listas-posteo.json,6.0,Secuencial B0,0.0,226,true
consultas-2-listas-posteo.json,consultas-1-listas-posteo.json,6.0,No Acotada B1,0.0,11,true
consultas-2-listas-posteo.json,consultas-1-listas-posteo.json,6.0,No Acotada B2,0.0,11,true
consultas-2-listas-posteo.json,consultas-1-listas-posteo.json,6.0,SkipList,0.0,12,true
consultas-2-listas-posteo.json,consultas-1-listas-posteo.json,7.0,Binaria Acotada,0.0,8,true
consultas-2-listas-posteo.json,consultas-1-listas-posteo.json,7.0,Secuencial B0,0.0,267,true
consultas-2-listas-posteo.json,consultas-1-listas-posteo.json,7.0,No Acotada B1,0.0,12,true
consultas-2-listas-posteo.json,consultas-1-listas-posteo.json,7.0,No Acotada B2,0.0,12,true
consultas-2-listas-posteo.json,consultas-1-listas-posteo.json,7.0,SkipList,0.0,13,true
consultas-2-listas-posteo.json,consultas-1-listas-posteo.json,9.0,Binaria Acotada,0.0,8,true
consultas-2-listas-posteo.json,consultas-1-listas-posteo.json,9.0,Secuencial B0,0.0,342,true
consultas-2-listas-posteo.json,consultas-1-listas-posteo.json,9.0,No Acotada B1,0.0,12,true
consultas-2-listas-posteo.json,consultas-1-listas-posteo.json,9.0,No Acotada B2,0.0,12,true
consultas-2-listas-posteo.json,consultas-1-listas-posteo.json,9.0,SkipList,9.5367431640625e-7,11,true
consultas-2-listas-posteo.json,consultas-1-listas-posteo.json,16.0,Binaria Acotada,0.0,8,true
consultas-2-listas-posteo.json,consultas-1-listas-posteo.json,16.0,Secuencial B0,9.5367431640625e-7,655,true
consultas-2-listas-posteo.json,consultas-1-listas-posteo.json,16.0,No Acotada B1,0.0,14,true
consultas-2-listas-posteo.json,consultas-1-listas-posteo.json,16.0,No Acotada B2,0.0,14,true
consultas-2-listas-posteo.json,consultas-1-listas-posteo.json,16.0,SkipList,0.0,15,true
consultas-2-listas-posteo.json,consultas-1-listas-posteo.json,5.0,Binaria Acotada,0.0,8,true
consultas-2-listas-posteo.json,consultas-1-listas-posteo.json,5.0,Secuencial B0,0.0,170,true
consultas-2-listas-posteo.json,consultas-1-listas-posteo.json,5.0,No Acotada B1,9.5367431640625e-7,9,true
consultas-2-listas-posteo.json,consultas-1-listas-posteo.json,5.0,No Acotada B2,0.0,9,true
consultas-2-listas-posteo.json,consultas-1-listas-posteo.json,5.0,SkipList,0.0,11,true
consultas-2-listas-posteo.json,consultas-1-listas-posteo.json,15.0,Binaria Acotada,0.0,4,true
consultas-2-listas-posteo.json,consultas-1-listas-posteo.json,15.0,Secuencial B0,9.5367431640625e-7,606,true
consultas-2-listas-posteo.json,consultas-1-listas-posteo.json,15.0,No Acotada B1,0.0,12,true
consultas-2-listas-posteo.json,consultas-1-listas-posteo.json,15.0,No Acotada B2,0.0,12,true
consultas-2-listas-posteo.json,consultas-1-listas-posteo.json,15.0,SkipList,0.0,14,true
consultas-2-listas-posteo.json,consultas-1-listas-posteo.json,10.0,Binaria Acotada,0.0,7,true
consultas-2-listas-posteo.json,consultas-1-listas-posteo.json,10.0,Secuencial B0,9.5367431640625e-7,382,true
consultas-2-listas-posteo.json,consultas-1-listas-posteo.json,10.0,No Acotada B1,0.0,10,true
consultas-2-listas-posteo.json,consultas-1-listas-posteo.json,10.0,No Acotada B2,9.5367431640625e-7,10,true
consultas-2-listas-posteo.json,consultas-1-listas-posteo.json,10.0,SkipList,0.0,12,true
consultas-2-listas-posteo.json,consultas-1-listas-posteo.json,12.0,Binaria Acotada,0.0,8,true
consultas-2-listas-posteo.json,consultas-1-listas-posteo.json,12.0,Secuencial B0,0.0,470,true
consultas-2-listas-posteo.json,consultas-1-listas-posteo.json,12.0,No Acotada B1,0.0,12,true
consultas-2-listas-posteo.json,consultas-1-listas-posteo.json,12.0,No Acotada B2,0.0,12,true
consultas-2-listas-posteo.json,consultas-1-listas-posteo.json,12.0,SkipList,0.0,12,true
consultas-2-listas-posteo.json,consultas-1-listas-posteo.json,10.0,Binaria Acotada,0.0,7,true
consultas-2-listas-posteo.json,consultas-1-listas-posteo.json,10.0,Secuencial B0,0.0,382,true
consultas-2-listas-posteo.json,consultas-1-listas-posteo.json,10.0,No Acotada B1,0.0,10,true
consultas-2-listas-posteo.json,consultas-1-listas-posteo.json,10.0,No Acotada B2,0.0,10,true
consultas-2-listas-posteo.json,consultas-1-listas-posteo.json,10.0,SkipList,9.5367431640625e-7,12,true
consultas-2-listas-posteo.json,consultas-1-listas-posteo.json,11.0,Binaria Acotada,0.0,6,true
consultas-2-listas-posteo.json,consultas-1-listas-posteo.json,11.0,Secuencial B0,9.5367431640625e-7,429,true
consultas-2-listas-posteo.json,consultas-1-listas-posteo.json,11.0,No Acotada B1,0.0,11,true
consultas-2-listas-posteo.json,consultas-1-listas-posteo.json,11.0,No Acotada B2,0.0,11,true
consultas-2-listas-posteo.json,consultas-1-listas-posteo.json,11.0,SkipList,0.0,13,true
consultas-2-listas-posteo.json,consultas-1-listas-posteo.json,11.0,Binaria Acotada,1.1920928955078125e-6,6,true
consultas-2-listas-posteo.json,consultas-1-listas-posteo.json,11.0,Secuencial B0,0.0,429,true
consultas-2-listas-posteo.json,consultas-1-listas-posteo.json,11.0,No Acotada B1,9.5367431640625e-7,11,true
consultas-2-listas-posteo.json,consultas-1-listas-posteo.json,11.0,No Acotada B2,0.0,11,true
consultas-2-listas-posteo.json,consultas-1-listas-posteo.json,11.0,SkipList,0.0,13,true
consultas-2-listas-posteo.json,consultas-1-listas-posteo.json,12.0,Binaria Acotada,0.0,8,true
consultas-2-listas-posteo.json,consultas-1-listas-posteo.json,12.0,Secuencial B0,0.0,470,true
consultas-2-listas-posteo.json,consultas-1-listas-posteo.json,12.0,No Acotada B1,0.0,12,true
consultas-2-listas-posteo.json,consultas-1-listas-posteo.json,12.0,No Acotada B2,0.0,12,true
consultas-2-listas-posteo.json,consultas-1-listas-posteo.json,12.0,SkipList,9.5367431640625e-7,12,true
consultas-2-listas-posteo.json,consultas-1-listas-posteo.json,13.0,Binaria Acotada,0.0,7,true
consultas-2-listas-posteo.json,consultas-1-listas-posteo.json,13.0,Secuencial B0,9.5367431640625e-7,513,true
consultas-2-listas-posteo.json,consultas-1-listas-posteo.json,13.0,No Acotada B1,0.0,14,true
consultas-2-listas-posteo.json,consultas-1-listas-posteo.json,13.0,No Acotada B2,0.0,14,true
consultas-2-listas-posteo.json,consultas-1-listas-posteo.json,13.0,SkipList,0.0,13,true
consultas-2-listas-posteo.json,consultas-1-listas-posteo.json,11.0,Binaria Acotada,0.0,6,true
consultas-2-listas-posteo.json,consultas-1-listas-posteo.json,11.0,Secuencial B0,0.0,429,true
consultas-2-listas-posteo.json,consultas-1-listas-posteo.json,11.0,No Acotada B1,0.0,11,true
consultas-2-listas-posteo.json,consultas-1-listas-posteo.json,11.0,No Acotada B2,0.0,11,true
consultas-2-listas-posteo.json,consultas-1-listas-posteo.json,11.0,SkipList,0.0,13,true
consultas-2-listas-posteo.json,consultas-1-listas-posteo.json,12.0,Binaria Acotada,0.0,8,true
consultas-2-listas-posteo.json,consultas-1-listas-posteo.json,12.0,Secuencial B0,0.0,470,true
consultas-2-listas-posteo.json,consultas-1-listas-posteo.json,12.0,No Acotada B1,0.0,12,true
consultas-2-listas-posteo.json,consultas-1-listas-posteo.json,12.0,No Acotada B2,0.0,12,true
consultas-2-listas-posteo.json,consultas-1-listas-posteo.json,12.0,SkipList,0.0,12,true
consultas-2-listas-posteo.json,consultas-1-listas-posteo.json,3.0,Binaria Acotada,0.0,8,true
consultas-2-listas-posteo.json,consultas-1-listas-posteo.json,3.0,Secuencial B0,0.0,96,true
consultas-2-listas-posteo.json,consultas-1-listas-posteo.json,3.0,No Acotada B1,0.0,8,true
consultas-2-listas-posteo.json,consultas-1-listas-posteo.json,3.0,No Acotada B2,0.0,8,true
consultas-2-listas-posteo.json,consultas-1-listas-posteo.json,3.0,SkipList,9.5367431640625e-7,12,true
consultas-2-listas-posteo.json,consultas-1-listas-posteo.json,6.0,Binaria Acotada,0.0,7,true
consultas-2-listas-posteo.json,consultas-1-listas-posteo.json,6.0,Secuencial B0,0.0,226,true
consultas-2-listas-posteo.json,consultas-1-listas-posteo.json,6.0,No Acotada B1,0.0,11,true
consultas-2-listas-posteo.json,consultas-1-listas-posteo.json,6.0,No Acotada B2,0.0,11,true
consultas-2-listas-posteo.json,consultas-1-listas-posteo.json,6.0,SkipList,9.5367431640625e-7,12,true
consultas-2-listas-posteo.json,consultas-1-listas-posteo.json,1.0,Binaria Acotada,0.0,8,true
consultas-2-listas-posteo.json,consultas-1-listas-posteo.json,1.0,Secuencial B0,1.1920928955078125e-6,1,true
consultas-2-listas-posteo.json,consultas-1-listas-posteo.json,1.0,No Acotada B1,0.0,1,true
consultas-2-listas-posteo.json,consultas-1-listas-posteo.json,1.0,No Acotada B2,0.0,1,true
consultas-2-listas-posteo.json,consultas-1-listas-posteo.json,1.0,SkipList,9.5367431640625e-7,10,true
consultas-2-listas-posteo.json,consultas-1-listas-posteo.json,11.0,Binaria Acotada,0.0,6,true
consultas-2-listas-posteo.json,consultas-1-listas-posteo.json,11.0,Secuencial B0,0.0,429,true
consultas-2-listas-posteo.json,consultas-1-listas-posteo.json,11.0,No Acotada B1,0.0,11,true
consultas-2-listas-posteo.json,consultas-1-listas-posteo.json,11.0,No Acotada B2,0.0,11,true
consultas-2-listas-posteo.json,consultas-1-listas-posteo.json,11.0,SkipList,0.0,13,true
consultas-2-listas-posteo.json,consultas-1-listas-posteo.json,7.0,Binaria Acotada,0.0,8,true
consultas-2-listas-posteo.json,consultas-1-listas-posteo.json,7.0,Secuencial B0,0.0,267,true
consultas-2-listas-posteo.json,consultas-1-listas-posteo.json,7.0,No Acotada B1,0.0,12,true
consultas-2-listas-posteo.json,consultas-1-listas-posteo.json,7.0,No Acotada B2,0.0,12,true
consultas-2-listas-posteo.json,consultas-1-listas-posteo.json,7.0,SkipList,0.0,13,true
consultas-2-listas-posteo.json,consultas-1-listas-posteo.json,8.0,Binaria Acotada,0.0,5,true
consultas-2-listas-posteo.json,consultas-1-listas-posteo.json,8.0,Secuencial B0,0.0,304,true
consultas-2-listas-posteo.json,consultas-1-listas-posteo.json,8.0,No Acotada B1,0.0,11,true
consultas-2-listas-posteo.json,consultas-1-listas-posteo.json,8.0,No Acotada B2,0.0,11,true
consultas-2-listas-posteo.json,consultas-1-listas-posteo.json,8.0,SkipList,9.5367431640625e-7,12,true
consultas-2-listas-posteo.json,consultas-1-listas-posteo.json,2.0,Binaria Acotada,0.0,7,true
consultas-2-listas-posteo.json,consultas-1-listas-posteo.json,2.0,Secuencial B0,0.0,52,true
consultas-2-listas-posteo.json,consultas-1-listas-posteo.json,2.0,No Acotada B1,0.0,8,true
consultas-2-listas-posteo.json,consultas-1-listas-posteo.json,2.0,No Acotada B2,0.0,8,true
consultas-2-listas-posteo.json,consultas-1-listas-posteo.json,2.0,SkipList,0.0,11,true
consultas-2-listas-posteo.json,consultas-1-listas-posteo.json,16.0,Binaria Acotada,0.0,8,true
consultas-2-listas-posteo.json,consultas-1-listas-posteo.json,16.0,Secuencial B0,9.5367431640625e-7,655,true
consultas-2-listas-posteo.json,consultas-1-listas-posteo.json,16.0,No Acotada B1,0.0,14,true
consultas-2-listas-posteo.json,consultas-1-listas-posteo.json,16.0,No Acotada B2,0.0,14,true
consultas-2-listas-posteo.json,consultas-1-listas-posteo.json,16.0,SkipList,0.0,15,true
consultas-2-listas-posteo.json,consultas-1-listas-posteo.json,1.0,Binaria Acotada,0.0,8,true
consultas-2-listas-posteo.json,consultas-1-listas-posteo.json,1.0,Secuencial B0,0.0,1,true
consultas-2-listas-posteo.json,consultas-1-listas-posteo.json,1.0,No Acotada B1,0.0,1,true
consultas-2-listas-posteo.json,consultas-1-listas-posteo.json,1.0,No Acotada B2,0.0,1,true
consultas-2-listas-posteo.json,consultas-1-listas-posteo.json,1.0,SkipList,0.0,10,true
consultas-2-listas-posteo.json,consultas-1-listas-posteo.json,4.0,Binaria Acotada,1.1920928955078125e-6,6,true
consultas-2-listas-posteo.json,consultas-1-listas-posteo.json,4.0,Secuencial B0,0.0,137,true
consultas-2-listas-posteo.json,consultas-1-listas-posteo.json,4.0,No Acotada B1,0.0,10,true
consultas-2-listas-posteo.json,consultas-1-listas-posteo.json,4.0,No Acotada B2,0.0,10,true
consultas-2-listas-posteo.json,consultas-1-listas-posteo.json,4.0,SkipList,0.0,13,true
consultas-2-listas-posteo.json,consultas-1-listas-posteo.json,1.0,Binaria Acotada,0.0,8,true
consultas-2-listas-posteo.json,consultas-1-listas-posteo.json,1.0,Secuencial B0,0.0,1,true
consultas-2-listas-posteo.json,consultas-1-listas-posteo.json,1.0,No Acotada B1,0.0,1,true
consultas-2-listas-posteo.json,consultas-1-listas-posteo.json,1.0,No Acotada B2,0.0,1,true
consultas-2-listas-posteo.json,consultas-1-listas-posteo.json,1.0,SkipList,0.0,10,true
consultas-2-listas-posteo.json,consultas-1-listas-posteo.json,8.0,Binaria Acotada,9.5367431640625e-7,5,true
consultas-2-listas-posteo.json,consultas-1-listas-posteo.json,8.0,Secuencial B0,0.0,304,true
consultas-2-listas-posteo.json,consultas-1-listas-posteo.json,8.0,No Acotada B1,0.0,11,true
consultas-2-listas-posteo.json,consultas-1-listas-posteo.json,8.0,No Acotada B2,0.0,11,true
consultas-2-listas-posteo.json,consultas-1-listas-posteo.json,8.0,SkipList,0.0,12,true
consultas-2-listas-posteo.json,consultas-1-listas-posteo.json,5.0,Binaria Acotada,0.0,8,true
consultas-2-listas-posteo.json,consultas-1-listas-posteo.json,5.0,Secuencial B0,0.0,170,true
consultas-2-listas-posteo.json,consultas-1-listas-posteo.json,5.0,No Acotada B1,9.5367431640625e-7,9,true
consultas-2-listas-posteo.json,consultas-1-listas-posteo.json,5.0,No Acotada B2,0.0,9,true
consultas-2-listas-posteo.json,consultas-1-listas-posteo.json,5.0,SkipList,0.0,11,true
consultas-2-listas-posteo.json,consultas-1-listas-posteo.json,12.0,Binaria Acotada,0.0,8,true
consultas-2-listas-posteo.json,consultas-1-listas-posteo.json,12.0,Secuencial B0,0.0,470,true
consultas-2-listas-posteo.json,consultas-1-listas-posteo.json,12.0,No Acotada B1,0.0,12,true
consultas-2-listas-posteo.json,consultas-1-listas-posteo.json,12.0,No Acotada B2,0.0,12,true
consultas-2-listas-posteo.json,consultas-1-listas-posteo.json,12.0,SkipList,0.0,12,true
consultas-2-listas-posteo.json,consultas-1-listas-posteo.json,6.0,Binaria Acotada,0.0,7,true
consultas-2-listas-posteo.json,consultas-1-listas-posteo.json,6.0,Secuencial B0,1.1920928955078125e-6,226,true
consultas-2-listas-posteo.json,consultas-1-listas-posteo.json,6.0,No Acotada B1,0.0,11,true
consultas-2-listas-posteo.json,consultas-1-listas-posteo.json,6.0,No Acotada B2,0.0,11,true
consultas-2-listas-posteo.json,consultas-1-listas-posteo.json,6.0,SkipList,0.0,12,true
consultas-2-listas-posteo.json,consultas-1-listas-posteo.json,5.0,Binaria Acotada,0.0,8,true
consultas-2-listas-posteo.json,consultas-1-listas-posteo.json,5.0,Secuencial B0,9.5367431640625e-7,170,true
consultas-2-listas-posteo.json,consultas-1-listas-posteo.json,5.0,No Acotada B1,0.0,9,true
consultas-2-listas-posteo.json,consultas-1-listas-posteo.json,5.0,No Acotada B2,0.0,9,true
consultas-2-listas-posteo.json,consultas-1-listas-posteo.json,5.0,SkipList,0.0,11,true
consultas-2-listas-posteo.json,consultas-1-listas-posteo.json,13.0,Binaria Acotada,0.0,7,true
consultas-2-listas-posteo.json,consultas-1-listas-posteo.json,13.0,Secuencial B0,0.0,513,true
consultas-2-listas-posteo.json,consultas-1-listas-posteo.json,13.0,No Acotada B1,0.0,14,true
consultas-2-listas-posteo.json,consultas-1-listas-posteo.json,13.0,No Acotada B2,0.0,14,true
consultas-2-listas-posteo.json,consultas-1-listas-posteo.json,13.0,SkipList,0.0,13,true
consultas-2-listas-posteo.json,consultas-1-listas-posteo.json,12.0,Binaria Acotada,9.5367431640625e-7,8,true
consultas-2-listas-posteo.json,consultas-1-listas-posteo.json,12.0,Secuencial B0,0.0,470,true
consultas-2-listas-posteo.json,consultas-1-listas-posteo.json,12.0,No Acotada B1,0.0,12,true
consultas-2-listas-posteo.json,consultas-1-listas-posteo.json,12.0,No Acotada B2,0.0,12,true
consultas-2-listas-posteo.json,consultas-1-listas-posteo.json,12.0,SkipList,0.0,12,true
consultas-2-listas-posteo.json,consultas-1-listas-posteo.json,10.0,Binaria Acotada,0.0,7,true
consultas-2-listas-posteo.json,consultas-1-listas-posteo.json,10.0,Secuencial B0,9.5367431640625e-7,382,true
consultas-2-listas-posteo.json,consultas-1-listas-posteo.json,10.0,No Acotada B1,0.0,10,true
consultas-2-listas-posteo.json,consultas-1-listas-posteo.json,10.0,No Acotada B2,0.0,10,true
consultas-2-listas-posteo.json,consultas-1-listas-posteo.json,10.0,SkipList,0.0,12,true
consultas-2-listas-posteo.json,consultas-1-listas-posteo.json,2.0,Binaria Acotada,0.0,7,true
consultas-2-listas-posteo.json,consultas-1-listas-posteo.json,2.0,Secuencial B0,9.5367431640625e-7,52,true
consultas-2-listas-posteo.json,consultas-1-listas-posteo.json,2.0,No Acotada B1,0.0,8,true
consultas-2-listas-posteo.json,consultas-1-listas-posteo.json,2.0,No Acotada B2,0.0,8,true
consultas-2-listas-posteo.json,consultas-1-listas-posteo.json,2.0,SkipList,0.0,11,true
consultas-2-listas-posteo.json,consultas-1-listas-posteo.json,5.0,Binaria Acotada,0.0,8,true
consultas-2-listas-posteo.json,consultas-1-listas-posteo.json,5.0,Secuencial B0,9.5367431640625e-7,170,true
consultas-2-listas-posteo.json,consultas-1-listas-posteo.json,5.0,No Acotada B1,0.0,9,true
consultas-2-listas-posteo.json,consultas-1-listas-posteo.json,5.0,No Acotada B2,0.0,9,true
consultas-2-listas-posteo.json,consultas-1-listas-posteo.json,5.0,SkipList,0.0,11,true
consultas-2-listas-posteo.json,consultas-1-listas-posteo.json,6.0,Binaria Acotada,0.0,7,true
consultas-2-listas-posteo.json,consultas-1-listas-posteo.json,6.0,Secuencial B0,1.1920928955078125e-6,226,true
consultas-2-listas-posteo.json,consultas-1-listas-posteo.json,6.0,No Acotada B1,0.0,11,true
consultas-2-listas-posteo.json,consultas-1-listas-posteo.json,6.0,No Acotada B2,0.0,11,true
consultas-2-listas-posteo.json,consultas-1-listas-posteo.json,6.0,SkipList,0.0,12,true
consultas-2-listas-posteo.json,consultas-1-listas-posteo.json,13.0,Binaria Acotada,0.0,7,true
consultas-2-listas-posteo.json,consultas-1-listas-posteo.json,13.0,Secuencial B0,0.0,513,true
consultas-2-listas-posteo.json,consultas-1-listas-posteo.json,13.0,No Acotada B1,0.0,14,true
consultas-2-listas-posteo.json,consultas-1-listas-posteo.json,13.0,No Acotada B2,0.0,14,true
consultas-2-listas-posteo.json,consultas-1-listas-posteo.json,13.0,SkipList,0.0,13,true
consultas-2-listas-posteo.json,consultas-1-listas-posteo.json,6.0,Binaria Acotada,0.0,7,true
consultas-2-listas-posteo.json,consultas-1-listas-posteo.json,6.0,Secuencial B0,0.0,226,true
consultas-2-listas-posteo.json,consultas-1-listas-posteo.json,6.0,No Acotada B1,0.0,11,true
consultas-2-listas-posteo.json,consultas-1-listas-posteo.json,6.0,No Acotada B2,0.0,11,true
consultas-2-listas-posteo.json,consultas-1-listas-posteo.json,6.0,SkipList,9.5367431640625e-7,12,true
consultas-2-listas-posteo.json,consultas-1-listas-posteo.json,15.0,Binaria Acotada,0.0,4,true
consultas-2-listas-posteo.json,consultas-1-listas-posteo.json,15.0,Secuencial B0,9.5367431640625e-7,606,true
consultas-2-listas-posteo.json,consultas-1-listas-posteo.json,15.0,No Acotada B1,0.0,12,true
consultas-2-listas-posteo.json,consultas-1-listas-posteo.json,15.0,No Acotada B2,9.5367431640625e-7,12,true
consultas-2-listas-posteo.json,consultas-1-listas-posteo.json,15.0,SkipList,0.0,14,true
consultas-2-listas-posteo.json,consultas-1-listas-posteo.json,13.0,Binaria Acotada,0.0,7,true
consultas-2-listas-posteo.json,consultas-1-listas-posteo.json,13.0,Secuencial B0,0.0,513,true
consultas-2-listas-posteo.json,consultas-1-listas-posteo.json,13.0,No Acotada B1,0.0,14,true
consultas-2-listas-posteo.json,consultas-1-listas-posteo.json,13.0,No Acotada B2,0.0,14,true
consultas-2-listas-posteo.json,consultas-1-listas-posteo.json,13.0,SkipList,0.0,13,true
consultas-2-listas-posteo.json,consultas-1-listas-posteo.json,10.0,Binaria Acotada,0.0,7,true
consultas-2-listas-posteo.json,consultas-1-listas-posteo.json,10.0,Secuencial B0,0.0,382,true
consultas-2-listas-posteo.json,consultas-1-listas-posteo.json,10.0,No Acotada B1,0.0,10,true
consultas-2-listas-posteo.json,consultas-1-listas-posteo.json,10.0,No Acotada B2,0.0,10,true
consultas-2-listas-posteo.json,consultas-1-listas-posteo.json,10.0,SkipList,9.5367431640625e-7,12,true
consultas-2-listas-posteo.json,consultas-1-listas-posteo.json,8.0,Binaria Acotada,0.0,5,true
consultas-2-listas-posteo.json,consultas-1-listas-posteo.json,8.0,Secuencial B0,9.5367431640625e-7,304,true
consultas-2-listas-posteo.json,consultas-1-listas-posteo.json,8.0,No Acotada B1,0.0,11,true
consultas-2-listas-posteo.json,consultas-1-listas-posteo.json,8.0,No Acotada B2,0.0,11,true
consultas-2-listas-posteo.json,consultas-1-listas-posteo.json,8.0,SkipList,1.1920928955078125e-6,12,true
consultas-2-listas-posteo.json,consultas-1-listas-posteo.json,12.0,Binaria Acotada,0.0,8,true
consultas-2-listas-posteo.json,consultas-1-listas-posteo.json,12.0,Secuencial B0,9.5367431640625e-7,470,true
consultas-2-listas-posteo.json,consultas-1-listas-posteo.json,12.0,No Acotada B1,0.0,12,true
consultas-2-listas-posteo.json,consultas-1-listas-posteo.json,12.0,No Acotada B2,9.5367431640625e-7,12,true
consultas-2-listas-posteo.json,consultas-1-listas-posteo.json,12.0,SkipList,0.0,12,true
consultas-2-listas-posteo.json,consultas-1-listas-posteo.json,1.0,Binaria Acotada,0.0,8,true
consultas-2-listas-posteo.json,consultas-1-listas-posteo.json,1.0,Secuencial B0,0.0,1,true
consultas-2-listas-posteo.json,consultas-1-listas-posteo.json,1.0,No Acotada B1,0.0,1,true
consultas-2-listas-posteo.json,consultas-1-listas-posteo.json,1.0,No Acotada B2,0.0,1,true
consultas-2-listas-posteo.json,consultas-1-listas-posteo.json,1.0,SkipList,0.0,10,true
consultas-2-listas-posteo.json,consultas-1-listas-posteo.json,4.0,Binaria Acotada,0.0,6,true
consultas-2-listas-posteo.json,consultas-1-listas-posteo.json,4.0,Secuencial B0,0.0,137,true
consultas-2-listas-posteo.json,consultas-1-listas-posteo.json,4.0,No Acotada B1,0.0,10,true
consultas-2-listas-posteo.json,consultas-1-listas-posteo.json,4.0,No Acotada B2,1.1920928955078125e-6,10,true
consultas-2-listas-posteo.json,consultas-1-listas-posteo.json,4.0,SkipList,0.0,13,true
consultas-2-listas-posteo.json,consultas-1-listas-posteo.json,12.0,Binaria Acotada,0.0,8,true
consultas-2-listas-posteo.json,consultas-1-listas-posteo.json,12.0,Secuencial B0,0.0,470,true
consultas-2-listas-posteo.json,consultas-1-listas-posteo.json,12.0,No Acotada B1,0.0,12,true
consultas-2-listas-posteo.json,consultas-1-listas-posteo.json,12.0,No Acotada B2,0.0,12,true
consultas-2-listas-posteo.json,consultas-1-listas-posteo.json,12.0,SkipList,0.0,12,true
consultas-2-listas-posteo.json,consultas-1-listas-posteo.json,5.0,Binaria Acotada,0.0,8,true
consultas-2-listas-posteo.json,consultas-1-listas-posteo.json,5.0,Secuencial B0,0.0,170,true
consultas-2-listas-posteo.json,consultas-1-listas-posteo.json,5.0,No Acotada B1,9.5367431640625e-7,9,true
consultas-2-listas-posteo.json,consultas-1-listas-posteo.json,5.0,No Acotada B2,0.0,9,true
consultas-2-listas-posteo.json,consultas-1-listas-posteo.json,5.0,SkipList,0.0,11,true
consultas-2-listas-posteo.json,consultas-1-listas-posteo.json,8.0,Binaria Acotada,0.0,5,true
consultas-2-listas-posteo.json,consultas-1-listas-posteo.json,8.0,Secuencial B0,0.0,304,true
consultas-2-listas-posteo.json,consultas-1-listas-posteo.json,8.0,No Acotada B1,0.0,11,true
consultas-2-listas-posteo.json,consultas-1-listas-posteo.json,8.0,No Acotada B2,0.0,11,true
consultas-2-listas-posteo.json,consultas-1-listas-posteo.json,8.0,SkipList,0.0,12,true
consultas-2-listas-posteo.json,consultas-1-listas-posteo.json,15.0,Binaria Acotada,0.0,4,true
consultas-2-listas-posteo.json,consultas-1-listas-posteo.json,15.0,Secuencial B0,9.5367431640625e-7,606,true
consultas-2-listas-posteo.json,consultas-1-listas-posteo.json,15.0,No Acotada B1,0.0,12,true
consultas-2-listas-posteo.json,consultas-1-listas-posteo.json,15.0,No Acotada B2,0.0,12,true
consultas-2-listas-posteo.json,consultas-1-listas-posteo.json,15.0,SkipList,0.0,14,true
consultas-2-listas-posteo.json,consultas-1-listas-posteo.json,1.0,Binaria Acotada,0.0,8,true
consultas-2-listas-posteo.json,consultas-1-listas-posteo.json,1.0,Secuencial B0,0.0,1,true
consultas-2-listas-posteo.json,consultas-1-listas-posteo.json,1.0,No Acotada B1,0.0,1,true
consultas-2-listas-posteo.json,consultas-1-listas-posteo.json,1.0,No Acotada B2,0.0,1,true
consultas-2-listas-posteo.json,consultas-1-listas-posteo.json,1.0,SkipList,0.0,10,true
consultas-2-listas-posteo.json,consultas-1-listas-posteo.json,3.0,Binaria Acotada,0.0,8,true
consultas-2-listas-posteo.json,consultas-1-listas-posteo.json,3.0,Secuencial B0,9.5367431640625e-7,96,true
consultas-2-listas-posteo.json,consultas-1-listas-posteo.json,3.0,No Acotada B1,0.0,8,true
consultas-2-listas-posteo.json,consultas-1-listas-posteo.json,3.0,No Acotada B2,0.0,8,true
consultas-2-listas-posteo.json,consultas-1-listas-posteo.json,3.0,SkipList,0.0,12,true
consultas-2-listas-posteo.json,consultas-1-listas-posteo.json,5.0,Binaria Acotada,0.0,8,true
consultas-2-listas-posteo.json,consultas-1-listas-posteo.json,5.0,Secuencial B0,0.0,170,true
consultas-2-listas-posteo.json,consultas-1-listas-posteo.json,5.0,No Acotada B1,0.0,9,true
consultas-2-listas-posteo.json,consultas-1-listas-posteo.json,5.0,No Acotada B2,0.0,9,true
consultas-2-listas-posteo.json,consultas-1-listas-posteo.json,5.0,SkipList,0.0,11,true
consultas-2-listas-posteo.json,consultas-1-listas-posteo.json,4.0,Binaria Acotada,0.0,6,true
consultas-2-listas-posteo.json,consultas-1-listas-posteo.json,4.0,Secuencial B0,0.0,137,true
consultas-2-listas-posteo.json,consultas-1-listas-posteo.json,4.0,No Acotada B1,0.0,10,true
consultas-2-listas-posteo.json,consultas-1-listas-posteo.json,4.0,No Acotada B2,9.5367431640625e-7,10,true
consultas-2-listas-posteo.json,consultas-1-listas-posteo.json,4.0,SkipList,0.0,13,true
consultas-2-listas-posteo.json,consultas-1-listas-posteo.json,10.0,Binaria Acotada,0.0,7,true
consultas-2-listas-posteo.json,consultas-1-listas-posteo.json,10.0,Secuencial B0,0.0,382,true
consultas-2-listas-posteo.json,consultas-1-listas-posteo.json,10.0,No Acotada B1,0.0,10,true
consultas-2-listas-posteo.json,consultas-1-listas-posteo.json,10.0,No Acotada B2,0.0,10,true
consultas-2-listas-posteo.json,consultas-1-listas-posteo.json,10.0,SkipList,0.0,12,true
consultas-2-listas-posteo.json,consultas-1-listas-posteo.json,7.0,Binaria Acotada,0.0,8,true
consultas-2-listas-posteo.json,consultas-1-listas-posteo.json,7.0,Secuencial B0,0.0,267,true
consultas-2-listas-posteo.json,consultas-1-listas-posteo.json,7.0,No Acotada B1,9.5367431640625e-7,12,true
consultas-2-listas-posteo.json,consultas-1-listas-posteo.json,7.0,No Acotada B2,0.0,12,true
consultas-2-listas-posteo.json,consultas-1-listas-posteo.json,7.0,SkipList,0.0,13,true
consultas-2-listas-posteo.json,consultas-1-listas-posteo.json,8.0,Binaria Acotada,0.0,5,true
consultas-2-listas-posteo.json,consultas-1-listas-posteo.json,8.0,Secuencial B0,9.5367431640625e-7,304,true
consultas-2-listas-posteo.json,consultas-1-listas-posteo.json,8.0,No Acotada B1,0.0,11,true
consultas-2-listas-posteo.json,consultas-1-listas-posteo.json,8.0,No Acotada B2,0.0,11,true
consultas-2-listas-posteo.json,consultas-1-listas-posteo.json,8.0,SkipList,0.0,12,true
consultas-2-listas-posteo.json,consultas-1-listas-posteo.json,10.0,Binaria Acotada,0.0,7,true
consultas-2-listas-posteo.json,consultas-1-listas-posteo.json,10.0,Secuencial B0,1.1920928955078125e-6,382,true
consultas-2-listas-posteo.json,consultas-1-listas-posteo.json,10.0,No Acotada B1,0.0,10,true
consultas-2-listas-posteo.json,consultas-1-listas-posteo.json,10.0,No Acotada B2,9.5367431640625e-7,10,true
consultas-2-listas-posteo.json,consultas-1-listas-posteo.json,10.0,SkipList,0.0,12,true
consultas-2-listas-posteo.json,consultas-1-listas-posteo.json,6.0,Binaria Acotada,0.0,7,true
consultas-2-listas-posteo.json,consultas-1-listas-posteo.json,6.0,Secuencial B0,0.0,226,true
consultas-2-listas-posteo.json,consultas-1-listas-posteo.json,6.0,No Acotada B1,0.0,11,true
consultas-2-listas-posteo.json,consultas-1-listas-posteo.json,6.0,No Acotada B2,0.0,11,true
consultas-2-listas-posteo.json,consultas-1-listas-posteo.json,6.0,SkipList,0.0,12,true
consultas-2-listas-posteo.json,consultas-1-listas-posteo.json,5.0,Binaria Acotada,9.5367431640625e-7,8,true
consultas-2-listas-posteo.json,consultas-1-listas-posteo.json,5.0,Secuencial B0,0.0,170,true
consultas-2-listas-posteo.json,consultas-1-listas-posteo.json,5.0,No Acotada B1,0.0,9,true
consultas-2-listas-posteo.json,consultas-1-listas-posteo.json,5.0,No Acotada B2,0.0,9,true
consultas-2-listas-posteo.json,consultas-1-listas-posteo.json,5.0,SkipList,9.5367431640625e-7,11,true
consultas-2-listas-posteo.json,consultas-1-listas-posteo.json,14.0,Binaria Acotada,0.0,8,true
consultas-2-listas-posteo.json,consultas-1-listas-posteo.json,14.0,Secuencial B0,9.5367431640625e-7,550,true
consultas-2-listas-posteo.json,consultas-1-listas-posteo.json,14.0,No Acotada B1,0.0,13,true
consultas-2-listas-posteo.json,consultas-1-listas-posteo.json,14.0,No Acotada B2,0.0,13,true
consultas-2-listas-posteo.json,consultas-1-listas-posteo.json,14.0,SkipList,0.0,13,true
consultas-2-listas-posteo.json,consultas-1-listas-posteo.json,5.0,Binaria Acotada,0.0,8,true
consultas-2-listas-posteo.json,consultas-1-listas-posteo.json,5.0,Secuencial B0,0.0,170,true
consultas-2-listas-posteo.json,consultas-1-listas-posteo.json,5.0,No Acotada B1,0.0,9,true
consultas-2-listas-posteo.json,consultas-1-listas-posteo.json,5.0,No Acotada B2,0.0,9,true
consultas-2-listas-posteo.json,consultas-1-listas-posteo.json,5.0,SkipList,0.0,11,true
consultas-2-listas-posteo.json,consultas-1-listas-posteo.json,4.0,Binaria Acotada,1.1920928955078125e-6,6,true
consultas-2-listas-posteo.json,consultas-1-listas-posteo.json,4.0,Secuencial B0,0.0,137,true
consultas-2-listas-posteo.json,consultas-1-listas-posteo.json,4.0,No Acotada B1,0.0,10,true
consultas-2-listas-posteo.json,consultas-1-listas-posteo.json,4.0,No Acotada B2,0.0,10,true
consultas-2-listas-posteo.json,consultas-1-listas-posteo.json,4.0,SkipList,0.0,13,true
consultas-2-listas-posteo.json,consultas-1-listas-posteo.json,6.0,Binaria Acotada,0.0,7,true
consultas-2-listas-posteo.json,consultas-1-listas-posteo.json,6.0,Secuencial B0,0.0,226,true
consultas-2-listas-posteo.json,consultas-1-listas-posteo.json,6.0,No Acotada B1,9.5367431640625e-7,11,true
consultas-2-listas-posteo.json,consultas-1-listas-posteo.json,6.0,No Acotada B2,0.0,11,true
consultas-2-listas-posteo.json,consultas-1-listas-posteo.json,6.0,SkipList,0.0,12,true
consultas-2-listas-posteo.json,consultas-1-listas-posteo.json,11.0,Binaria Acotada,0.0,6,true
consultas-2-listas-posteo.json,consultas-1-listas-posteo.json,11.0,Secuencial B0,0.0,429,true
consultas-2-listas-posteo.json,consultas-1-listas-posteo.json,11.0,No Acotada B1,0.0,11,true
consultas-2-listas-posteo.json,consultas-1-listas-posteo.json,11.0,No Acotada B2,0.0,11,true
consultas-2-listas-posteo.json,consultas-1-listas-posteo.json,11.0,SkipList,0.0,13,true
consultas-2-listas-posteo.json,consultas-1-listas-posteo.json,4.0,Binaria Acotada,0.0,6,true
consultas-2-listas-posteo.json,consultas-1-listas-posteo.json,4.0,Secuencial B0,9.5367431640625e-7,137,true
consultas-2-listas-posteo.json,consultas-1-listas-posteo.json,4.0,No Acotada B1,0.0,10,true
consultas-2-listas-posteo.json,consultas-1-listas-posteo.json,4.0,No Acotada B2,0.0,10,true
consultas-2-listas-posteo.json,consultas-1-listas-posteo.json,4.0,SkipList,0.0,13,true
consultas-2-listas-posteo.json,consultas-1-listas-posteo.json,4.0,Binaria Acotada,0.0,6,true
consultas-2-listas-posteo.json,consultas-1-listas-posteo.json,4.0,Secuencial B0,0.0,137,true
consultas-2-listas-posteo.json,consultas-1-listas-posteo.json,4.0,No Acotada B1,0.0,10,true
consultas-2-listas-posteo.json,consultas-1-listas-posteo.json,4.0,No Acotada B2,0.0,10,true
consultas-2-listas-posteo.json,consultas-1-listas-posteo.json,4.0,SkipList,0.0,13,true
consultas-2-listas-posteo.json,consultas-1-listas-posteo.json,4.0,Binaria Acotada,0.0,6,true
consultas-2-listas-posteo.json,consultas-1-listas-posteo.json,4.0,Secuencial B0,0.0,137,true
consultas-2-listas-posteo.json,consultas-1-listas-posteo.json,4.0,No Acotada B1,0.0,10,true
consultas-2-listas-posteo.json,consultas-1-listas-posteo.json,4.0,No Acotada B2,0.0,10,true
consultas-2-listas-posteo.json,consultas-1-listas-posteo.json,4.0,SkipList,0.0,13,true
consultas-2-listas-posteo.json,consultas-1-listas-posteo.json,3.0,Binaria Acotada,0.0,8,true
consultas-2-listas-posteo.json,consultas-1-listas-posteo.json,3.0,Secuencial B0,0.0,96,true
consultas-2-listas-posteo.json,consultas-1-listas-posteo.json,3.0,No Acotada B1,0.0,8,true
consultas-2-listas-posteo.json,consultas-1-listas-posteo.json,3.0,No Acotada B2,9.5367431640625e-7,8,true
consultas-2-listas-posteo.json,consultas-1-listas-posteo.json,3.0,SkipList,0.0,12,true
consultas-2-listas-posteo.json,consultas-1-listas-posteo.json,12.0,Binaria Acotada,0.0,8,true
consultas-2-listas-posteo.json,consultas-1-listas-posteo.json,12.0,Secuencial B0,0.0,470,true
consultas-2-listas-posteo.json,consultas-1-listas-posteo.json,12.0,No Acotada B1,0.0,12,true
consultas-2-listas-posteo.json,consultas-1-listas-posteo.json,12.0,No Acotada B2,0.0,12,true
consultas-2-listas-posteo.json,consultas-1-listas-posteo.json,12.0,SkipList,0.0,12,true
consultas-2-listas-posteo.json,consultas-1-listas-posteo.json,3.0,Binaria Acotada,0.0,8,true
consultas-2-listas-posteo.json,consultas-1-listas-posteo.json,3.0,Secuencial B0,0.0,96,true
consultas-2-listas-posteo.json,consultas-1-listas-posteo.json,3.0,No Acotada B1,0.0,8,true
consultas-2-listas-posteo.json,consultas-1-listas-posteo.json,3.0,No Acotada B2,0.0,8,true
consultas-2-listas-posteo.json,consultas-1-listas-posteo.json,3.0,SkipList,0.0,12,true
consultas-2-listas-posteo.json,consultas-1-listas-posteo.json,16.0,Binaria Acotada,0.0,8,true
consultas-2-listas-posteo.json,consultas-1-listas-posteo.json,16.0,Secuencial B0,1.1920928955078125e-6,655,true
consultas-2-listas-posteo.json,consultas-1-listas-posteo.json,16.0,No Acotada B1,0.0,14,true
consultas-2-listas-posteo.json,consultas-1-listas-posteo.json,16.0,No Acotada B2,0.0,14,true
consultas-2-listas-posteo.json,consultas-1-listas-posteo.json,16.0,SkipList,0.0,15,true
consultas-2-listas-posteo.json,consultas-1-listas-posteo.json,14.0,Binaria Acotada,0.0,8,true
consultas-2-listas-posteo.json,consultas-1-listas-posteo.json,14.0,Secuencial B0,9.5367431640625e-7,550,true
consultas-2-listas-posteo.json,consultas-1-listas-posteo.json,14.0,No Acotada B1,0.0,13,true
consultas-2-listas-posteo.json,consultas-1-listas-posteo.json,14.0,No Acotada B2,0.0,13,true
consultas-2-listas-posteo.json,consultas-1-listas-posteo.json,14.0,SkipList,0.0,13,true
consultas-2-listas-posteo.json,consultas-2-listas-posteo.json,200.0,Binaria Acotada,0.0,7,true
consultas-2-listas-posteo.json,consultas-2-listas-posteo.json,200.0,Secuencial B0,5.0067901611328125e-6,8196,true
consultas-2-listas-posteo.json,consultas-2-listas-posteo.json,200.0,No Acotada B1,9.5367431640625e-7,20,true
consultas-2-listas-posteo.json,consultas-2-listas-posteo.json,200.0,No Acotada B2,0.0,20,true
consultas-2-listas-posteo.json,consultas-2-listas-posteo.json,200.0,SkipList,9.5367431640625e-7,17,true
consultas-2-listas-posteo.json,consultas-2-listas-posteo.json,229.0,Binaria Acotada,9.5367431640625e-7,4,true
consultas-2-listas-posteo.json,consultas-2-listas-posteo.json,229.0,Secuencial B0,5.9604644775390625e-6,9343,true
consultas-2-listas-posteo.json,consultas-2-listas-posteo.json,229.0,No Acotada B1,9.5367431640625e-7,20,true
consultas-2-listas-posteo.json,consultas-2-listas-posteo.json,229.0,No Acotada B2,0.0,20,true
consultas-2-listas-posteo.json,consultas-2-listas-posteo.json,229.0,SkipList,1.1920928955078125e-6,15,true
consultas-2-listas-posteo.json,consultas-2-listas-posteo.json,46.0,Binaria Acotada,0.0,7,true
consultas-2-listas-posteo.json,consultas-2-listas-posteo.json,46.0,Secuencial B0,1.9073486328125e-6,1898,true
consultas-2-listas-posteo.json,consultas-2-listas-posteo.json,46.0,No Acotada B1,0.0,14,true
consultas-2-listas-posteo.json,consultas-2-listas-posteo.json,46.0,No Acotada B2,0.0,14,true
consultas-2-listas-posteo.json,consultas-2-listas-posteo.json,46.0,SkipList,0.0,17,true
consultas-2-listas-posteo.json,consultas-2-listas-posteo.json,186.0,Binaria Acotada,9.5367431640625e-7,6,true
consultas-2-listas-posteo.json,consultas-2-listas-posteo.json,186.0,Secuencial B0,5.0067901611328125e-6,7620,true
consultas-2-listas-posteo.json,consultas-2-listas-posteo.json,186.0,No Acotada B1,0.0,20,true
consultas-2-listas-posteo.json,consultas-2-listas-posteo.json,186.0,No Acotada B2,0.0,20,true
consultas-2-listas-posteo.json,consultas-2-listas-posteo.json,186.0,SkipList,9.5367431640625e-7,17,true
consultas-2-listas-posteo.json,consultas-2-listas-posteo.json,58.0,Binaria Acotada,0.0,7,true
consultas-2-listas-posteo.json,consultas-2-listas-posteo.json,58.0,Secuencial B0,1.9073486328125e-6,2412,true
consultas-2-listas-posteo.json,consultas-2-listas-posteo.json,58.0,No Acotada B1,0.0,16,true
consultas-2-listas-posteo.json,consultas-2-listas-posteo.json,58.0,No Acotada B2,0.0,16,true
consultas-2-listas-posteo.json,consultas-2-listas-posteo.json,58.0,SkipList,0.0,13,true
consultas-2-listas-posteo.json,consultas-2-listas-posteo.json,183.0,Binaria Acotada,0.0,2,true
consultas-2-listas-posteo.json,consultas-2-listas-posteo.json,183.0,Secuencial B0,5.0067901611328125e-6,7487,true
consultas-2-listas-posteo.json,consultas-2-listas-posteo.json,183.0,No Acotada B1,0.0,19,true
consultas-2-listas-posteo.json,consultas-2-listas-posteo.json,183.0,No Acotada B2,0.0,19,true
consultas-2-listas-posteo.json,consultas-2-listas-posteo.json,183.0,SkipList,0.0,16,true
consultas-2-listas-posteo.json,consultas-2-listas-posteo.json,208.0,Binaria Acotada,0.0,7,true
consultas-2-listas-posteo.json,consultas-2-listas-posteo.json,208.0,Secuencial B0,5.9604644775390625e-6,8488,true
consultas-2-listas-posteo.json,consultas-2-listas-posteo.json,208.0,No Acotada B1,0.0,18,true
consultas-2-listas-posteo.json,consultas-2-listas-posteo.json,208.0,No Acotada B2,0.0,18,true
consultas-2-listas-posteo.json,consultas-2-listas-posteo.json,208.0,SkipList,0.0,17,true
consultas-2-listas-posteo.json,consultas-2-listas-posteo.json,212.0,Binaria Acotada,0.0,8,true
consultas-2-listas-posteo.json,consultas-2-listas-posteo.json,212.0,Secuencial B0,6.198883056640625e-6,8672,true
consultas-2-listas-posteo.json,consultas-2-listas-posteo.json,212.0,No Acotada B1,0.0,19,true
consultas-2-listas-posteo.json,consultas-2-listas-posteo.json,212.0,No Acotada B2,0.0,19,true
consultas-2-listas-posteo.json,consultas-2-listas-posteo.json,212.0,SkipList,9.5367431640625e-7,13,true
consultas-2-listas-posteo.json,consultas-2-listas-posteo.json,162.0,Binaria Acotada,0.0,6,true
consultas-2-listas-posteo.json,consultas-2-listas-posteo.json,162.0,Secuencial B0,5.0067901611328125e-6,6680,true
consultas-2-listas-posteo.json,consultas-2-listas-posteo.json,162.0,No Acotada B1,0.0,19,true
consultas-2-listas-posteo.json,consultas-2-listas-posteo.json,162.0,No Acotada B2,0.0,19,true
consultas-2-listas-posteo.json,consultas-2-listas-posteo.json,162.0,SkipList,0.0,15,true
consultas-2-listas-posteo.json,consultas-2-listas-posteo.json,72.0,Binaria Acotada,0.0,8,true
consultas-2-listas-posteo.json,consultas-2-listas-posteo.json,72.0,Secuencial B0,2.1457672119140625e-6,2983,true
consultas-2-listas-posteo.json,consultas-2-listas-posteo.json,72.0,No Acotada B1,9.5367431640625e-7,17,true
consultas-2-listas-posteo.json,consultas-2-listas-posteo.json,72.0,No Acotada B2,0.0,17,true
consultas-2-listas-posteo.json,consultas-2-listas-posteo.json,72.0,SkipList,9.5367431640625e-7,15,true
consultas-2-listas-posteo.json,consultas-2-listas-posteo.json,36.0,Binaria Acotada,0.0,8,true
consultas-2-listas-posteo.json,consultas-2-listas-posteo.json,36.0,Secuencial B0,9.5367431640625e-7,1504,true
consultas-2-listas-posteo.json,consultas-2-listas-posteo.json,36.0,No Acotada B1,0.0,12,true
consultas-2-listas-posteo.json,consultas-2-listas-posteo.json,36.0,No Acotada B2,0.0,12,true
consultas-2-listas-posteo.json,consultas-2-listas-posteo.json,36.0,SkipList,9.5367431640625e-7,14,true
consultas-2-listas-posteo.json,consultas-2-listas-posteo.json,32.0,Binaria Acotada,0.0,8,true
consultas-2-listas-posteo.json,consultas-2-listas-posteo.json,32.0,Secuencial B0,9.5367431640625e-7,1340,true
consultas-2-listas-posteo.json,consultas-2-listas-posteo.json,32.0,No Acotada B1,0.0,15,true
consultas-2-listas-posteo.json,consultas-2-listas-posteo.json,32.0,No Acotada B2,0.0,15,true
consultas-2-listas-posteo.json,consultas-2-listas-posteo.json,32.0,SkipList,9.5367431640625e-7,14,true
consultas-2-listas-posteo.json,consultas-2-listas-posteo.json,144.0,Binaria Acotada,0.0,8,true
consultas-2-listas-posteo.json,consultas-2-listas-posteo.json,144.0,Secuencial B0,4.0531158447265625e-6,5939,true
consultas-2-listas-posteo.json,consultas-2-listas-posteo.json,144.0,No Acotada B1,0.0,19,true
consultas-2-listas-posteo.json,consultas-2-listas-posteo.json,144.0,No Acotada B2,0.0,19,true
consultas-2-listas-posteo.json,consultas-2-listas-posteo.json,144.0,SkipList,0.0,16,true
consultas-2-listas-posteo.json,consultas-2-listas-posteo.json,3.0,Binaria Acotada,0.0,8,true
consultas-2-listas-posteo.json,consultas-2-listas-posteo.json,3.0,Secuencial B0,0.0,96,true
consultas-2-listas-posteo.json,consultas-2-listas-posteo.json,3.0,No Acotada B1,0.0,8,true
consultas-2-listas-posteo.json,consultas-2-listas-posteo.json,3.0,No Acotada B2,9.5367431640625e-7,8,true
consultas-2-listas-posteo.json,consultas-2-listas-posteo.json,3.0,SkipList,0.0,12,true
consultas-2-listas-posteo.json,consultas-2-listas-posteo.json,237.0,Binaria Acotada,9.5367431640625e-7,5,true
consultas-2-listas-posteo.json,consultas-2-listas-posteo.json,237.0,Secuencial B0,5.0067901611328125e-6,9662,true
consultas-2-listas-posteo.json,consultas-2-listas-posteo.json,237.0,No Acotada B1,0.0,20,true
consultas-2-listas-posteo.json,consultas-2-listas-posteo.json,237.0,No Acotada B2,0.0,20,true
consultas-2-listas-posteo.json,consultas-2-listas-posteo.json,237.0,SkipList,9.5367431640625e-7,20,true
consultas-2-listas-posteo.json,consultas-2-listas-posteo.json,234.0,Binaria Acotada,0.0,6,true
consultas-2-listas-posteo.json,consultas-2-listas-posteo.json,234.0,Secuencial B0,7.152557373046875e-6,9528,true
consultas-2-listas-posteo.json,consultas-2-listas-posteo.json,234.0,No Acotada B1,0.0,16,true
consultas-2-listas-posteo.json,consultas-2-listas-posteo.json,234.0,No Acotada B2,9.5367431640625e-7,16,true
consultas-2-listas-posteo.json,consultas-2-listas-posteo.json,234.0,SkipList,0.0,17,true
consultas-2-listas-posteo.json,consultas-2-listas-posteo.json,228.0,Binaria Acotada,0.0,8,true
consultas-2-listas-posteo.json,consultas-2-listas-posteo.json,228.0,Secuencial B0,5.9604644775390625e-6,9305,true
consultas-2-listas-posteo.json,consultas-2-listas-posteo.json,228.0,No Acotada B1,0.0,17,true
consultas-2-listas-posteo.json,consultas-2-listas-posteo.json,228.0,No Acotada B2,0.0,17,true
consultas-2-listas-posteo.json,consultas-2-listas-posteo.json,228.0,SkipList,0.0,14,true
consultas-2-listas-posteo.json,consultas-2-listas-posteo.json,85.0,Binaria Acotada,0.0,7,true
consultas-2-listas-posteo.json,consultas-2-listas-posteo.json,85.0,Secuencial B0,1.9073486328125e-6,3501,true
consultas-2-listas-posteo.json,consultas-2-listas-posteo.json,85.0,No Acotada B1,0.0,17,true
consultas-2-listas-posteo.json,consultas-2-listas-posteo.json,85.0,No Acotada B2,0.0,17,true
consultas-2-listas-posteo.json,consultas-2-listas-posteo.json,85.0,SkipList,0.0,18,true
consultas-2-listas-posteo.json,consultas-2-listas-posteo.json,200.0,Binaria Acotada,0.0,7,true
consultas-2-listas-posteo.json,consultas-2-listas-posteo.json,200.0,Secuencial B0,5.0067901611328125e-6,8196,true
consultas-2-listas-posteo.json,consultas-2-listas-posteo.json,200.0,No Acotada B1,0.0,20,true
consultas-2-listas-posteo.json,consultas-2-listas-posteo.json,200.0,No Acotada B2,0.0,20,true
consultas-2-listas-posteo.json,consultas-2-listas-posteo.json,200.0,SkipList,9.5367431640625e-7,17,true
consultas-2-listas-posteo.json,consultas-2-listas-posteo.json,11.0,Binaria Acotada,0.0,6,true
consultas-2-listas-posteo.json,consultas-2-listas-posteo.json,11.0,Secuencial B0,9.5367431640625e-7,429,true
consultas-2-listas-posteo.json,consultas-2-listas-posteo.json,11.0,No Acotada B1,0.0,11,true
consultas-2-listas-posteo.json,consultas-2-listas-posteo.json,11.0,No Acotada B2,0.0,11,true
consultas-2-listas-posteo.json,consultas-2-listas-posteo.json,11.0,SkipList,0.0,13,true
consultas-2-listas-posteo.json,consultas-2-listas-posteo.json,98.0,Binaria Acotada,0.0,5,true
consultas-2-listas-posteo.json,consultas-2-listas-posteo.json,98.0,Secuencial B0,1.9073486328125e-6,4025,true
consultas-2-listas-posteo.json,consultas-2-listas-posteo.json,98.0,No Acotada B1,0.0,17,true
consultas-2-listas-posteo.json,consultas-2-listas-posteo.json,98.0,No Acotada B2,0.0,17,true
consultas-2-listas-posteo.json,consultas-2-listas-posteo.json,98.0,SkipList,0.0,18,true
consultas-2-listas-posteo.json,consultas-2-listas-posteo.json,153.0,Binaria Acotada,0.0,8,true
consultas-2-listas-posteo.json,consultas-2-listas-posteo.json,153.0,Secuencial B0,3.814697265625e-6,6332,true
consultas-2-listas-posteo.json,consultas-2-listas-posteo.json,153.0,No Acotada B1,0.0,19,true
consultas-2-listas-posteo.json,consultas-2-listas-posteo.json,153.0,No Acotada B2,1.1920928955078125e-6,19,true
consultas-2-listas-posteo.json,consultas-2-listas-posteo.json,153.0,SkipList,0.0,14,true
consultas-2-listas-posteo.json,consultas-2-listas-posteo.json,83.0,Binaria Acotada,0.0,5,true
consultas-2-listas-posteo.json,consultas-2-listas-posteo.json,83.0,Secuencial B0,1.9073486328125e-6,3416,true
consultas-2-listas-posteo.json,consultas-2-listas-posteo.json,83.0,No Acotada B1,0.0,18,true
consultas-2-listas-posteo.json,consultas-2-listas-posteo.json,83.0,No Acotada B2,0.0,18,true
consultas-2-listas-posteo.json,consultas-2-listas-posteo.json,83.0,SkipList,1.1920928955078125e-6,16,true
consultas-2-listas-posteo.json,consultas-2-listas-posteo.json,45.0,Binaria Acotada,0.0,4,true
consultas-2-listas-posteo.json,consultas-2-listas-posteo.json,45.0,Secuencial B0,1.9073486328125e-6,1851,true
consultas-2-listas-posteo.json,consultas-2-listas-posteo.json,45.0,No Acotada B1,0.0,15,true
consultas-2-listas-posteo.json,consultas-2-listas-posteo.json,45.0,No Acotada B2,0.0,15,true
consultas-2-listas-posteo.json,consultas-2-listas-posteo.json,45.0,SkipList,0.0,16,true
consultas-2-listas-posteo.json,consultas-2-listas-posteo.json,28.0,Binaria Acotada,0.0,7,true
consultas-2-listas-posteo.json,consultas-2-listas-posteo.json,28.0,Secuencial B0,1.1920928955078125e-6,1154,true
consultas-2-listas-posteo.json,consultas-2-listas-posteo.json,28.0,No Acotada B1,0.0,16,true
consultas-2-listas-posteo.json,consultas-2-listas-posteo.json,28.0,No Acotada B2,0.0,16,true
consultas-2-listas-posteo.json,consultas-2-listas-posteo.json,28.0,SkipList,0.0,11,true
consultas-2-listas-posteo.json,consultas-2-listas-posteo.json,77.0,Binaria Acotada,0.0,7,true
consultas-2-listas-posteo.json,consultas-2-listas-posteo.json,77.0,Secuencial B0,2.86102294921875e-6,3175,true
consultas-2-listas-posteo.json,consultas-2-listas-posteo.json,77.0,No Acotada B1,0.0,16,true
consultas-2-listas-posteo.json,consultas-2-listas-posteo.json,77.0,No Acotada B2,0.0,16,true
consultas-2-listas-posteo.json,consultas-2-listas-posteo.json,77.0,SkipList,0.0,17,true
consultas-2-listas-posteo.json,consultas-2-listas-posteo.json,143.0,Binaria Acotada,9.5367431640625e-7,5,true
consultas-2-listas-posteo.json,consultas-2-listas-posteo.json,143.0,Secuencial B0,3.814697265625e-6,5906,true
consultas-2-listas-posteo.json,consultas-2-listas-posteo.json,143.0,No Acotada B1,0.0,20,true
consultas-2-listas-posteo.json,consultas-2-listas-posteo.json,143.0,No Acotada B2,1.1920928955078125e-6,20,true
consultas-2-listas-posteo.json,consultas-2-listas-posteo.json,143.0,SkipList,0.0,15,true
consultas-2-listas-posteo.json,consultas-2-listas-posteo.json,168.0,Binaria Acotada,9.5367431640625e-7,7,true
consultas-2-listas-posteo.json,consultas-2-listas-posteo.json,168.0,Secuencial B0,4.0531158447265625e-6,6924,true
consultas-2-listas-posteo.json,consultas-2-listas-posteo.json,168.0,No Acotada B1,0.0,20,true
consultas-2-listas-posteo.json,consultas-2-listas-posteo.json,168.0,No Acotada B2,0.0,20,true
consultas-2-listas-posteo.json,consultas-2-listas-posteo.json,168.0,SkipList,0.0,16,true
consultas-2-listas-posteo.json,consultas-2-listas-posteo.json,80.0,Binaria Acotada,0.0,8,true
consultas-2-listas-posteo.json,consultas-2-listas-posteo.json,80.0,Secuencial B0,2.1457672119140625e-6,3303,true
consultas-2-listas-posteo.json,consultas-2-listas-posteo.json,80.0,No Acotada B1,0.0,15,true
consultas-2-listas-posteo.json,consultas-2-listas-posteo.json,80.0,No Acotada B2,0.0,15,true
consultas-2-listas-posteo.json,consultas-2-listas-posteo.json,80.0,SkipList,0.0,18,true
consultas-2-listas-posteo.json,consultas-2-listas-posteo.json,77.0,Binaria Acotada,0.0,7,true
consultas-2-listas-posteo.json,consultas-2-listas-posteo.json,77.0,Secuencial B0,1.9073486328125e-6,3175,true
consultas-2-listas-posteo.json,consultas-2-listas-posteo.json,77.0,No Acotada B1,0.0,16,true
consultas-2-listas-posteo.json,consultas-2-listas-posteo.json,77.0,No Acotada B2,0.0,16,true
consultas-2-listas-posteo.json,consultas-2-listas-posteo.json,77.0,SkipList,9.5367431640625e-7,17,true
consultas-2-listas-posteo.json,consultas-2-listas-posteo.json,107.0,Binaria Acotada,0.0,7,true
consultas-2-listas-posteo.json,consultas-2-listas-posteo.json,107.0,Secuencial B0,2.86102294921875e-6,4412,true
consultas-2-listas-posteo.json,consultas-2-listas-posteo.json,107.0,No Acotada B1,0.0,19,true
consultas-2-listas-posteo.json,consultas-2-listas-posteo.json,107.0,No Acotada B2,0.0,19,true
consultas-2-listas-posteo.json,consultas-2-listas-posteo.json,107.0,SkipList,0.0,21,true
consultas-2-listas-posteo.json,consultas-2-listas-posteo.json,7.0,Binaria Acotada,0.0,8,true
consultas-2-listas-posteo.json,consultas-2-listas-posteo.json,7.0,Secuencial B0,0.0,267,true
consultas-2-listas-posteo.json,consultas-2-listas-posteo.json,7.0,No Acotada B1,0.0,12,true
consultas-2-listas-posteo.json,consultas-2-listas-posteo.json,7.0,No Acotada B2,0.0,12,true
consultas-2-listas-posteo.json,consultas-2-listas-posteo.json,7.0,SkipList,0.0,13,true
consultas-2-listas-posteo.json,consultas-2-listas-posteo.json,217.0,Binaria Acotada,9.5367431640625e-7,6,true
consultas-2-listas-posteo.json,consultas-2-listas-posteo.json,217.0,Secuencial B0,6.198883056640625e-6,8880,true
consultas-2-listas-posteo.json,consultas-2-listas-posteo.json,217.0,No Acotada B1,0.0,20,true
consultas-2-listas-posteo.json,consultas-2-listas-posteo.json,217.0,No Acotada B2,9.5367431640625e-7,20,true
consultas-2-listas-posteo.json,consultas-2-listas-posteo.json,217.0,SkipList,0.0,16,true
consultas-2-listas-posteo.json,consultas-2-listas-posteo.json,108.0,Binaria Acotada,0.0,8,true
consultas-2-listas-posteo.json,consultas-2-listas-posteo.json,108.0,Secuencial B0,2.86102294921875e-6,4458,true
consultas-2-listas-posteo.json,consultas-2-listas-posteo.json,108.0,No Acotada B1,0.0,18,true
consultas-2-listas-posteo.json,consultas-2-listas-posteo.json,108.0,No Acotada B2,0.0,18,true
consultas-2-listas-posteo.json,consultas-2-listas-posteo.json,108.0,SkipList,0.0,22,true
consultas-2-listas-posteo.json,consultas-2-listas-posteo.json,118.0,Binaria Acotada,0.0,8,true
consultas-2-listas-posteo.json,consultas-2-listas-posteo.json,118.0,Secuencial B0,2.86102294921875e-6,4862,true
consultas-2-listas-posteo.json,consultas-2-listas-posteo.json,118.0,No Acotada B1,0.0,17,true
consultas-2-listas-posteo.json,consultas-2-listas-posteo.json,118.0,No Acotada B2,0.0,17,true
consultas-2-listas-posteo.json,consultas-2-listas-posteo.json,118.0,SkipList,9.5367431640625e-7,18,true
consultas-2-listas-posteo.json,consultas-2-listas-posteo.json,228.0,Binaria Acotada,0.0,8,true
consultas-2-listas-posteo.json,consultas-2-listas-posteo.json,228.0,Secuencial B0,6.9141387939453125e-6,9305,true
consultas-2-listas-posteo.json,consultas-2-listas-posteo.json,228.0,No Acotada B1,0.0,17,true
consultas-2-listas-posteo.json,consultas-2-listas-posteo.json,228.0,No Acotada B2,0.0,17,true
consultas-2-listas-posteo.json,consultas-2-listas-posteo.json,228.0,SkipList,0.0,14,true
consultas-2-listas-posteo.json,consultas-2-listas-posteo.json,42.0,Binaria Acotada,0.0,8,true
consultas-2-listas-posteo.json,consultas-2-listas-posteo.json,42.0,Secuencial B0,9.5367431640625e-7,1724,true
consultas-2-listas-posteo.json,consultas-2-listas-posteo.json,42.0,No Acotada B1,0.0,15,true
consultas-2-listas-posteo.json,consultas-2-listas-posteo.json,42.0,No Acotada B2,0.0,15,true
consultas-2-listas-posteo.json,consultas-2-listas-posteo.json,42.0,SkipList,0.0,13,true
consultas-2-listas-posteo.json,consultas-2-listas-posteo.json,18.0,Binaria Acotada,0.0,8,true
consultas-2-listas-posteo.json,consultas-2-listas-posteo.json,18.0,Secuencial B0,9.5367431640625e-7,738,true
consultas-2-listas-posteo.json,consultas-2-listas-posteo.json,18.0,No Acotada B1,0.0,11,true
consultas-2-listas-posteo.json,consultas-2-listas-posteo.json,18.0,No Acotada B2,0.0,11,true
consultas-2-listas-posteo.json,consultas-2-listas-posteo.json,18.0,SkipList,0.0,15,true
consultas-2-listas-posteo.json,consultas-2-listas-posteo.json,124.0,Binaria Acotada,0.0,6,true
consultas-2-listas-posteo.json,consultas-2-listas-posteo.json,124.0,Secuencial B0,2.86102294921875e-6,5124,true
consultas-2-listas-posteo.json,consultas-2-listas-posteo.json,124.0,No Acotada B1,1.1920928955078125e-6,20,true
consultas-2-listas-posteo.json,consultas-2-listas-posteo.json,124.0,No Acotada B2,0.0,20,true
consultas-2-listas-posteo.json,consultas-2-listas-posteo.json,124.0,SkipList,9.5367431640625e-7,15,true
consultas-2-listas-posteo.json,consultas-2-listas-posteo.json,8.0,Binaria Acotada,0.0,5,true
consultas-2-listas-posteo.json,consultas-2-listas-posteo.json,8.0,Secuencial B0,9.5367431640625e-7,304,true
consultas-2-listas-posteo.json,consultas-2-listas-posteo.json,8.0,No Acotada B1,0.0,11,true
consultas-2-listas-posteo.json,consultas-2-listas-posteo.json,8.0,No Acotada B2,0.0,11,true
consultas-2-listas-posteo.json,consultas-2-listas-posteo.json,8.0,SkipList,0.0,12,true
consultas-2-listas-posteo.json,consultas-2-listas-posteo.json,88.0,Binaria Acotada,0.0,8,true
consultas-2-listas-posteo.json,consultas-2-listas-posteo.json,88.0,Secuencial B0,3.0994415283203125e-6,3630,true
consultas-2-listas-posteo.json,consultas-2-listas-posteo.json,88.0,No Acotada B1,0.0,17,true
consultas-2-listas-posteo.json,consultas-2-listas-posteo.json,88.0,No Acotada B2,0.0,17,true
consultas-2-listas-posteo.json,consultas-2-listas-posteo.json,88.0,SkipList,0.0,21,true
consultas-2-listas-posteo.json,consultas-2-listas-posteo.json,221.0,Binaria Acotada,0.0,5,true
consultas-2-listas-posteo.json,consultas-2-listas-posteo.json,221.0,Secuencial B0,5.9604644775390625e-6,9040,true
consultas-2-listas-posteo.json,consultas-2-listas-posteo.json,221.0,No Acotada B1,0.0,20,true
consultas-2-listas-posteo.json,consultas-2-listas-posteo.json,221.0,No Acotada B2,0.0,20,true
consultas-2-listas-posteo.json,consultas-2-listas-posteo.json,221.0,SkipList,0.0,16,true
consultas-2-listas-posteo.json,consultas-2-listas-posteo.json,122.0,Binaria Acotada,0.0,8,true
consultas-2-listas-posteo.json,consultas-2-listas-posteo.json,122.0,Secuencial B0,3.814697265625e-6,5033,true
consultas-2-listas-posteo.json,consultas-2-listas-posteo.json,122.0,No Acotada B1,0.0,19,true
consultas-2-listas-posteo.json,consultas-2-listas-posteo.json,122.0,No Acotada B2,0.0,19,true
consultas-2-listas-posteo.json,consultas-2-listas-posteo.json,122.0,SkipList,0.0,21,true
consultas-2-listas-posteo.json,consultas-2-listas-posteo.json,149.0,Binaria Acotada,0.0,7,true
consultas-2-listas-posteo.json,consultas-2-listas-posteo.json,149.0,Secuencial B0,4.0531158447265625e-6,6153,true
consultas-2-listas-posteo.json,consultas-2-listas-posteo.json,149.0,No Acotada B1,0.0,20,true
consultas-2-listas-posteo.json,consultas-2-listas-posteo.json,149.0,No Acotada B2,0.0,20,true
consultas-2-listas-posteo.json,consultas-2-listas-posteo.json,149.0,SkipList,0.0,12,true
consultas-2-listas-posteo.json,consultas-2-listas-posteo.json,32.0,Binaria Acotada,0.0,8,true
consultas-2-listas-posteo.json,consultas-2-listas-posteo.json,32.0,Secuencial B0,9.5367431640625e-7,1340,true
consultas-2-listas-posteo.json,consultas-2-listas-posteo.json,32.0,No Acotada B1,9.5367431640625e-7,15,true
consultas-2-listas-posteo.json,consultas-2-listas-posteo.json,32.0,No Acotada B2,0.0,15,true
consultas-2-listas-posteo.json,consultas-2-listas-posteo.json,32.0,SkipList,0.0,14,true
consultas-2-listas-posteo.json,consultas-2-listas-posteo.json,64.0,Binaria Acotada,0.0,6,true
consultas-2-listas-posteo.json,consultas-2-listas-posteo.json,64.0,Secuencial B0,1.9073486328125e-6,2634,true
consultas-2-listas-posteo.json,consultas-2-listas-posteo.json,64.0,No Acotada B1,0.0,18,true
consultas-2-listas-posteo.json,consultas-2-listas-posteo.json,64.0,No Acotada B2,0.0,18,true
consultas-2-listas-posteo.json,consultas-2-listas-posteo.json,64.0,SkipList,0.0,16,true
consultas-2-listas-posteo.json,consultas-2-listas-posteo.json,227.0,Binaria Acotada,0.0,7,true
consultas-2-listas-posteo.json,consultas-2-listas-posteo.json,227.0,Secuencial B0,6.198883056640625e-6,9270,true
consultas-2-listas-posteo.json,consultas-2-listas-posteo.json,227.0,No Acotada B1,9.5367431640625e-7,20,true
consultas-2-listas-posteo.json,consultas-2-listas-posteo.json,227.0,No Acotada B2,0.0,20,true
consultas-2-listas-posteo.json,consultas-2-listas-posteo.json,227.0,SkipList,9.5367431640625e-7,13,true
consultas-2-listas-posteo.json,consultas-2-listas-posteo.json,19.0,Binaria Acotada,0.0,6,true
consultas-2-listas-posteo.json,consultas-2-listas-posteo.json,19.0,Secuencial B0,9.5367431640625e-7,774,true
consultas-2-listas-posteo.json,consultas-2-listas-posteo.json,19.0,No Acotada B1,0.0,14,true
consultas-2-listas-posteo.json,consultas-2-listas-posteo.json,19.0,No Acotada B2,0.0,14,true
consultas-2-listas-posteo.json,consultas-2-listas-posteo.json,19.0,SkipList,0.0,16,true
consultas-2-listas-posteo.json,consultas-2-listas-posteo.json,144.0,Binaria Acotada,0.0,8,true
consultas-2-listas-posteo.json,consultas-2-listas-posteo.json,144.0,Secuencial B0,4.0531158447265625e-6,5939,true
consultas-2-listas-posteo.json,consultas-2-listas-posteo.json,144.0,No Acotada B1,0.0,19,true
consultas-2-listas-posteo.json,consultas-2-listas-posteo.json,144.0,No Acotada B2,0.0,19,true
consultas-2-listas-posteo.json,consultas-2-listas-posteo.json,144.0,SkipList,0.0,16,true
consultas-2-listas-posteo.json,consultas-2-listas-posteo.json,56.0,Binaria Acotada,0.0,6,true
consultas-2-listas-posteo.json,consultas-2-listas-posteo.json,56.0,Secuencial B0,1.9073486328125e-6,2329,true
consultas-2-listas-posteo.json,consultas-2-listas-posteo.json,56.0,No Acotada B1,0.0,17,true
consultas-2-listas-posteo.json,consultas-2-listas-posteo.json,56.0,No Acotada B2,9.5367431640625e-7,17,true
consultas-2-listas-posteo.json,consultas-2-listas-posteo.json,56.0,SkipList,0.0,14,true
consultas-2-listas-posteo.json,consultas-2-listas-posteo.json,138.0,Binaria Acotada,9.5367431640625e-7,7,true
consultas-2-listas-posteo.json,consultas-2-listas-posteo.json,138.0,Secuencial B0,4.0531158447265625e-6,5696,true
consultas-2-listas-posteo.json,consultas-2-listas-posteo.json,138.0,No Acotada B1,0.0,21,true
consultas-2-listas-posteo.json,consultas-2-listas-posteo.json,138.0,No Acotada B2,0.0,21,true
consultas-2-listas-posteo.json,consultas-2-listas-posteo.json,138.0,SkipList,0.0,14,true
consultas-2-listas-posteo.json,consultas-2-listas-posteo.json,76.0,Binaria Acotada,1.1920928955078125e-6,8,true
consultas-2-listas-posteo.json,consultas-2-listas-posteo.json,76.0,Secuencial B0,1.9073486328125e-6,3127,true
consultas-2-listas-posteo.json,consultas-2-listas-posteo.json,76.0,No Acotada B1,0.0,17,true
consultas-2-listas-posteo.json,consultas-2-listas-posteo.json,76.0,No Acotada B2,0.0,17,true
consultas-2-listas-posteo.json,consultas-2-listas-posteo.json,76.0,SkipList,0.0,16,true
consultas-2-listas-posteo.json,consultas-2-listas-posteo.json,212.0,Binaria Acotada,0.0,8,true
consultas-2-listas-posteo.json,consultas-2-listas-posteo.json,212.0,Secuencial B0,6.198883056640625e-6,8672,true
consultas-2-listas-posteo.json,consultas-2-listas-posteo.json,212.0,No Acotada B1,0.0,19,true
consultas-2-listas-posteo.json,consultas-2-listas-posteo.json,212.0,No Acotada B2,9.5367431640625e-7,19,true
consultas-2-listas-posteo.json,consultas-2-listas-posteo.json,212.0,SkipList,0.0,13,true
consultas-2-listas-posteo.json,consultas-2-listas-posteo.json,79.0,Binaria Acotada,9.5367431640625e-7,6,true
consultas-2-listas-posteo.json,consultas-2-listas-posteo.json,79.0,Secuencial B0,1.9073486328125e-6,3263,true
consultas-2-listas-posteo.json,consultas-2-listas-posteo.json,79.0,No Acotada B1,0.0,17,true
consultas-2-listas-posteo.json,consultas-2-listas-posteo.json,79.0,No Acotada B2,0.0,17,true
consultas-2-listas-posteo.json,consultas-2-listas-posteo.json,79.0,SkipList,1.1920928955078125e-6,19,true
consultas-2-listas-posteo.json,consultas-2-listas-posteo.json,226.0,Binaria Acotada,0.0,8,true
consultas-2-listas-posteo.json,consultas-2-listas-posteo.json,226.0,Secuencial B0,5.9604644775390625e-6,9241,true
consultas-2-listas-posteo.json,consultas-2-listas-posteo.json,226.0,No Acotada B1,0.0,19,true
consultas-2-listas-posteo.json,consultas-2-listas-posteo.json,226.0,No Acotada B2,0.0,19,true
consultas-2-listas-posteo.json,consultas-2-listas-posteo.json,226.0,SkipList,9.5367431640625e-7,20,true
consultas-2-listas-posteo.json,consultas-2-listas-posteo.json,56.0,Binaria Acotada,0.0,6,true
consultas-2-listas-posteo.json,consultas-2-listas-posteo.json,56.0,Secuencial B0,2.1457672119140625e-6,2329,true
consultas-2-listas-posteo.json,consultas-2-listas-posteo.json,56.0,No Acotada B1,9.5367431640625e-7,17,true
consultas-2-listas-posteo.json,consultas-2-listas-posteo.json,56.0,No Acotada B2,0.0,17,true
consultas-2-listas-posteo.json,consultas-2-listas-posteo.json,56.0,SkipList,0.0,14,true
consultas-2-listas-posteo.json,consultas-2-listas-posteo.json,47.0,Binaria Acotada,0.0,8,true
consultas-2-listas-posteo.json,consultas-2-listas-posteo.json,47.0,Secuencial B0,1.9073486328125e-6,1961,true
consultas-2-listas-posteo.json,consultas-2-listas-posteo.json,47.0,No Acotada B1,0.0,15,true
consultas-2-listas-posteo.json,consultas-2-listas-posteo.json,47.0,No Acotada B2,0.0,15,true
consultas-2-listas-posteo.json,consultas-2-listas-posteo.json,47.0,SkipList,0.0,14,true
consultas-2-listas-posteo.json,consultas-2-listas-posteo.json,32.0,Binaria Acotada,0.0,8,true
consultas-2-listas-posteo.json,consultas-2-listas-posteo.json,32.0,Secuencial B0,9.5367431640625e-7,1340,true
consultas-2-listas-posteo.json,consultas-2-listas-posteo.json,32.0,No Acotada B1,0.0,15,true
consultas-2-listas-posteo.json,consultas-2-listas-posteo.json,32.0,No Acotada B2,0.0,15,true
consultas-2-listas-posteo.json,consultas-2-listas-posteo.json,32.0,SkipList,0.0,14,true
consultas-2-listas-posteo.json,consultas-2-listas-posteo.json,199.0,Binaria Acotada,0.0,8,true
consultas-2-listas-posteo.json,consultas-2-listas-posteo.json,199.0,Secuencial B0,5.0067901611328125e-6,8148,true
consultas-2-listas-posteo.json,consultas-2-listas-posteo.json,199.0,No Acotada B1,1.1920928955078125e-6,20,true
consultas-2-listas-posteo.json,consultas-2-listas-posteo.json,199.0,No Acotada B2,0.0,20,true
consultas-2-listas-posteo.json,consultas-2-listas-posteo.json,199.0,SkipList,9.5367431640625e-7,20,true
consultas-2-listas-posteo.json,consultas-2-listas-posteo.json,130.0,Binaria Acotada,0.0,7,true
consultas-2-listas-posteo.json,consultas-2-listas-posteo.json,130.0,Secuencial B0,4.0531158447265625e-6,5366,true
consultas-2-listas-posteo.json,consultas-2-listas-posteo.json,130.0,No Acotada B1,0.0,17,true
consultas-2-listas-posteo.json,consultas-2-listas-posteo.json,130.0,No Acotada B2,0.0,17,true
consultas-2-listas-posteo.json,consultas-2-listas-posteo.json,130.0,SkipList,0.0,11,true
consultas-2-listas-posteo.json,consultas-2-listas-posteo.json,95.0,Binaria Acotada,0.0,6,true
consultas-2-listas-posteo.json,consultas-2-listas-posteo.json,95.0,Secuencial B0,2.86102294921875e-6,3902,true
consultas-2-listas-posteo.json,consultas-2-listas-posteo.json,95.0,No Acotada B1,0.0,17,true
consultas-2-listas-posteo.json,consultas-2-listas-posteo.json,95.0,No Acotada B2,1.1920928955078125e-6,17,true
consultas-2-listas-posteo.json,consultas-2-listas-posteo.json,95.0,SkipList,0.0,18,true
consultas-2-listas-posteo.json,consultas-2-listas-posteo.json,26.0,Binaria Acotada,9.5367431640625e-7,6,true
consultas-2-listas-posteo.json,consultas-2-listas-posteo.json,26.0,Secuencial B0,9.5367431640625e-7,1070,true
consultas-2-listas-posteo.json,consultas-2-listas-posteo.json,26.0,No Acotada B1,0.0,15,true
consultas-2-listas-posteo.json,consultas-2-listas-posteo.json,26.0,No Acotada B2,0.0,15,true
consultas-2-listas-posteo.json,consultas-2-listas-posteo.json,26.0,SkipList,0.0,19,true
consultas-2-listas-posteo.json,consultas-2-listas-posteo.json,182.0,Binaria Acotada,9.5367431640625e-7,8,true
consultas-2-listas-posteo.json,consultas-2-listas-posteo.json,182.0,Secuencial B0,5.0067901611328125e-6,7444,true
consultas-2-listas-posteo.json,consultas-2-listas-posteo.json,182.0,No Acotada B1,0.0,20,true
consultas-2-listas-posteo.json,consultas-2-listas-posteo.json,182.0,No Acotada B2,0.0,20,true
consultas-2-listas-posteo.json,consultas-2-listas-posteo.json,182.0,SkipList,0.0,18,true
consultas-2-listas-posteo.json,consultas-2-listas-posteo.json,151.0,Binaria Acotada,0.0,3,true
consultas-2-listas-posteo.json,consultas-2-listas-posteo.json,151.0,Secuencial B0,4.0531158447265625e-6,6247,true
consultas-2-listas-posteo.json,consultas-2-listas-posteo.json,151.0,No Acotada B1,9.5367431640625e-7,18,true
consultas-2-listas-posteo.json,consultas-2-listas-posteo.json,151.0,No Acotada B2,0.0,18,true
consultas-2-listas-posteo.json,consultas-2-listas-posteo.json,151.0,SkipList,9.5367431640625e-7,14,true
consultas-2-listas-posteo.json,consultas-2-listas-posteo.json,5.0,Binaria Acotada,0.0,8,true
consultas-2-listas-posteo.json,consultas-2-listas-posteo.json,5.0,Secuencial B0,9.5367431640625e-7,170,true
consultas-2-listas-posteo.json,consultas-2-listas-posteo.json,5.0,No Acotada B1,0.0,9,true
consultas-2-listas-posteo.json,consultas-2-listas-posteo.json,5.0,No Acotada B2,0.0,9,true
consultas-2-listas-posteo.json,consultas-2-listas-posteo.json,5.0,SkipList,0.0,11,true
consultas-2-listas-posteo.json,consultas-2-listas-posteo.json,69.0,Binaria Acotada,0.0,7,true
consultas-2-listas-posteo.json,consultas-2-listas-posteo.json,69.0,Secuencial B0,1.9073486328125e-6,2862,true
consultas-2-listas-posteo.json,consultas-2-listas-posteo.json,69.0,No Acotada B1,0.0,17,true
consultas-2-listas-posteo.json,consultas-2-listas-posteo.json,69.0,No Acotada B2,9.5367431640625e-7,17,true
consultas-2-listas-posteo.json,consultas-2-listas-posteo.json,69.0,SkipList,0.0,15,true
consultas-2-listas-posteo.json,consultas-2-listas-posteo.json,28.0,Binaria Acotada,0.0,7,true
consultas-2-listas-posteo.json,consultas-2-listas-posteo.json,28.0,Secuencial B0,1.1920928955078125e-6,1154,true
consultas-2-listas-posteo.json,consultas-2-listas-posteo.json,28.0,No Acotada B1,0.0,16,true
consultas-2-listas-posteo.json,consultas-2-listas-posteo.json,28.0,No Acotada B2,9.5367431640625e-7,16,true
consultas-2-listas-posteo.json,consultas-2-listas-posteo.json,28.0,SkipList,0.0,11,true
consultas-2-listas-posteo.json,consultas-2-listas-posteo.json,215.0,Binaria Acotada,9.5367431640625e-7,7,true
consultas-2-listas-posteo.json,consultas-2-listas-posteo.json,215.0,Secuencial B0,5.9604644775390625e-6,8795,true
consultas-2-listas-posteo.json,consultas-2-listas-posteo.json,215.0,No Acotada B1,0.0,19,true
consultas-2-listas-posteo.json,consultas-2-listas-posteo.json,215.0,No Acotada B2,0.0,19,true
consultas-2-listas-posteo.json,consultas-2-listas-posteo.json,215.0,SkipList,0.0,14,true
consultas-2-listas-posteo.json,consultas-2-listas-posteo.json,103.0,Binaria Acotada,0.0,8,true
consultas-2-listas-posteo.json,consultas-2-listas-posteo.json,103.0,Secuencial B0,3.0994415283203125e-6,4236,true
consultas-2-listas-posteo.json,consultas-2-listas-posteo.json,103.0,No Acotada B1,0.0,20,true
consultas-2-listas-posteo.json,consultas-2-listas-posteo.json,103.0,No Acotada B2,0.0,20,true
consultas-2-listas-posteo.json,consultas-2-listas-posteo.json,103.0,SkipList,0.0,19,true
consultas-2-listas-posteo.json,consultas-2-listas-posteo.json,236.0,Binaria Acotada,9.5367431640625e-7,8,true
consultas-2-listas-posteo.json,consultas-2-listas-posteo.json,236.0,Secuencial B0,6.198883056640625e-6,9615,true
consultas-2-listas-posteo.json,consultas-2-listas-posteo.json,236.0,No Acotada B1,9.5367431640625e-7,18,true
consultas-2-listas-posteo.json,consultas-2-listas-posteo.json,236.0,No Acotada B2,0.0,18,true
consultas-2-listas-posteo.json,consultas-2-listas-posteo.json,236.0,SkipList,9.5367431640625e-7,19,true
consultas-2-listas-posteo.json,consultas-2-listas-posteo.json,125.0,Binaria Acotada,0.0,8,true
consultas-2-listas-posteo.json,consultas-2-listas-posteo.json,125.0,Secuencial B0,4.0531158447265625e-6,5167,true
consultas-2-listas-posteo.json,consultas-2-listas-posteo.json,125.0,No Acotada B1,0.0,19,true
consultas-2-listas-posteo.json,consultas-2-listas-posteo.json,125.0,No Acotada B2,9.5367431640625e-7,19,true
consultas-2-listas-posteo.json,consultas-2-listas-posteo.json,125.0,SkipList,0.0,16,true
consultas-2-listas-posteo.json,consultas-2-listas-posteo.json,93.0,Binaria Acotada,9.5367431640625e-7,7,true
consultas-2-listas-posteo.json,consultas-2-listas-posteo.json,93.0,Secuencial B0,2.1457672119140625e-6,3824,true
consultas-2-listas-posteo.json,consultas-2-listas-posteo.json,93.0,No Acotada B1,0.0,15,true
consultas-2-listas-posteo.json,consultas-2-listas-posteo.json,93.0,No Acotada B2,0.0,15,true
consultas-2-listas-posteo.json,consultas-2-listas-posteo.json,93.0,SkipList,0.0,26,true
consultas-2-listas-posteo.json,consultas-2-listas-posteo.json,66.0,Binaria Acotada,9.5367431640625e-7,7,true
consultas-2-listas-posteo.json,consultas-2-listas-posteo.json,66.0,Secuencial B0,2.1457672119140625e-6,2730,true
consultas-2-listas-posteo.json,consultas-2-listas-posteo.json,66.0,No Acotada B1,0.0,17,true
consultas-2-listas-posteo.json,consultas-2-listas-posteo.json,66.0,No Acotada B2,0.0,17,true
consultas-2-listas-posteo.json,consultas-2-listas-posteo.json,66.0,SkipList,0.0,18,true
consultas-2-listas-posteo.json,consultas-2-listas-posteo.json,41.0,Binaria Acotada,0.0,6,true
consultas-2-listas-posteo.json,consultas-2-listas-posteo.json,41.0,Secuencial B0,9.5367431640625e-7,1683,true
consultas-2-listas-posteo.json,consultas-2-listas-posteo.json,41.0,No Acotada B1,0.0,16,true
consultas-2-listas-posteo.json,consultas-2-listas-posteo.json,41.0,No Acotada B2,0.0,16,true
consultas-2-listas-posteo.json,consultas-2-listas-posteo.json,41.0,SkipList,1.1920928955078125e-6,12,true
consultas-2-listas-posteo.json,consultas-2-listas-posteo.json,52.0,Binaria Acotada,0.0,5,true
consultas-2-listas-posteo.json,consultas-2-listas-posteo.json,52.0,Secuencial B0,1.9073486328125e-6,2175,true
consultas-2-listas-posteo.json,consultas-2-listas-posteo.json,52.0,No Acotada B1,0.0,16,true
consultas-2-listas-posteo.json,consultas-2-listas-posteo.json,52.0,No Acotada B2,0.0,16,true
consultas-2-listas-posteo.json,consultas-2-listas-posteo.json,52.0,SkipList,0.0,16,true
consultas-2-listas-posteo.json,consultas-2-listas-posteo.json,192.0,Binaria Acotada,0.0,7,true
consultas-2-listas-posteo.json,consultas-2-listas-posteo.json,192.0,Secuencial B0,5.0067901611328125e-6,7866,true
consultas-2-listas-posteo.json,consultas-2-listas-posteo.json,192.0,No Acotada B1,0.0,19,true
consultas-2-listas-posteo.json,consultas-2-listas-posteo.json,192.0,No Acotada B2,0.0,19,true
consultas-2-listas-posteo.json,consultas-2-listas-posteo.json,192.0,SkipList,1.1920928955078125e-6,16,true
consultas-2-listas-posteo.json,consultas-2-listas-posteo.json,186.0,Binaria Acotada,0.0,6,true
consultas-2-listas-posteo.json,consultas-2-listas-posteo.json,186.0,Secuencial B0,5.0067901611328125e-6,7620,true
consultas-2-listas-posteo.json,consultas-2-listas-posteo.json,186.0,No Acotada B1,0.0,20,true
consultas-2-listas-posteo.json,consultas-2-listas-posteo.json,186.0,No Acotada B2,0.0,20,true
consultas-2-listas-posteo.json,consultas-2-listas-posteo.json,186.0,SkipList,0.0,17,true
consultas-2-listas-posteo.json,consultas-2-listas-posteo.json,98.0,Binaria Acotada,0.0,5,true
consultas-2-listas-posteo.json,consultas-2-listas-posteo.json,98.0,Secuencial B0,2.1457672119140625e-6,4025,true
consultas-2-listas-posteo.json,consultas-2-listas-posteo.json,98.0,No Acotada B1,0.0,17,true
consultas-2-listas-posteo.json,consultas-2-listas-posteo.json,98.0,No Acotada B2,0.0,17,true
consultas-2-listas-posteo.json,consultas-2-listas-posteo.json,98.0,SkipList,9.5367431640625e-7,18,true
consultas-2-listas-posteo.json,consultas-2-listas-posteo.json,65.0,Binaria Acotada,0.0,8,true
consultas-2-listas-posteo.json,consultas-2-listas-posteo.json,65.0,Secuencial B0,1.9073486328125e-6,2677,true
consultas-2-listas-posteo.json,consultas-2-listas-posteo.json,65.0,No Acotada B1,0.0,16,true
consultas-2-listas-posteo.json,consultas-2-listas-posteo.json,65.0,No Acotada B2,0.0,16,true
consultas-2-listas-posteo.json,consultas-2-listas-posteo.json,65.0,SkipList,9.5367431640625e-7,17,true
consultas-2-listas-posteo.json,consultas-2-listas-posteo.json,129.0,Binaria Acotada,0.0,8,true
consultas-2-listas-posteo.json,consultas-2-listas-posteo.json,129.0,Secuencial B0,4.0531158447265625e-6,5330,true
consultas-2-listas-posteo.json,consultas-2-listas-posteo.json,129.0,No Acotada B1,0.0,20,true
consultas-2-listas-posteo.json,consultas-2-listas-posteo.json,129.0,No Acotada B2,0.0,20,true
consultas-2-listas-posteo.json,consultas-2-listas-posteo.json,129.0,SkipList,0.0,14,true
consultas-2-listas-posteo.json,consultas-2-listas-posteo.json,79.0,Binaria Acotada,0.0,6,true
consultas-2-listas-posteo.json,consultas-2-listas-posteo.json,79.0,Secuencial B0,1.9073486328125e-6,3263,true
consultas-2-listas-posteo.json,consultas-2-listas-posteo.json,79.0,No Acotada B1,0.0,17,true
consultas-2-listas-posteo.json,consultas-2-listas-posteo.json,79.0,No Acotada B2,0.0,17,true
consultas-2-listas-posteo.json,consultas-2-listas-posteo.json,79.0,SkipList,9.5367431640625e-7,19,true
consultas-2-listas-posteo.json,consultas-2-listas-posteo.json,88.0,Binaria Acotada,0.0,8,true
consultas-2-listas-posteo.json,consultas-2-listas-posteo.json,88.0,Secuencial B0,2.86102294921875e-6,3630,true
consultas-2-listas-posteo.json,consultas-2-listas-posteo.json,88.0,No Acotada B1,0.0,17,true
consultas-2-listas-posteo.json,consultas-2-listas-posteo.json,88.0,No Acotada B2,0.0,17,true
consultas-2-listas-posteo.json,consultas-2-listas-posteo.json,88.0,SkipList,0.0,21,true
consultas-2-listas-posteo.json,consultas-2-listas-posteo.json,163.0,Binaria Acotada,0.0,8,true
consultas-2-listas-posteo.json,consultas-2-listas-posteo.json,163.0,Secuencial B0,5.0067901611328125e-6,6727,true
consultas-2-listas-posteo.json,consultas-2-listas-posteo.json,163.0,No Acotada B1,0.0,20,true
consultas-2-listas-posteo.json,consultas-2-listas-posteo.json,163.0,No Acotada B2,0.0,20,true
consultas-2-listas-posteo.json,consultas-2-listas-posteo.json,163.0,SkipList,0.0,16,true
consultas-2-listas-posteo.json,consultas-2-listas-posteo.json,124.0,Binaria Acotada,0.0,6,true
consultas-2-listas-posteo.json,consultas-2-listas-posteo.json,124.0,Secuencial B0,3.0994415283203125e-6,5124,true
consultas-2-listas-posteo.json,consultas-2-listas-posteo.json,124.0,No Acotada B1,9.5367431640625e-7,20,true
consultas-2-listas-posteo.json,consultas-2-listas-posteo.json,124.0,No Acotada B2,0.0,20,true
consultas-2-listas-posteo.json,consultas-2-listas-posteo.json,124.0,SkipList,9.5367431640625e-7,15,true
consultas-2-listas-posteo.json,consultas-2-listas-posteo.json,216.0,Binaria Acotada,0.0,8,true
consultas-2-listas-posteo.json,consultas-2-listas-posteo.json,216.0,Secuencial B0,5.9604644775390625e-6,8845,true
consultas-2-listas-posteo.json,consultas-2-listas-posteo.json,216.0,No Acotada B1,9.5367431640625e-7,17,true
consultas-2-listas-posteo.json,consultas-2-listas-posteo.json,216.0,No Acotada B2,0.0,17,true
consultas-2-listas-posteo.json,consultas-2-listas-posteo.json,216.0,SkipList,1.1920928955078125e-6,15,true
consultas-2-listas-posteo.json,consultas-2-listas-posteo.json,49.0,Binaria Acotada,0.0,8,true
consultas-2-listas-posteo.json,consultas-2-listas-posteo.json,49.0,Secuencial B0,1.9073486328125e-6,2042,true
consultas-2-listas-posteo.json,consultas-2-listas-posteo.json,49.0,No Acotada B1,0.0,19,true
consultas-2-listas-posteo.json,consultas-2-listas-posteo.json,49.0,No Acotada B2,9.5367431640625e-7,19,true
consultas-2-listas-posteo.json,consultas-2-listas-posteo.json,49.0,SkipList,0.0,16,true
consultas-2-listas-posteo.json,consultas-2-listas-posteo.json,114.0,Binaria Acotada,9.5367431640625e-7,8,true
consultas-2-listas-posteo.json,consultas-2-listas-posteo.json,114.0,Secuencial B0,3.0994415283203125e-6,4702,true
consultas-2-listas-posteo.json,consultas-2-listas-posteo.json,114.0,No Acotada B1,0.0,18,true
consultas-2-listas-posteo.json,consultas-2-listas-posteo.json,114.0,No Acotada B2,0.0,18,true
consultas-2-listas-posteo.json,consultas-2-listas-posteo.json,114.0,SkipList,9.5367431640625e-7,16,true
consultas-2-listas-posteo.json,consultas-2-listas-posteo.json,21.0,Binaria Acotada,0.0,7,true
consultas-2-listas-posteo.json,consultas-2-listas-posteo.json,21.0,Secuencial B0,9.5367431640625e-7,852,true
consultas-2-listas-posteo.json,consultas-2-listas-posteo.json,21.0,No Acotada B1,0.0,12,true
consultas-2-listas-posteo.json,consultas-2-listas-posteo.json,21.0,No Acotada B2,0.0,12,true
consultas-2-listas-posteo.json,consultas-2-listas-posteo.json,21.0,SkipList,0.0,18,true
consultas-2-listas-posteo.json,consultas-2-listas-posteo.json,235.0,Binaria Acotada,0.0,7,true
consultas-2-listas-posteo.json,consultas-2-listas-posteo.json,235.0,Secuencial B0,5.9604644775390625e-6,9572,true
consultas-2-listas-posteo.json,consultas-2-listas-posteo.json,235.0,No Acotada B1,0.0,19,true
consultas-2-listas-posteo.json,consultas-2-listas-posteo.json,235.0,No Acotada B2,9.5367431640625e-7,19,true
consultas-2-listas-posteo.json,consultas-2-listas-posteo.json,235.0,SkipList,1.1920928955078125e-6,18,true
consultas-2-listas-posteo.json,consultas-2-listas-posteo.json,209.0,Binaria Acotada,0.0,8,true
consultas-2-listas-posteo.json,consultas-2-listas-posteo.json,209.0,Secuencial B0,5.9604644775390625e-6,8535,true
consultas-2-listas-posteo.json,consultas-2-listas-posteo.json,209.0,No Acotada B1,0.0,20,true
consultas-2-listas-posteo.json,consultas-2-listas-posteo.json,209.0,No Acotada B2,0.0,20,true
consultas-2-listas-posteo.json,consultas-2-listas-posteo.json,209.0,SkipList,9.5367431640625e-7,18,true
consultas-2-listas-posteo.json,consultas-2-listas-posteo.json,40.0,Binaria Acotada,0.0,7,true
consultas-2-listas-posteo.json,consultas-2-listas-posteo.json,40.0,Secuencial B0,9.5367431640625e-7,1632,true
consultas-2-listas-posteo.json,consultas-2-listas-posteo.json,40.0,No Acotada B1,0.0,14,true
consultas-2-listas-posteo.json,consultas-2-listas-posteo.json,40.0,No Acotada B2,0.0,14,true
consultas-2-listas-posteo.json,consultas-2-listas-posteo.json,40.0,SkipList,0.0,12,true
consultas-2-listas-posteo.json,consultas-2-listas-posteo.json,185.0,Binaria Acotada,0.0,7,true
consultas-2-listas-posteo.json,consultas-2-listas-posteo.json,185.0,Secuencial B0,4.0531158447265625e-6,7569,true
consultas-2-listas-posteo.json,consultas-2-listas-posteo.json,185.0,No Acotada B1,0.0,19,true
consultas-2-listas-posteo.json,consultas-2-listas-posteo.json,185.0,No Acotada B2,0.0,19,true
consultas-2-listas-posteo.json,consultas-2-listas-posteo.json,185.0,SkipList,0.0,18,true
consultas-2-listas-posteo.json,consultas-2-listas-posteo.json,110.0,Binaria Acotada,0.0,8,true
consultas-2-listas-posteo.json,consultas-2-listas-posteo.json,110.0,Secuencial B0,3.0994415283203125e-6,4541,true
consultas-2-listas-posteo.json,consultas-2-listas-posteo.json,110.0,No Acotada B1,0.0,19,true
consultas-2-listas-posteo.json,consultas-2-listas-posteo.json,110.0,No Acotada B2,9.5367431640625e-7,19,true
consultas-2-listas-posteo.json,consultas-2-listas-posteo.json,110.0,SkipList,0.0,14,true
consultas-2-listas-posteo.json,consultas-2-listas-posteo.json,141.0,Binaria Acotada,0.0,7,true
consultas-2-listas-posteo.json,consultas-2-listas-posteo.json,141.0,Secuencial B0,4.0531158447265625e-6,5822,true
consultas-2-listas-posteo.json,consultas-2-listas-posteo.json,141.0,No Acotada B1,0.0,19,true
consultas-2-listas-posteo.json,consultas-2-listas-posteo.json,141.0,No Acotada B2,0.0,19,true
consultas-2-listas-posteo.json,consultas-2-listas-posteo.json,141.0,SkipList,0.0,14,true
consultas-2-listas-posteo.json,consultas-2-listas-posteo.json,208.0,Binaria Acotada,0.0,7,true
consultas-2-listas-posteo.json,consultas-2-listas-posteo.json,208.0,Secuencial B0,6.198883056640625e-6,8488,true
consultas-2-listas-posteo.json,consultas-2-listas-posteo.json,208.0,No Acotada B1,0.0,18,true
consultas-2-listas-posteo.json,consultas-2-listas-posteo.json,208.0,No Acotada B2,0.0,18,true
consultas-2-listas-posteo.json,consultas-2-listas-posteo.json,208.0,SkipList,0.0,17,true
consultas-2-listas-posteo.json,consultas-2-listas-posteo.json,21.0,Binaria Acotada,0.0,7,true
consultas-2-listas-posteo.json,consultas-2-listas-posteo.json,21.0,Secuencial B0,0.0,852,true
consultas-2-listas-posteo.json,consultas-2-listas-posteo.json,21.0,No Acotada B1,0.0,12,true
consultas-2-listas-posteo.json,consultas-2-listas-posteo.json,21.0,No Acotada B2,0.0,12,true
consultas-2-listas-posteo.json,consultas-2-listas-posteo.json,21.0,SkipList,0.0,18,true
consultas-2-listas-posteo.json,consultas-2-listas-posteo.json,80.0,Binaria Acotada,0.0,8,true
consultas-2-listas-posteo.json,consultas-2-listas-posteo.json,80.0,Secuencial B0,3.0994415283203125e-6,3303,true
consultas-2-listas-posteo.json,consultas-2-listas-posteo.json,80.0,No Acotada B1,0.0,15,true
consultas-2-listas-posteo.json,consultas-2-listas-posteo.json,80.0,No Acotada B2,9.5367431640625e-7,15,true
consultas-2-listas-posteo.json,consultas-2-listas-posteo.json,80.0,SkipList,0.0,18,true
consultas-2-listas-posteo.json,consultas-2-listas-posteo.json,65.0,Binaria Acotada,0.0,8,true
consultas-2-listas-posteo.json,consultas-2-listas-posteo.json,65.0,Secuencial B0,2.1457672119140625e-6,2677,true
consultas-2-listas-posteo.json,consultas-2-listas-posteo.json,65.0,No Acotada B1,0.0,16,true
consultas-2-listas-posteo.json,consultas-2-listas-posteo.json,65.0,No Acotada B2,0.0,16,true
consultas-2-listas-posteo.json,consultas-2-listas-posteo.json,65.0,SkipList,0.0,17,true
consultas-2-listas-posteo.json,consultas-2-listas-posteo.json,89.0,Binaria Acotada,0.0,7,true
consultas-2-listas-posteo.json,consultas-2-listas-posteo.json,89.0,Secuencial B0,1.9073486328125e-6,3666,true
consultas-2-listas-posteo.json,consultas-2-listas-posteo.json,89.0,No Acotada B1,0.0,18,true
consultas-2-listas-posteo.json,consultas-2-listas-posteo.json,89.0,No Acotada B2,0.0,18,true
consultas-2-listas-posteo.json,consultas-2-listas-posteo.json,89.0,SkipList,0.0,22,true
consultas-2-listas-posteo.json,consultas-2-listas-posteo.json,79.0,Binaria Acotada,0.0,6,true
consultas-2-listas-posteo.json,consultas-2-listas-posteo.json,79.0,Secuencial B0,1.9073486328125e-6,3263,true
consultas-2-listas-posteo.json,consultas-2-listas-posteo.json,79.0,No Acotada B1,0.0,17,true
consultas-2-listas-posteo.json,consultas-2-listas-posteo.json,79.0,No Acotada B2,0.0,17,true
consultas-2-listas-posteo.json,consultas-2-listas-posteo.json,79.0,SkipList,0.0,19,true
consultas-2-listas-posteo.json,consultas-4-listas-posteo.json,39835.0,Binaria Acotada,0.0,14,false
consultas-2-listas-posteo.json,consultas-4-listas-posteo.json,39835.0,Secuencial B0,6.9141387939453125e-6,10000,false
consultas-2-listas-posteo.json,consultas-4-listas-posteo.json,39835.0,No Acotada B1,0.0,25,false
consultas-2-listas-posteo.json,consultas-4-listas-posteo.json,39835.0,No Acotada B2,0.0,25,false
consultas-2-listas-posteo.json,consultas-4-listas-posteo.json,39835.0,SkipList,3.0994415283203125e-6,16,false
consultas-2-listas-posteo.json,consultas-4-listas-posteo.json,37103.0,Binaria Acotada,0.0,14,false
consultas-2-listas-posteo.json,consultas-4-listas-posteo.json,37103.0,Secuencial B0,5.9604644775390625e-6,10000,false
consultas-2-listas-posteo.json,consultas-4-listas-posteo.json,37103.0,No Acotada B1,0.0,25,false
consultas-2-listas-posteo.json,consultas-4-listas-posteo.json,37103.0,No Acotada B2,0.0,25,false
consultas-2-listas-posteo.json,consultas-4-listas-posteo.json,37103.0,SkipList,0.0,16,false
consultas-2-listas-posteo.json,consultas-4-listas-posteo.json,20584.0,Binaria Acotada,0.0,14,false
consultas-2-listas-posteo.json,consultas-4-listas-posteo.json,20584.0,Secuencial B0,5.0067901611328125e-6,10000,false
consultas-2-listas-posteo.json,consultas-4-listas-posteo.json,20584.0,No Acotada B1,0.0,25,false
consultas-2-listas-posteo.json,consultas-4-listas-posteo.json,20584.0,No Acotada B2,9.5367431640625e-7,25,false
consultas-2-listas-posteo.json,consultas-4-listas-posteo.json,20584.0,SkipList,0.0,16,false
consultas-2-listas-posteo.json,consultas-4-listas-posteo.json,11036.0,Binaria Acotada,9.5367431640625e-7,14,false
consultas-2-listas-posteo.json,consultas-4-listas-posteo.json,11036.0,Secuencial B0,5.9604644775390625e-6,10000,false
consultas-2-listas-posteo.json,consultas-4-listas-posteo.json,11036.0,No Acotada B1,0.0,25,false
consultas-2-listas-posteo.json,consultas-4-listas-posteo.json,11036.0,No Acotada B2,0.0,25,false
consultas-2-listas-posteo.json,consultas-4-listas-posteo.json,11036.0,SkipList,0.0,16,false
consultas-2-listas-posteo.json,consultas-4-listas-posteo.json,3086.0,Binaria Acotada,0.0,14,false
consultas-2-listas-posteo.json,consultas-4-listas-posteo.json,3086.0,Secuencial B0,5.9604644775390625e-6,10000,false
consultas-2-listas-posteo.json,consultas-4-listas-posteo.json,3086.0,No Acotada B1,9.5367431640625e-7,25,false
consultas-2-listas-posteo.json,consultas-4-listas-posteo.json,3086.0,No Acotada B2,0.0,25,false
consultas-2-listas-posteo.json,consultas-4-listas-posteo.json,3086.0,SkipList,0.0,16,false
consultas-2-listas-posteo.json,consultas-4-listas-posteo.json,26699.0,Binaria Acotada,0.0,14,false
consultas-2-listas-posteo.json,consultas-4-listas-posteo.json,26699.0,Secuencial B0,7.152557373046875e-6,10000,false
consultas-2-listas-posteo.json,consultas-4-listas-posteo.json,26699.0,No Acotada B1,0.0,25,false
consultas-2-listas-posteo.json,consultas-4-listas-posteo.json,26699.0,No Acotada B2,9.5367431640625e-7,25,false
consultas-2-listas-posteo.json,consultas-4-listas-posteo.json,26699.0,SkipList,0.0,16,false
consultas-2-listas-posteo.json,consultas-4-listas-posteo.json,9561.0,Binaria Acotada,0.0,14,false
consultas-2-listas-posteo.json,consultas-4-listas-posteo.json,9561.0,Secuencial B0,5.9604644775390625e-6,10000,false
consultas-2-listas-posteo.json,consultas-4-listas-posteo.json,9561.0,No Acotada B1,0.0,25,false
consultas-2-listas-posteo.json,consultas-4-listas-posteo.json,9561.0,No Acotada B2,0.0,25,false
consultas-2-listas-posteo.json,consultas-4-listas-posteo.json,9561.0,SkipList,9.5367431640625e-7,16,false
consultas-2-listas-posteo.json,consultas-4-listas-posteo.json,36445.0,Binaria Acotada,0.0,14,false
consultas-2-listas-posteo.json,consultas-4-listas-posteo.json,36445.0,Secuencial B0,7.867813110351562e-6,10000,false
consultas-2-listas-posteo.json,consultas-4-listas-posteo.json,36445.0,No Acotada B1,0.0,25,false
consultas-2-listas-posteo.json,consultas-4-listas-posteo.json,36445.0,No Acotada B2,0.0,25,false
consultas-2-listas-posteo.json,consultas-4-listas-posteo.json,36445.0,SkipList,1.1920928955078125e-6,16,false
consultas-2-listas-posteo.json,consultas-4-listas-posteo.json,2853.0,Binaria Acotada,0.0,14,false
consultas-2-listas-posteo.json,consultas-4-listas-posteo.json,2853.0,Secuencial B0,6.9141387939453125e-6,10000,false
consultas-2-listas-posteo.json,consultas-4-listas-posteo.json,2853.0,No Acotada B1,0.0,25,false
consultas-2-listas-posteo.json,consultas-4-listas-posteo.json,2853.0,No Acotada B2,0.0,25,false
consultas-2-listas-posteo.json,consultas-4-listas-posteo.json,2853.0,SkipList,0.0,16,false
consultas-2-listas-posteo.json,consultas-4-listas-posteo.json,27873.0,Binaria Acotada,0.0,14,false
consultas-2-listas-posteo.json,consultas-4-listas-posteo.json,27873.0,Secuencial B0,6.198883056640625e-6,10000,false
consultas-2-listas-posteo.json,consultas-4-listas-posteo.json,27873.0,No Acotada B1,0.0,25,false
consultas-2-listas-posteo.json,consultas-4-listas-posteo.json,27873.0,No Acotada B2,0.0,25,false
consultas-2-listas-posteo.json,consultas-4-listas-posteo.json,27873.0,SkipList,0.0,16,false
consultas-2-listas-posteo.json,consultas-4-listas-posteo.json,2216.0,Binaria Acotada,0.0,14,false
consultas-2-listas-posteo.json,consultas-4-listas-posteo.json,2216.0,Secuencial B0,5.9604644775390625e-6,10000,false
consultas-2-listas-posteo.json,consultas-4-listas-posteo.json,2216.0,No Acotada B1,0.0,25,false
consultas-2-listas-posteo.json,consultas-4-listas-posteo.json,2216.0,No Acotada B2,0.0,25,false
consultas-2-listas-posteo.json,consultas-4-listas-posteo.json,2216.0,SkipList,0.0,16,false
consultas-2-listas-posteo.json,consultas-4-listas-posteo.json,1500.0,Binaria Acotada,0.0,14,false
consultas-2-listas-posteo.json,consultas-4-listas-posteo.json,1500.0,Secuencial B0,6.9141387939453125e-6,10000,false
consultas-2-listas-posteo.json,consultas-4-listas-posteo.json,1500.0,No Acotada B1,0.0,25,false
consultas-2-listas-posteo.json,consultas-4-listas-posteo.json,1500.0,No Acotada B2,9.5367431640625e-7,25,false
consultas-2-listas-posteo.json,consultas-4-listas-posteo.json,1500.0,SkipList,0.0,16,false
consultas-2-listas-posteo.json,consultas-4-listas-posteo.json,48987.0,Binaria Acotada,0.0,14,false
consultas-2-listas-posteo.json,consultas-4-listas-posteo.json,48987.0,Secuencial B0,5.0067901611328125e-6,10000,false
consultas-2-listas-posteo.json,consultas-4-listas-posteo.json,48987.0,No Acotada B1,0.0,25,false
consultas-2-listas-posteo.json,consultas-4-listas-posteo.json,48987.0,No Acotada B2,0.0,25,false
consultas-2-listas-posteo.json,consultas-4-listas-posteo.json,48987.0,SkipList,0.0,16,false
consultas-2-listas-posteo.json,consultas-4-listas-posteo.json,34304.0,Binaria Acotada,0.0,14,false
consultas-2-listas-posteo.json,consultas-4-listas-posteo.json,34304.0,Secuencial B0,5.9604644775390625e-6,10000,false
consultas-2-listas-posteo.json,consultas-4-listas-posteo.json,34304.0,No Acotada B1,0.0,25,false
consultas-2-listas-posteo.json,consultas-4-listas-posteo.json,34304.0,No Acotada B2,0.0,25,false
consultas-2-listas-posteo.json,consultas-4-listas-posteo.json,34304.0,SkipList,0.0,16,false
consultas-2-listas-posteo.json,consultas-4-listas-posteo.json,29599.0,Binaria Acotada,0.0,14,false
consultas-2-listas-posteo.json,consultas-4-listas-posteo.json,29599.0,Secuencial B0,6.9141387939453125e-6,10000,false
consultas-2-listas-posteo.json,consultas-4-listas-posteo.json,29599.0,No Acotada B1,0.0,25,false
consultas-2-listas-posteo.json,consultas-4-listas-posteo.json,29599.0,No Acotada B2,0.0,25,false
consultas-2-listas-posteo.json,consultas-4-listas-posteo.json,29599.0,SkipList,0.0,16,false
consultas-2-listas-posteo.json,consultas-4-listas-posteo.json,10050.0,Binaria Acotada,0.0,14,false
consultas-2-listas-posteo.json,consultas-4-listas-posteo.json,10050.0,Secuencial B0,5.9604644775390625e-6,10000,false
consultas-2-listas-posteo.json,consultas-4-listas-posteo.json,10050.0,No Acotada B1,9.5367431640625e-7,25,false
consultas-2-listas-posteo.json,consultas-4-listas-posteo.json,10050.0,No Acotada B2,0.0,25,false
consultas-2-listas-posteo.json,consultas-4-listas-posteo.json,10050.0,SkipList,0.0,16,false
consultas-2-listas-posteo.json,consultas-4-listas-posteo.json,15608.0,Binaria Acotada,0.0,14,false
consultas-2-listas-posteo.json,consultas-4-listas-posteo.json,15608.0,Secuencial B0,7.152557373046875e-6,10000,false
consultas-2-listas-posteo.json,consultas-4-listas-posteo.json,15608.0,No Acotada B1,0.0,25,false
consultas-2-listas-posteo.json,consultas-4-listas-posteo.json,15608.0,No Acotada B2,0.0,25,false
consultas-2-listas-posteo.json,consultas-4-listas-posteo.json,15608.0,SkipList,0.0,16,false
consultas-2-listas-posteo.json,consultas-4-listas-posteo.json,44425.0,Binaria Acotada,0.0,14,false
consultas-2-listas-posteo.json,consultas-4-listas-posteo.json,44425.0,Secuencial B0,5.9604644775390625e-6,10000,false
consultas-2-listas-posteo.json,consultas-4-listas-posteo.json,44425.0,No Acotada B1,0.0,25,false
consultas-2-listas-posteo.json,consultas-4-listas-posteo.json,44425.0,No Acotada B2,0.0,25,false
consultas-2-listas-posteo.json,consultas-4-listas-posteo.json,44425.0,SkipList,0.0,16,false
consultas-2-listas-posteo.json,consultas-4-listas-posteo.json,4538.0,Binaria Acotada,0.0,14,false
consultas-2-listas-posteo.json,consultas-4-listas-posteo.json,4538.0,Secuencial B0,5.9604644775390625e-6,10000,false
consultas-2-listas-posteo.json,consultas-4-listas-posteo.json,4538.0,No Acotada B1,0.0,25,false
consultas-2-listas-posteo.json,consultas-4-listas-posteo.json,4538.0,No Acotada B2,0.0,25,false
consultas-2-listas-posteo.json,consultas-4-listas-posteo.json,4538.0,SkipList,9.5367431640625e-7,16,false
consultas-2-listas-posteo.json,consultas-4-listas-posteo.json,24041.0,Binaria Acotada,0.0,14,false
consultas-2-listas-posteo.json,consultas-4-listas-posteo.json,24041.0,Secuencial B0,6.9141387939453125e-6,10000,false
consultas-2-listas-posteo.json,consultas-4-listas-posteo.json,24041.0,No Acotada B1,0.0,25,false
consultas-2-listas-posteo.json,consultas-4-listas-posteo.json,24041.0,No Acotada B2,1.1920928955078125e-6,25,false
consultas-2-listas-posteo.json,consultas-4-listas-posteo.json,24041.0,SkipList,0.0,16,false
consultas-2-listas-posteo.json,consultas-4-listas-posteo.json,32504.0,Binaria Acotada,9.5367431640625e-7,14,false
consultas-2-listas-posteo.json,consultas-4-listas-posteo.json,32504.0,Secuencial B0,5.9604644775390625e-6,10000,false
consultas-2-listas-posteo.json,consultas-4-listas-posteo.json,32504.0,No Acotada B1,0.0,25,false
consultas-2-listas-posteo.json,consultas-4-listas-posteo.json,32504.0,No Acotada B2,0.0,25,false
consultas-2-listas-posteo.json,consultas-4-listas-posteo.json,32504.0,SkipList,9.5367431640625e-7,16,false
consultas-2-listas-posteo.json,consultas-4-listas-posteo.json,26900.0,Binaria Acotada,0.0,14,false
consultas-2-listas-posteo.json,consultas-4-listas-posteo.json,26900.0,Secuencial B0,7.152557373046875e-6,10000,false
consultas-2-listas-posteo.json,consultas-4-listas-posteo.json,26900.0,No Acotada B1,0.0,25,false
consultas-2-listas-posteo.json,consultas-4-listas-posteo.json,26900.0,No Acotada B2,0.0,25,false
consultas-2-listas-posteo.json,consultas-4-listas-posteo.json,26900.0,SkipList,0.0,16,false
consultas-2-listas-posteo.json,consultas-4-listas-posteo.json,22724.0,Binaria Acotada,9.5367431640625e-7,14,false
consultas-2-listas-posteo.json,consultas-4-listas-posteo.json,22724.0,Secuencial B0,5.9604644775390625e-6,10000,false
consultas-2-listas-posteo.json,consultas-4-listas-posteo.json,22724.0,No Acotada B1,0.0,25,false
consultas-2-listas-posteo.json,consultas-4-listas-posteo.json,22724.0,No Acotada B2,0.0,25,false
consultas-2-listas-posteo.json,consultas-4-listas-posteo.json,22724.0,SkipList,0.0,16,false
consultas-2-listas-posteo.json,consultas-4-listas-posteo.json,13918.0,Binaria Acotada,0.0,14,false
consultas-2-listas-posteo.json,consultas-4-listas-posteo.json,13918.0,Secuencial B0,6.9141387939453125e-6,10000,false
consultas-2-listas-posteo.json,consultas-4-listas-posteo.json,13918.0,No Acotada B1,0.0,25,false
consultas-2-listas-posteo.json,consultas-4-listas-posteo.json,13918.0,No Acotada B2,0.0,25,false
consultas-2-listas-posteo.json,consultas-4-listas-posteo.json,13918.0,SkipList,0.0,16,false
consultas-2-listas-posteo.json,consultas-4-listas-posteo.json,8778.0,Binaria Acotada,0.0,14,false
consultas-2-listas-posteo.json,consultas-4-listas-posteo.json,8778.0,Secuencial B0,6.198883056640625e-6,10000,false
consultas-2-listas-posteo.json,consultas-4-listas-posteo.json,8778.0,No Acotada B1,0.0,25,false
consultas-2-listas-posteo.json,consultas-4-listas-posteo.json,8778.0,No Acotada B2,0.0,25,false
consultas-2-listas-posteo.json,consultas-4-listas-posteo.json,8778.0,SkipList,0.0,16,false
consultas-2-listas-posteo.json,consultas-4-listas-posteo.json,9139.0,Binaria Acotada,0.0,14,false
consultas-2-listas-posteo.json,consultas-4-listas-posteo.json,9139.0,Secuencial B0,6.9141387939453125e-6,10000,false
consultas-2-listas-posteo.json,consultas-4-listas-posteo.json,9139.0,No Acotada B1,0.0,25,false
consultas-2-listas-posteo.json,consultas-4-listas-posteo.json,9139.0,No Acotada B2,1.1920928955078125e-6,25,false
consultas-2-listas-posteo.json,consultas-4-listas-posteo.json,9139.0,SkipList,0.0,16,false
consultas-2-listas-posteo.json,consultas-4-listas-posteo.json,39804.0,Binaria Acotada,9.5367431640625e-7,14,false
consultas-2-listas-posteo.json,consultas-4-listas-posteo.json,39804.0,Secuencial B0,5.9604644775390625e-6,10000,false
consultas-2-listas-posteo.json,consultas-4-listas-posteo.json,39804.0,No Acotada B1,0.0,25,false
consultas-2-listas-posteo.json,consultas-4-listas-posteo.json,39804.0,No Acotada B2,0.0,25,false
consultas-2-listas-posteo.json,consultas-4-listas-posteo.json,39804.0,SkipList,9.5367431640625e-7,16,false
consultas-2-listas-posteo.json,consultas-4-listas-posteo.json,6906.0,Binaria Acotada,0.0,14,false
consultas-2-listas-posteo.json,consultas-4-listas-posteo.json,6906.0,Secuencial B0,7.152557373046875e-6,10000,false
consultas-2-listas-posteo.json,consultas-4-listas-posteo.json,6906.0,No Acotada B1,0.0,25,false
consultas-2-listas-posteo.json,consultas-4-listas-posteo.json,6906.0,No Acotada B2,9.5367431640625e-7,25,false
consultas-2-listas-posteo.json,consultas-4-listas-posteo.json,6906.0,SkipList,0.0,16,false
consultas-2-listas-posteo.json,consultas-4-listas-posteo.json,3896.0,Binaria Acotada,9.5367431640625e-7,14,false
consultas-2-listas-posteo.json,consultas-4-listas-posteo.json,3896.0,Secuencial B0,5.9604644775390625e-6,10000,false
consultas-2-listas-posteo.json,consultas-4-listas-posteo.json,3896.0,No Acotada B1,0.0,25,false
consultas-2-listas-posteo.json,consultas-4-listas-posteo.json,3896.0,No Acotada B2,0.0,25,false
consultas-2-listas-posteo.json,consultas-4-listas-posteo.json,3896.0,SkipList,1.1920928955078125e-6,16,false
consultas-2-listas-posteo.json,consultas-4-listas-posteo.json,41062.0,Binaria Acotada,0.0,14,false
consultas-2-listas-posteo.json,consultas-4-listas-posteo.json,41062.0,Secuencial B0,6.9141387939453125e-6,10000,false
consultas-2-listas-posteo.json,consultas-4-listas-posteo.json,41062.0,No Acotada B1,0.0,25,false
consultas-2-listas-posteo.json,consultas-4-listas-posteo.json,41062.0,No Acotada B2,9.5367431640625e-7,25,false
consultas-2-listas-posteo.json,consultas-4-listas-posteo.json,41062.0,SkipList,0.0,16,false
consultas-2-listas-posteo.json,consultas-4-listas-posteo.json,34474.0,Binaria Acotada,9.5367431640625e-7,14,false
consultas-2-listas-posteo.json,consultas-4-listas-posteo.json,34474.0,Secuencial B0,6.198883056640625e-6,10000,false
consultas-2-listas-posteo.json,consultas-4-listas-posteo.json,34474.0,No Acotada B1,9.5367431640625e-7,25,false
consultas-2-listas-posteo.json,consultas-4-listas-posteo.json,34474.0,No Acotada B2,0.0,25,false
consultas-2-listas-posteo.json,consultas-4-listas-posteo.json,34474.0,SkipList,0.0,16,false
consultas-2-listas-posteo.json,consultas-4-listas-posteo.json,45077.0,Binaria Acotada,0.0,14,false
consultas-2-listas-posteo.json,consultas-4-listas-posteo.json,45077.0,Secuencial B0,6.9141387939453125e-6,10000,false
consultas-2-listas-posteo.json,consultas-4-listas-posteo.json,45077.0,No Acotada B1,0.0,25,false
consultas-2-listas-posteo.json,consultas-4-listas-posteo.json,45077.0,No Acotada B2,0.0,25,false
consultas-2-listas-posteo.json,consultas-4-listas-posteo.json,45077.0,SkipList,0.0,16,false
consultas-2-listas-posteo.json,consultas-4-listas-posteo.json,25526.0,Binaria Acotada,0.0,14,false
consultas-2-listas-posteo.json,consultas-4-listas-posteo.json,25526.0,Secuencial B0,7.152557373046875e-6,10000,false
consultas-2-listas-posteo.json,consultas-4-listas-posteo.json,25526.0,No Acotada B1,0.0,25,false
consultas-2-listas-posteo.json,consultas-4-listas-posteo.json,25526.0,No Acotada B2,0.0,25,false
consultas-2-listas-posteo.json,consultas-4-listas-posteo.json,25526.0,SkipList,0.0,16,false
consultas-2-listas-posteo.json,consultas-4-listas-posteo.json,12985.0,Binaria Acotada,0.0,14,false
consultas-2-listas-posteo.json,consultas-4-listas-posteo.json,12985.0,Secuencial B0,5.9604644775390625e-6,10000,false
consultas-2-listas-posteo.json,consultas-4-listas-posteo.json,12985.0,No Acotada B1,0.0,25,false
consultas-2-listas-posteo.json,consultas-4-listas-posteo.json,12985.0,No Acotada B2,0.0,25,false
consultas-2-listas-posteo.json,consultas-4-listas-posteo.json,12985.0,SkipList,1.1920928955078125e-6,16,false
consultas-2-listas-posteo.json,consultas-4-listas-posteo.json,26948.0,Binaria Acotada,0.0,14,false
consultas-2-listas-posteo.json,consultas-4-listas-posteo.json,26948.0,Secuencial B0,5.9604644775390625e-6,10000,false
consultas-2-listas-posteo.json,consultas-4-listas-posteo.json,26948.0,No Acotada B1,0.0,25,false
consultas-2-listas-posteo.json,consultas-4-listas-posteo.json,26948.0,No Acotada B2,0.0,25,false
consultas-2-listas-posteo.json,consultas-4-listas-posteo.json,26948.0,SkipList,0.0,16,false
consultas-2-listas-posteo.json,consultas-4-listas-posteo.json,48711.0,Binaria Acotada,0.0,14,false
consultas-2-listas-posteo.json,consultas-4-listas-posteo.json,48711.0,Secuencial B0,6.198883056640625e-6,10000,false
consultas-2-listas-posteo.json,consultas-4-listas-posteo.json,48711.0,No Acotada B1,0.0,25,false
consultas-2-listas-posteo.json,consultas-4-listas-posteo.json,48711.0,No Acotada B2,0.0,25,false
consultas-2-listas-posteo.json,consultas-4-listas-posteo.json,48711.0,SkipList,9.5367431640625e-7,16,false
consultas-2-listas-posteo.json,consultas-4-listas-posteo.json,19971.0,Binaria Acotada,0.0,14,false
consultas-2-listas-posteo.json,consultas-4-listas-posteo.json,19971.0,Secuencial B0,6.9141387939453125e-6,10000,false
consultas-2-listas-posteo.json,consultas-4-listas-posteo.json,19971.0,No Acotada B1,0.0,25,false
consultas-2-listas-posteo.json,consultas-4-listas-posteo.json,19971.0,No Acotada B2,1.1920928955078125e-6,25,false
consultas-2-listas-posteo.json,consultas-4-listas-posteo.json,19971.0,SkipList,0.0,16,false
consultas-2-listas-posteo.json,consultas-4-listas-posteo.json,37544.0,Binaria Acotada,9.5367431640625e-7,14,false
consultas-2-listas-posteo.json,consultas-4-listas-posteo.json,37544.0,Secuencial B0,5.9604644775390625e-6,10000,false
consultas-2-listas-posteo.json,consultas-4-listas-posteo.json,37544.0,No Acotada B1,0.0,25,false
consultas-2-listas-posteo.json,consultas-4-listas-posteo.json,37544.0,No Acotada B2,0.0,25,false
consultas-2-listas-posteo.json,consultas-4-listas-posteo.json,37544.0,SkipList,0.0,16,false
consultas-2-listas-posteo.json,consultas-4-listas-posteo.json,46247.0,Binaria Acotada,0.0,14,false
consultas-2-listas-posteo.json,consultas-4-listas-posteo.json,46247.0,Secuencial B0,7.152557373046875e-6,10000,false
consultas-2-listas-posteo.json,consultas-4-listas-posteo.json,46247.0,No Acotada B1,0.0,25,false
consultas-2-listas-posteo.json,consultas-4-listas-posteo.json,46247.0,No Acotada B2,0.0,25,false
consultas-2-listas-posteo.json,consultas-4-listas-posteo.json,46247.0,SkipList,0.0,16,false
consultas-2-listas-posteo.json,consultas-4-listas-posteo.json,48309.0,Binaria Acotada,0.0,14,false
consultas-2-listas-posteo.json,consultas-4-listas-posteo.json,48309.0,Secuencial B0,5.9604644775390625e-6,10000,false
consultas-2-listas-posteo.json,consultas-4-listas-posteo.json,48309.0,No Acotada B1,9.5367431640625e-7,25,false
consultas-2-listas-posteo.json,consultas-4-listas-posteo.json,48309.0,No Acotada B2,0.0,25,false
consultas-2-listas-posteo.json,consultas-4-listas-posteo.json,48309.0,SkipList,0.0,16,false
consultas-2-listas-posteo.json,consultas-4-listas-posteo.json,37855.0,Binaria Acotada,0.0,14,false
consultas-2-listas-posteo.json,consultas-4-listas-posteo.json,37855.0,Secuencial B0,6.9141387939453125e-6,10000,false
consultas-2-listas-posteo.json,consultas-4-listas-posteo.json,37855.0,No Acotada B1,0.0,25,false
consultas-2-listas-posteo.json,consultas-4-listas-posteo.json,37855.0,No Acotada B2,0.0,25,false
consultas-2-listas-posteo.json,consultas-4-listas-posteo.json,37855.0,SkipList,0.0,16,false
consultas-2-listas-posteo.json,consultas-4-listas-posteo.json,21832.0,Binaria Acotada,0.0,14,false
consultas-2-listas-posteo.json,consultas-4-listas-posteo.json,21832.0,Secuencial B0,6.198883056640625e-6,10000,false
consultas-2-listas-posteo.json,consultas-4-listas-posteo.json,21832.0,No Acotada B1,0.0,25,false
consultas-2-listas-posteo.json,consultas-4-listas-posteo.json,21832.0,No Acotada B2,0.0,25,false
consultas-2-listas-posteo.json,consultas-4-listas-posteo.json,21832.0,SkipList,0.0,16,false
consultas-2-listas-posteo.json,consultas-4-listas-posteo.json,775.0,Binaria Acotada,0.0,14,false
consultas-2-listas-posteo.json,consultas-4-listas-posteo.json,775.0,Secuencial B0,5.9604644775390625e-6,10000,false
consultas-2-listas-posteo.json,consultas-4-listas-posteo.json,775.0,No Acotada B1,0.0,25,false
consultas-2-listas-posteo.json,consultas-4-listas-posteo.json,775.0,No Acotada B2,0.0,25,false
consultas-2-listas-posteo.json,consultas-4-listas-posteo.json,775.0,SkipList,9.5367431640625e-7,16,false
consultas-2-listas-posteo.json,consultas-4-listas-posteo.json,23334.0,Binaria Acotada,0.0,14,false
consultas-2-listas-posteo.json,consultas-4-listas-posteo.json,23334.0,Secuencial B0,7.152557373046875e-6,10000,false
consultas-2-listas-posteo.json,consultas-4-listas-posteo.json,23334.0,No Acotada B1,0.0,25,false
consultas-2-listas-posteo.json,consultas-4-listas-posteo.json,23334.0,No Acotada B2,9.5367431640625e-7,25,false
consultas-2-listas-posteo.json,consultas-4-listas-posteo.json,23334.0,SkipList,0.0,16,false
consultas-2-listas-posteo.json,consultas-4-listas-posteo.json,40686.0,Binaria Acotada,0.0,14,false
consultas-2-listas-posteo.json,consultas-4-listas-posteo.json,40686.0,Secuencial B0,5.0067901611328125e-6,10000,false
consultas-2-listas-posteo.json,consultas-4-listas-posteo.json,40686.0,No Acotada B1,0.0,25,false
consultas-2-listas-posteo.json,consultas-4-listas-posteo.json,40686.0,No Acotada B2,0.0,25,false
consultas-2-listas-posteo.json,consultas-4-listas-posteo.json,40686.0,SkipList,0.0,16,false
consultas-2-listas-posteo.json,consultas-4-listas-posteo.json,43299.0,Binaria Acotada,0.0,14,false
consultas-2-listas-posteo.json,consultas-4-listas-posteo.json,43299.0,Secuencial B0,5.9604644775390625e-6,10000,false
consultas-2-listas-posteo.json,consultas-4-listas-posteo.json,43299.0,No Acotada B1,0.0,25,false
consultas-2-listas-posteo.json,consultas-4-listas-posteo.json,43299.0,No Acotada B2,0.0,25,false
consultas-2-listas-posteo.json,consultas-4-listas-posteo.json,43299.0,SkipList,9.5367431640625e-7,16,false
consultas-2-listas-posteo.json,consultas-4-listas-posteo.json,22391.0,Binaria Acotada,0.0,14,false
consultas-2-listas-posteo.json,consultas-4-listas-posteo.json,22391.0,Secuencial B0,6.9141387939453125e-6,10000,false
consultas-2-listas-posteo.json,consultas-4-listas-posteo.json,22391.0,No Acotada B1,0.0,25,false
consultas-2-listas-posteo.json,consultas-4-listas-posteo.json,22391.0,No Acotada B2,0.0,25,false
consultas-2-listas-posteo.json,consultas-4-listas-posteo.json,22391.0,SkipList,0.0,16,false
consultas-2-listas-posteo.json,consultas-4-listas-posteo.json,41091.0,Binaria Acotada,0.0,14,false
consultas-2-listas-posteo.json,consultas-4-listas-posteo.json,41091.0,Secuencial B0,5.9604644775390625e-6,10000,false
consultas-2-listas-posteo.json,consultas-4-listas-posteo.json,41091.0,No Acotada B1,0.0,25,false
consultas-2-listas-posteo.json,consultas-4-listas-posteo.json,41091.0,No Acotada B2,0.0,25,false
consultas-2-listas-posteo.json,consultas-4-listas-posteo.json,41091.0,SkipList,0.0,16,false
consultas-2-listas-posteo.json,consultas-4-listas-posteo.json,49807.0,Binaria Acotada,0.0,14,false
consultas-2-listas-posteo.json,consultas-4-listas-posteo.json,49807.0,Secuencial B0,6.198883056640625e-6,10000,false
consultas-2-listas-posteo.json,consultas-4-listas-posteo.json,49807.0,No Acotada B1,0.0,25,false
consultas-2-listas-posteo.json,consultas-4-listas-posteo.json,49807.0,No Acotada B2,0.0,25,false
consultas-2-listas-posteo.json,consultas-4-listas-posteo.json,49807.0,SkipList,0.0,16,false
consultas-2-listas-posteo.json,consultas-4-listas-posteo.json,45657.0,Binaria Acotada,0.0,14,false
consultas-2-listas-posteo.json,consultas-4-listas-posteo.json,45657.0,Secuencial B0,5.0067901611328125e-6,10000,false
consultas-2-listas-posteo.json,consultas-4-listas-posteo.json,45657.0,No Acotada B1,0.0,25,false
consultas-2-listas-posteo.json,consultas-4-listas-posteo.json,45657.0,No Acotada B2,0.0,25,false
consultas-2-listas-posteo.json,consultas-4-listas-posteo.json,45657.0,SkipList,0.0,16,false
consultas-2-listas-posteo.json,consultas-4-listas-posteo.json,46362.0,Binaria Acotada,0.0,14,false
consultas-2-listas-posteo.json,consultas-4-listas-posteo.json,46362.0,Secuencial B0,7.152557373046875e-6,10000,false
consultas-2-listas-posteo.json,consultas-4-listas-posteo.json,46362.0,No Acotada B1,0.0,25,false
consultas-2-listas-posteo.json,consultas-4-listas-posteo.json,46362.0,No Acotada B2,9.5367431640625e-7,25,false
consultas-2-listas-posteo.json,consultas-4-listas-posteo.json,46362.0,SkipList,0.0,16,false
consultas-2-listas-posteo.json,consultas-4-listas-posteo.json,44929.0,Binaria Acotada,0.0,14,false
consultas-2-listas-posteo.json,consultas-4-listas-posteo.json,44929.0,Secuencial B0,5.9604644775390625e-6,10000,false
consultas-2-listas-posteo.json,consultas-4-listas-posteo.json,44929.0,No Acotada B1,9.5367431640625e-7,25,false
consultas-2-listas-posteo.json,consultas-4-listas-posteo.json,44929.0,No Acotada B2,0.0,25,false
consultas-2-listas-posteo.json,consultas-4-listas-posteo.json,44929.0,SkipList,0.0,16,false
consultas-2-listas-posteo.json,consultas-4-listas-posteo.json,42343.0,Binaria Acotada,0.0,14,false
consultas-2-listas-posteo.json,consultas-4-listas-posteo.json,42343.0,Secuencial B0,6.9141387939453125e-6,10000,false
consultas-2-listas-posteo.json,consultas-4-listas-posteo.json,42343.0,No Acotada B1,0.0,25,false
consultas-2-listas-posteo.json,consultas-4-listas-posteo.json,42343.0,No Acotada B2,0.0,25,false
consultas-2-listas-posteo.json,consultas-4-listas-posteo.json,42343.0,SkipList,0.0,16,false
consultas-2-listas-posteo.json,consultas-4-listas-posteo.json,11956.0,Binaria Acotada,0.0,14,false
consultas-2-listas-posteo.json,consultas-4-listas-posteo.json,11956.0,Secuencial B0,6.198883056640625e-6,10000,false
consultas-2-listas-posteo.json,consultas-4-listas-posteo.json,11956.0,No Acotada B1,0.0,25,false
consultas-2-listas-posteo.json,consultas-4-listas-posteo.json,11956.0,No Acotada B2,0.0,25,false
consultas-2-listas-posteo.json,consultas-4-listas-posteo.json,11956.0,SkipList,0.0,16,false
consultas-2-listas-posteo.json,consultas-4-listas-posteo.json,26825.0,Binaria Acotada,0.0,14,false
consultas-2-listas-posteo.json,consultas-4-listas-posteo.json,26825.0,Secuencial B0,5.9604644775390625e-6,10000,false
consultas-2-listas-posteo.json,consultas-4-listas-posteo.json,26825.0,No Acotada B1,0.0,25,false
consultas-2-listas-posteo.json,consultas-4-listas-posteo.json,26825.0,No Acotada B2,0.0,25,false
consultas-2-listas-posteo.json,consultas-4-listas-posteo.json,26825.0,SkipList,1.1920928955078125e-6,16,false
consultas-2-listas-posteo.json,consultas-4-listas-posteo.json,16149.0,Binaria Acotada,0.0,14,false
consultas-2-listas-posteo.json,consultas-4-listas-posteo.json,16149.0,Secuencial B0,6.9141387939453125e-6,10000,false
consultas-2-listas-posteo.json,consultas-4-listas-posteo.json,16149.0,No Acotada B1,0.0,25,false
consultas-2-listas-posteo.json,consultas-4-listas-posteo.json,16149.0,No Acotada B2,9.5367431640625e-7,25,false
consultas-2-listas-posteo.json,consultas-4-listas-posteo.json,16149.0,SkipList,0.0,16,false
consultas-2-listas-posteo.json,consultas-4-listas-posteo.json,40413.0,Binaria Acotada,9.5367431640625e-7,14,false
consultas-2-listas-posteo.json,consultas-4-listas-posteo.json,40413.0,Secuencial B0,5.9604644775390625e-6,10000,false
consultas-2-listas-posteo.json,consultas-4-listas-posteo.json,40413.0,No Acotada B1,1.1920928955078125e-6,25,false
consultas-2-listas-posteo.json,consultas-4-listas-posteo.json,40413.0,No Acotada B2,0.0,25,false
consultas-2-listas-posteo.json,consultas-4-listas-posteo.json,40413.0,SkipList,0.0,16,false
consultas-2-listas-posteo.json,consultas-4-listas-posteo.json,33713.0,Binaria Acotada,0.0,14,false
consultas-2-listas-posteo.json,consultas-4-listas-posteo.json,33713.0,Secuencial B0,6.9141387939453125e-6,10000,false
consultas-2-listas-posteo.json,consultas-4-listas-posteo.json,33713.0,No Acotada B1,0.0,25,false
consultas-2-listas-posteo.json,consultas-4-listas-posteo.json,33713.0,No Acotada B2,0.0,25,false
consultas-2-listas-posteo.json,consultas-4-listas-posteo.json,33713.0,SkipList,0.0,16,false
consultas-2-listas-posteo.json,consultas-4-listas-posteo.json,20532.0,Binaria Acotada,0.0,14,false
consultas-2-listas-posteo.json,consultas-4-listas-posteo.json,20532.0,Secuencial B0,5.9604644775390625e-6,10000,false
consultas-2-listas-posteo.json,consultas-4-listas-posteo.json,20532.0,No Acotada B1,0.0,25,false
consultas-2-listas-posteo.json,consultas-4-listas-posteo.json,20532.0,No Acotada B2,0.0,25,false
consultas-2-listas-posteo.json,consultas-4-listas-posteo.json,20532.0,SkipList,0.0,16,false
consultas-2-listas-posteo.json,consultas-4-listas-posteo.json,6640.0,Binaria Acotada,0.0,14,false
consultas-2-listas-posteo.json,consultas-4-listas-posteo.json,6640.0,Secuencial B0,5.9604644775390625e-6,10000,false
consultas-2-listas-posteo.json,consultas-4-listas-posteo.json,6640.0,No Acotada B1,0.0,25,false
consultas-2-listas-posteo.json,consultas-4-listas-posteo.json,6640.0,No Acotada B2,0.0,25,false
consultas-2-listas-posteo.json,consultas-4-listas-posteo.json,6640.0,SkipList,1.1920928955078125e-6,16,false
consultas-2-listas-posteo.json,consultas-4-listas-posteo.json,16882.0,Binaria Acotada,0.0,14,false
consultas-2-listas-posteo.json,consultas-4-listas-posteo.json,16882.0,Secuencial B0,6.9141387939453125e-6,10000,false
consultas-2-listas-posteo.json,consultas-4-listas-posteo.json,16882.0,No Acotada B1,0.0,25,false
consultas-2-listas-posteo.json,consultas-4-listas-posteo.json,16882.0,No Acotada B2,0.0,25,false
consultas-2-listas-posteo.json,consultas-4-listas-posteo.json,16882.0,SkipList,0.0,16,false
consultas-2-listas-posteo.json,consultas-4-listas-posteo.json,22162.0,Binaria Acotada,0.0,14,false
consultas-2-listas-posteo.json,consultas-4-listas-posteo.json,22162.0,Secuencial B0,6.198883056640625e-6,10000,false
consultas-2-listas-posteo.json,consultas-4-listas-posteo.json,22162.0,No Acotada B1,0.0,25,false
consultas-2-listas-posteo.json,consultas-4-listas-posteo.json,22162.0,No Acotada B2,0.0,25,false
consultas-2-listas-posteo.json,consultas-4-listas-posteo.json,22162.0,SkipList,0.0,16,false
consultas-2-listas-posteo.json,consultas-4-listas-posteo.json,4784.0,Binaria Acotada,0.0,14,false
consultas-2-listas-posteo.json,consultas-4-listas-posteo.json,4784.0,Secuencial B0,6.9141387939453125e-6,10000,false
consultas-2-listas-posteo.json,consultas-4-listas-posteo.json,4784.0,No Acotada B1,0.0,25,false
consultas-2-listas-posteo.json,consultas-4-listas-posteo.json,4784.0,No Acotada B2,0.0,25,false
consultas-2-listas-posteo.json,consultas-4-listas-posteo.json,4784.0,SkipList,0.0,16,false
consultas-2-listas-posteo.json,consultas-4-listas-posteo.json,11403.0,Binaria Acotada,0.0,14,false
consultas-2-listas-posteo.json,consultas-4-listas-posteo.json,11403.0,Secuencial B0,6.9141387939453125e-6,10000,false
consultas-2-listas-posteo.json,consultas-4-listas-posteo.json,11403.0,No Acotada B1,0.0,25,false
consultas-2-listas-posteo.json,consultas-4-listas-posteo.json,11403.0,No Acotada B2,0.0,25,false
consultas-2-listas-posteo.json,consultas-4-listas-posteo.json,11403.0,SkipList,0.0,16,false
consultas-2-listas-posteo.json,consultas-4-listas-posteo.json,17678.0,Binaria Acotada,0.0,14,false
consultas-2-listas-posteo.json,consultas-4-listas-posteo.json,17678.0,Secuencial B0,5.9604644775390625e-6,10000,false
consultas-2-listas-posteo.json,consultas-4-listas-posteo.json,17678.0,No Acotada B1,0.0,25,false
consultas-2-listas-posteo.json,consultas-4-listas-posteo.json,17678.0,No Acotada B2,0.0,25,false
consultas-2-listas-posteo.json,consultas-4-listas-posteo.json,17678.0,SkipList,9.5367431640625e-7,16,false
consultas-2-listas-posteo.json,consultas-4-listas-posteo.json,5401.0,Binaria Acotada,0.0,14,false
consultas-2-listas-posteo.json,consultas-4-listas-posteo.json,5401.0,Secuencial B0,6.9141387939453125e-6,10000,false
consultas-2-listas-posteo.json,consultas-4-listas-posteo.json,5401.0,No Acotada B1,0.0,25,false
consultas-2-listas-posteo.json,consultas-4-listas-posteo.json,5401.0,No Acotada B2,9.5367431640625e-7,25,false
consultas-2-listas-posteo.json,consultas-4-listas-posteo.json,5401.0,SkipList,0.0,16,false
consultas-2-listas-posteo.json,consultas-4-listas-posteo.json,37595.0,Binaria Acotada,1.1920928955078125e-6,14,false
consultas-2-listas-posteo.json,consultas-4-listas-posteo.json,37595.0,Secuencial B0,5.9604644775390625e-6,10000,false
consultas-2-listas-posteo.json,consultas-4-listas-posteo.json,37595.0,No Acotada B1,0.0,25,false
consultas-2-listas-posteo.json,consultas-4-listas-posteo.json,37595.0,No Acotada B2,0.0,25,false
consultas-2-listas-posteo.json,consultas-4-listas-posteo.json,37595.0,SkipList,9.5367431640625e-7,16,false
consultas-2-listas-posteo.json,consultas-4-listas-posteo.json,20922.0,Binaria Acotada,0.0,14,false
consultas-2-listas-posteo.json,consultas-4-listas-posteo.json,20922.0,Secuencial B0,6.9141387939453125e-6,10000,false
consultas-2-listas-posteo.json,consultas-4-listas-posteo.json,20922.0,No Acotada B1,0.0,25,false
consultas-2-listas-posteo.json,consultas-4-listas-posteo.json,20922.0,No Acotada B2,0.0,25,false
consultas-2-listas-posteo.json,consultas-4-listas-posteo.json,20922.0,SkipList,0.0,16,false
consultas-2-listas-posteo.json,consultas-4-listas-posteo.json,16333.0,Binaria Acotada,0.0,14,false
consultas-2-listas-posteo.json,consultas-4-listas-posteo.json,16333.0,Secuencial B0,5.9604644775390625e-6,10000,false
consultas-2-listas-posteo.json,consultas-4-listas-posteo.json,16333.0,No Acotada B1,0.0,25,false
consultas-2-listas-posteo.json,consultas-4-listas-posteo.json,16333.0,No Acotada B2,0.0,25,false
consultas-2-listas-posteo.json,consultas-4-listas-posteo.json,16333.0,SkipList,0.0,16,false
consultas-2-listas-posteo.json,consultas-4-listas-posteo.json,44367.0,Binaria Acotada,0.0,14,false
consultas-2-listas-posteo.json,consultas-4-listas-posteo.json,44367.0,Secuencial B0,6.198883056640625e-6,10000,false
consultas-2-listas-posteo.json,consultas-4-listas-posteo.json,44367.0,No Acotada B1,0.0,25,false
consultas-2-listas-posteo.json,consultas-4-listas-posteo.json,44367.0,No Acotada B2,0.0,25,false
consultas-2-listas-posteo.json,consultas-4-listas-posteo.json,44367.0,SkipList,9.5367431640625e-7,16,false
consultas-2-listas-posteo.json,consultas-4-listas-posteo.json,17019.0,Binaria Acotada,0.0,14,false
consultas-2-listas-posteo.json,consultas-4-listas-posteo.json,17019.0,Secuencial B0,6.9141387939453125e-6,10000,false
consultas-2-listas-posteo.json,consultas-4-listas-posteo.json,17019.0,No Acotada B1,0.0,25,false
consultas-2-listas-posteo.json,consultas-4-listas-posteo.json,17019.0,No Acotada B2,1.1920928955078125e-6,25,false
consultas-2-listas-posteo.json,consultas-4-listas-posteo.json,17019.0,SkipList,0.0,16,false
consultas-2-listas-posteo.json,consultas-4-listas-posteo.json,47865.0,Binaria Acotada,0.0,14,false
consultas-2-listas-posteo.json,consultas-4-listas-posteo.json,47865.0,Secuencial B0,5.9604644775390625e-6,10000,false
consultas-2-listas-posteo.json,consultas-4-listas-posteo.json,47865.0,No Acotada B1,9.5367431640625e-7,25,false
consultas-2-listas-posteo.json,consultas-4-listas-posteo.json,47865.0,No Acotada B2,0.0,25,false
consultas-2-listas-posteo.json,consultas-4-listas-posteo.json,47865.0,SkipList,0.0,16,false
consultas-2-listas-posteo.json,consultas-4-listas-posteo.json,25049.0,Binaria Acotada,0.0,14,false
consultas-2-listas-posteo.json,consultas-4-listas-posteo.json,25049.0,Secuencial B0,7.152557373046875e-6,10000,false
consultas-2-listas-posteo.json,consultas-4-listas-posteo.json,25049.0,No Acotada B1,0.0,25,false
consultas-2-listas-posteo.json,consultas-4-listas-posteo.json,25049.0,No Acotada B2,0.0,25,false
consultas-2-listas-posteo.json,consultas-4-listas-posteo.json,25049.0,SkipList,0.0,16,false
consultas-2-listas-posteo.json,consultas-4-listas-posteo.json,1274.0,Binaria Acotada,0.0,14,false
consultas-2-listas-posteo.json,consultas-4-listas-posteo.json,1274.0,Secuencial B0,5.9604644775390625e-6,10000,false
consultas-2-listas-posteo.json,consultas-4-listas-posteo.json,1274.0,No Acotada B1,0.0,25,false
consultas-2-listas-posteo.json,consultas-4-listas-posteo.json,1274.0,No Acotada B2,0.0,25,false
consultas-2-listas-posteo.json,consultas-4-listas-posteo.json,1274.0,SkipList,0.0,16,false
consultas-2-listas-posteo.json,consultas-4-listas-posteo.json,15778.0,Binaria Acotada,0.0,14,false
consultas-2-listas-posteo.json,consultas-4-listas-posteo.json,15778.0,Secuencial B0,5.9604644775390625e-6,10000,false
consultas-2-listas-posteo.json,consultas-4-listas-posteo.json,15778.0,No Acotada B1,0.0,25,false
consultas-2-listas-posteo.json,consultas-4-listas-posteo.json,15778.0,No Acotada B2,0.0,25,false
consultas-2-listas-posteo.json,consultas-4-listas-posteo.json,15778.0,SkipList,0.0,16,false
consultas-2-listas-posteo.json,consultas-4-listas-posteo.json,7505.0,Binaria Acotada,0.0,14,false
consultas-2-listas-posteo.json,consultas-4-listas-posteo.json,7505.0,Secuencial B0,7.152557373046875e-6,10000,false
consultas-2-listas-posteo.json,consultas-4-listas-posteo.json,7505.0,No Acotada B1,0.0,25,false
consultas-2-listas-posteo.json,consultas-4-listas-posteo.json,7505.0,No Acotada B2,0.0,25,false
consultas-2-listas-posteo.json,consultas-4-listas-posteo.json,7505.0,SkipList,0.0,16,false
consultas-2-listas-posteo.json,consultas-4-listas-posteo.json,9410.0,Binaria Acotada,9.5367431640625e-7,14,false
consultas-2-listas-posteo.json,consultas-4-listas-posteo.json,9410.0,Secuencial B0,5.9604644775390625e-6,10000,false
consultas-2-listas-posteo.json,consultas-4-listas-posteo.json,9410.0,No Acotada B1,0.0,25,false
consultas-2-listas-posteo.json,consultas-4-listas-posteo.json,9410.0,No Acotada B2,0.0,25,false
consultas-2-listas-posteo.json,consultas-4-listas-posteo.json,9410.0,SkipList,9.5367431640625e-7,16,false
consultas-2-listas-posteo.json,consultas-4-listas-posteo.json,18688.0,Binaria Acotada,0.0,14,false
consultas-2-listas-posteo.json,consultas-4-listas-posteo.json,18688.0,Secuencial B0,7.152557373046875e-6,10000,false
consultas-2-listas-posteo.json,consultas-4-listas-posteo.json,18688.0,No Acotada B1,0.0,25,false
consultas-2-listas-posteo.json,consultas-4-listas-posteo.json,18688.0,No Acotada B2,0.0,25,false
consultas-2-listas-posteo.json,consultas-4-listas-posteo.json,18688.0,SkipList,0.0,16,false
consultas-2-listas-posteo.json,consultas-4-listas-posteo.json,25286.0,Binaria Acotada,0.0,14,false
consultas-2-listas-posteo.json,consultas-4-listas-posteo.json,25286.0,Secuencial B0,5.9604644775390625e-6,10000,false
consultas-2-listas-posteo.json,consultas-4-listas-posteo.json,25286.0,No Acotada B1,0.0,25,false
consultas-2-listas-posteo.json,consultas-4-listas-posteo.json,25286.0,No Acotada B2,0.0,25,false
consultas-2-listas-posteo.json,consultas-4-listas-posteo.json,25286.0,SkipList,0.0,16,false
consultas-2-listas-posteo.json,consultas-4-listas-posteo.json,39339.0,Binaria Acotada,9.5367431640625e-7,14,false
consultas-2-listas-posteo.json,consultas-4-listas-posteo.json,39339.0,Secuencial B0,5.9604644775390625e-6,10000,false
consultas-2-listas-posteo.json,consultas-4-listas-posteo.json,39339.0,No Acotada B1,0.0,25,false
consultas-2-listas-posteo.json,consultas-4-listas-posteo.json,39339.0,No Acotada B2,0.0,25,false
consultas-2-listas-posteo.json,consultas-4-listas-posteo.json,39339.0,SkipList,9.5367431640625e-7,16,false
consultas-2-listas-posteo.json,consultas-4-listas-posteo.json,5616.0,Binaria Acotada,0.0,14,false
consultas-2-listas-posteo.json,consultas-4-listas-posteo.json,5616.0,Secuencial B0,7.152557373046875e-6,10000,false
consultas-2-listas-posteo.json,consultas-4-listas-posteo.json,5616.0,No Acotada B1,0.0,25,false
consultas-2-listas-posteo.json,consultas-4-listas-posteo.json,5616.0,No Acotada B2,0.0,25,false
consultas-2-listas-posteo.json,consultas-4-listas-posteo.json,5616.0,SkipList,0.0,16,false
consultas-2-listas-posteo.json,consultas-4-listas-posteo.json,29621.0,Binaria Acotada,0.0,14,false
consultas-2-listas-posteo.json,consultas-4-listas-posteo.json,29621.0,Secuencial B0,5.9604644775390625e-6,10000,false
consultas-2-listas-posteo.json,consultas-4-listas-posteo.json,29621.0,No Acotada B1,0.0,25,false
consultas-2-listas-posteo.json,consultas-4-listas-posteo.json,29621.0,No Acotada B2,0.0,25,false
consultas-2-listas-posteo.json,consultas-4-listas-posteo.json,29621.0,SkipList,0.0,16,false
consultas-2-listas-posteo.json,consultas-4-listas-posteo.json,20230.0,Binaria Acotada,0.0,14,false
consultas-2-listas-posteo.json,consultas-4-listas-posteo.json,20230.0,Secuencial B0,5.9604644775390625e-6,10000,false
consultas-2-listas-posteo.json,consultas-4-listas-posteo.json,20230.0,No Acotada B1,0.0,25,false
consultas-2-listas-posteo.json,consultas-4-listas-posteo.json,20230.0,No Acotada B2,0.0,25,false
consultas-2-listas-posteo.json,consultas-4-listas-posteo.json,20230.0,SkipList,9.5367431640625e-7,16,false
consultas-2-listas-posteo.json,consultas-4-listas-posteo.json,43068.0,Binaria Acotada,0.0,14,false
consultas-2-listas-posteo.json,consultas-4-listas-posteo.json,43068.0,Secuencial B0,7.152557373046875e-6,10000,false
consultas-2-listas-posteo.json,consultas-4-listas-posteo.json,43068.0,No Acotada B1,0.0,25,false
consultas-2-listas-posteo.json,consultas-4-listas-posteo.json,43068.0,No Acotada B2,9.5367431640625e-7,25,false
consultas-2-listas-posteo.json,consultas-4-listas-posteo.json,43068.0,SkipList,0.0,16,false
consultas-2-listas-posteo.json,consultas-4-listas-posteo.json,21570.0,Binaria Acotada,0.0,14,false
consultas-2-listas-posteo.json,consultas-4-listas-posteo.json,21570.0,Secuencial B0,5.9604644775390625e-6,10000,false
consultas-2-listas-posteo.json,consultas-4-listas-posteo.json,21570.0,No Acotada B1,9.5367431640625e-7,25,false
consultas-2-listas-posteo.json,consultas-4-listas-posteo.json,21570.0,No Acotada B2,0.0,25,false
consultas-2-listas-posteo.json,consultas-4-listas-posteo.json,21570.0,SkipList,0.0,16,false
consultas-2-listas-posteo.json,consultas-4-listas-posteo.json,27891.0,Binaria Acotada,0.0,14,false
consultas-2-listas-posteo.json,consultas-4-listas-posteo.json,27891.0,Secuencial B0,6.198883056640625e-6,10000,false
consultas-2-listas-posteo.json,consultas-4-listas-posteo.json,27891.0,No Acotada B1,0.0,25,false
consultas-2-listas-posteo.json,consultas-4-listas-posteo.json,27891.0,No Acotada B2,0.0,25,false
consultas-2-listas-posteo.json,consultas-4-listas-posteo.json,27891.0,SkipList,0.0,16,false
consultas-2-listas-posteo.json,consultas-4-listas-posteo.json,3582.0,Binaria Acotada,0.0,14,false
consultas-2-listas-posteo.json,consultas-4-listas-posteo.json,3582.0,Secuencial B0,6.9141387939453125e-6,10000,false
consultas-2-listas-posteo.json,consultas-4-listas-posteo.json,3582.0,No Acotada B1,0.0,25,false
consultas-2-listas-posteo.json,consultas-4-listas-posteo.json,3582.0,No Acotada B2,0.0,25,false
consultas-2-listas-posteo.json,consultas-4-listas-posteo.json,3582.0,SkipList,0.0,16,false
consultas-2-listas-posteo.json,consultas-4-listas-posteo.json,29655.0,Binaria Acotada,0.0,14,false
consultas-2-listas-posteo.json,consultas-4-listas-posteo.json,29655.0,Secuencial B0,5.9604644775390625e-6,10000,false
consultas-2-listas-posteo.json,consultas-4-listas-posteo.json,29655.0,No Acotada B1,0.0,25,false
consultas-2-listas-posteo.json,consultas-4-listas-posteo.json,29655.0,No Acotada B2,0.0,25,false
consultas-2-listas-posteo.json,consultas-4-listas-posteo.json,29655.0,SkipList,0.0,16,false
consultas-2-listas-posteo.json,consultas-4-listas-posteo.json,18568.0,Binaria Acotada,0.0,14,false
consultas-2-listas-posteo.json,consultas-4-listas-posteo.json,18568.0,Secuencial B0,5.9604644775390625e-6,10000,false
consultas-2-listas-posteo.json,consultas-4-listas-posteo.json,18568.0,No Acotada B1,0.0,25,false
consultas-2-listas-posteo.json,consultas-4-listas-posteo.json,18568.0,No Acotada B2,0.0,25,false
consultas-2-listas-posteo.json,consultas-4-listas-posteo.json,18568.0,SkipList,0.0,16,false
consultas-2-listas-posteo.json,consultas-4-listas-posteo.json,24011.0,Binaria Acotada,0.0,14,false
consultas-2-listas-posteo.json,consultas-4-listas-posteo.json,24011.0,Secuencial B0,5.9604644775390625e-6,10000,false
consultas-2-listas-posteo.json,consultas-4-listas-posteo.json,24011.0,No Acotada B1,0.0,25,false
consultas-2-listas-posteo.json,consultas-4-listas-posteo.json,24011.0,No Acotada B2,0.0,25,false
consultas-2-listas-posteo.json,consultas-4-listas-posteo.json,24011.0,SkipList,1.1920928955078125e-6,16,false
consultas-2-listas-posteo.json,consultas-4-listas-posteo.json,11441.0,Binaria Acotada,0.0,14,false
consultas-2-listas-posteo.json,consultas-4-listas-posteo.json,11441.0,Secuencial B0,6.9141387939453125e-6,10000,false
consultas-2-listas-posteo.json,consultas-4-listas-posteo.json,11441.0,No Acotada B1,0.0,25,false
consultas-2-listas-posteo.json,consultas-4-listas-posteo.json,11441.0,No Acotada B2,0.0,25,false
consultas-2-listas-posteo.json,consultas-4-listas-posteo.json,11441.0,SkipList,0.0,16,false
consultas-2-listas-posteo.json,consultas-4-listas-posteo.json,742.0,Binaria Acotada,0.0,14,false
consultas-2-listas-posteo.json,consultas-4-listas-posteo.json,742.0,Secuencial B0,6.198883056640625e-6,10000,false
consultas-2-listas-posteo.json,consultas-4-listas-posteo.json,742.0,No Acotada B1,9.5367431640625e-7,25,false
consultas-2-listas-posteo.json,consultas-4-listas-posteo.json,742.0,No Acotada B2,0.0,25,false
consultas-2-listas-posteo.json,consultas-4-listas-posteo.json,742.0,SkipList,0.0,16,false
consultas-2-listas-posteo.json,consultas-4-listas-posteo.json,23036.0,Binaria Acotada,0.0,14,false
consultas-2-listas-posteo.json,consultas-4-listas-posteo.json,23036.0,Secuencial B0,6.9141387939453125e-6,10000,false
consultas-2-listas-posteo.json,consultas-4-listas-posteo.json,23036.0,No Acotada B1,0.0,25,false
consultas-2-listas-posteo.json,consultas-4-listas-posteo.json,23036.0,No Acotada B2,9.5367431640625e-7,25,false
consultas-2-listas-posteo.json,consultas-4-listas-posteo.json,23036.0,SkipList,0.0,16,false
consultas-2-listas-posteo.json,consultas-4-listas-posteo.json,25486.0,Binaria Acotada,0.0,14,false
consultas-2-listas-posteo.json,consultas-4-listas-posteo.json,25486.0,Secuencial B0,5.9604644775390625e-6,10000,false
consultas-2-listas-posteo.json,consultas-4-listas-posteo.json,25486.0,No Acotada B1,0.0,25,false
consultas-2-listas-posteo.json,consultas-4-listas-posteo.json,25486.0,No Acotada B2,0.0,25,false
consultas-2-listas-posteo.json,consultas-4-listas-posteo.json,25486.0,SkipList,0.0,16,false
consultas-2-listas-posteo.json,consultas-4-listas-posteo.json,35072.0,Binaria Acotada,0.0,14,false
consultas-2-listas-posteo.json,consultas-4-listas-posteo.json,35072.0,Secuencial B0,5.9604644775390625e-6,10000,false
consultas-2-listas-posteo.json,consultas-4-listas-posteo.json,35072.0,No Acotada B1,0.0,25,false
consultas-2-listas-posteo.json,consultas-4-listas-posteo.json,35072.0,No Acotada B2,0.0,25,false
consultas-2-listas-posteo.json,consultas-4-listas-posteo.json,35072.0,SkipList,0.0,16,false
consultas-2-listas-posteo.json,consultas-4-listas-posteo.json,29557.0,Binaria Acotada,0.0,14,false
consultas-2-listas-posteo.json,consultas-4-listas-posteo.json,29557.0,Secuencial B0,5.9604644775390625e-6,10000,false
consultas-2-listas-posteo.json,consultas-4-listas-posteo.json,29557.0,No Acotada B1,0.0,25,false
consultas-2-listas-posteo.json,consultas-4-listas-posteo.json,29557.0,No Acotada B2,0.0,25,false
consultas-2-listas-posteo.json,consultas-4-listas-posteo.json,29557.0,SkipList,0.0,16,false
consultas-2-listas-posteo.json,consultas-4-listas-posteo.json,15800.0,Binaria Acotada,0.0,14,false
consultas-2-listas-posteo.json,consultas-4-listas-posteo.json,15800.0,Secuencial B0,5.9604644775390625e-6,10000,false
consultas-2-listas-posteo.json,consultas-4-listas-posteo.json,15800.0,No Acotada B1,0.0,25,false
consultas-2-listas-posteo.json,consultas-4-listas-posteo.json,15800.0,No Acotada B2,0.0,25,false
consultas-2-listas-posteo.json,consultas-4-listas-posteo.json,15800.0,SkipList,9.5367431640625e-7,16,false
consultas-2-listas-posteo.json,consultas-4-listas-posteo.json,20323.0,Binaria Acotada,0.0,14,false
consultas-2-listas-posteo.json,consultas-4-listas-posteo.json,20323.0,Secuencial B0,6.9141387939453125e-6,10000,false
consultas-2-listas-posteo.json,consultas-4-listas-posteo.json,20323.0,No Acotada B1,0.0,25,false
consultas-2-listas-posteo.json,consultas-4-listas-posteo.json,20323.0,No Acotada B2,0.0,25,false
consultas-2-listas-posteo.json,consultas-4-listas-posteo.json,20323.0,SkipList,0.0,16,false
consultas-2-listas-posteo.json,consultas-4-listas-posteo.json,28728.0,Binaria Acotada,0.0,14,false
consultas-2-listas-posteo.json,consultas-4-listas-posteo.json,28728.0,Secuencial B0,5.602836608886719e-5,10000,false
consultas-2-listas-posteo.json,consultas-4-listas-posteo.json,28728.0,No Acotada B1,0.0,25,false
consultas-2-listas-posteo.json,consultas-4-listas-posteo.json,28728.0,No Acotada B2,0.0,25,false
consultas-2-listas-posteo.json,consultas-4-listas-posteo.json,28728.0,SkipList,9.5367431640625e-7,16,false
consultas-2-listas-posteo.json,consultas-4-listas-posteo.json,11833.0,Binaria Acotada,0.0,14,false
consultas-2-listas-posteo.json,consultas-4-listas-posteo.json,11833.0,Secuencial B0,5.0067901611328125e-6,10000,false
consultas-2-listas-posteo.json,consultas-4-listas-posteo.json,11833.0,No Acotada B1,0.0,25,false
consultas-2-listas-posteo.json,consultas-4-listas-posteo.json,11833.0,No Acotada B2,1.1920928955078125e-6,25,false
consultas-2-listas-posteo.json,consultas-4-listas-posteo.json,11833.0,SkipList,0.0,16,false
consultas-2-listas-posteo.json,consultas-3-listas-posteo.json,694.0,Binaria Acotada,0.0,14,false
consultas-2-listas-posteo.json,consultas-3-listas-posteo.json,694.0,Secuencial B0,6.9141387939453125e-6,10000,false
consultas-2-listas-posteo.json,consultas-3-listas-posteo.json,694.0,No Acotada B1,0.0,25,false
consultas-2-listas-posteo.json,consultas-3-listas-posteo.json,694.0,No Acotada B2,0.0,25,false
consultas-2-listas-posteo.json,consultas-3-listas-posteo.json,694.0,SkipList,0.0,16,false
consultas-2-listas-posteo.json,consultas-3-listas-posteo.json,555.0,Binaria Acotada,0.0,14,false
consultas-2-listas-posteo.json,consultas-3-listas-posteo.json,555.0,Secuencial B0,6.198883056640625e-6,10000,false
consultas-2-listas-posteo.json,consultas-3-listas-posteo.json,555.0,No Acotada B1,0.0,25,false
consultas-2-listas-posteo.json,consultas-3-listas-posteo.json,555.0,No Acotada B2,0.0,25,false
consultas-2-listas-posteo.json,consultas-3-listas-posteo.json,555.0,SkipList,0.0,16,false
consultas-2-listas-posteo.json,consultas-3-listas-posteo.json,2078.0,Binaria Acotada,0.0,14,false
consultas-2-listas-posteo.json,consultas-3-listas-posteo.json,2078.0,Secuencial B0,5.0067901611328125e-6,10000,false
consultas-2-listas-posteo.json,consultas-3-listas-posteo.json,2078.0,No Acotada B1,0.0,25,false
consultas-2-listas-posteo.json,consultas-3-listas-posteo.json,2078.0,No Acotada B2,9.5367431640625e-7,25,false
consultas-2-listas-posteo.json,consultas-3-listas-posteo.json,2078.0,SkipList,0.0,16,false
consultas-2-listas-posteo.json,consultas-3-listas-posteo.json,3674.0,Binaria Acotada,0.0,14,false
consultas-2-listas-posteo.json,consultas-3-listas-posteo.json,3674.0,Secuencial B0,5.9604644775390625e-6,10000,false
consultas-2-listas-posteo.json,consultas-3-listas-posteo.json,3674.0,No Acotada B1,1.1920928955078125e-6,25,false
consultas-2-listas-posteo.json,consultas-3-listas-posteo.json,3674.0,No Acotada B2,0.0,25,false
consultas-2-listas-posteo.json,consultas-3-listas-posteo.json,3674.0,SkipList,0.0,16,false
consultas-2-listas-posteo.json,consultas-3-listas-posteo.json,667.0,Binaria Acotada,0.0,14,false
consultas-2-listas-posteo.json,consultas-3-listas-posteo.json,667.0,Secuencial B0,5.0067901611328125e-6,10000,false
consultas-2-listas-posteo.json,consultas-3-listas-posteo.json,667.0,No Acotada B1,9.5367431640625e-7,25,false
consultas-2-listas-posteo.json,consultas-3-listas-posteo.json,667.0,No Acotada B2,0.0,25,false
consultas-2-listas-posteo.json,consultas-3-listas-posteo.json,667.0,SkipList,0.0,16,false
consultas-2-listas-posteo.json,consultas-3-listas-posteo.json,1144.0,Binaria Acotada,0.0,14,false
consultas-2-listas-posteo.json,consultas-3-listas-posteo.json,1144.0,Secuencial B0,7.152557373046875e-6,10000,false
consultas-2-listas-posteo.json,consultas-3-listas-posteo.json,1144.0,No Acotada B1,0.0,25,false
consultas-2-listas-posteo.json,consultas-3-listas-posteo.json,1144.0,No Acotada B2,0.0,25,false
consultas-2-listas-posteo.json,consultas-3-listas-posteo.json,1144.0,SkipList,0.0,16,false
consultas-2-listas-posteo.json,consultas-3-listas-posteo.json,2329.0,Binaria Acotada,0.0,14,false
consultas-2-listas-posteo.json,consultas-3-listas-posteo.json,2329.0,Secuencial B0,5.9604644775390625e-6,10000,false
consultas-2-listas-posteo.json,consultas-3-listas-posteo.json,2329.0,No Acotada B1,0.0,25,false
consultas-2-listas-posteo.json,consultas-3-listas-posteo.json,2329.0,No Acotada B2,0.0,25,false
consultas-2-listas-posteo.json,consultas-3-listas-posteo.json,2329.0,SkipList,0.0,16,false
consultas-2-listas-posteo.json,consultas-3-listas-posteo.json,1163.0,Binaria Acotada,0.0,14,false
consultas-2-listas-posteo.json,consultas-3-listas-posteo.json,1163.0,Secuencial B0,6.9141387939453125e-6,10000,false
consultas-2-listas-posteo.json,consultas-3-listas-posteo.json,1163.0,No Acotada B1,0.0,25,false
consultas-2-listas-posteo.json,consultas-3-listas-posteo.json,1163.0,No Acotada B2,0.0,25,false
consultas-2-listas-posteo.json,consultas-3-listas-posteo.json,1163.0,SkipList,0.0,16,false
consultas-2-listas-posteo.json,consultas-3-listas-posteo.json,3398.0,Binaria Acotada,0.0,14,false
consultas-2-listas-posteo.json,consultas-3-listas-posteo.json,3398.0,Secuencial B0,6.9141387939453125e-6,10000,false
consultas-2-listas-posteo.json,consultas-3-listas-posteo.json,3398.0,No Acotada B1,0.0,25,false
consultas-2-listas-posteo.json,consultas-3-listas-posteo.json,3398.0,No Acotada B2,0.0,25,false
consultas-2-listas-posteo.json,consultas-3-listas-posteo.json,3398.0,SkipList,0.0,16,false
consultas-2-listas-posteo.json,consultas-3-listas-posteo.json,3291.0,Binaria Acotada,9.5367431640625e-7,14,false
consultas-2-listas-posteo.json,consultas-3-listas-posteo.json,3291.0,Secuencial B0,5.9604644775390625e-6,10000,false
consultas-2-listas-posteo.json,consultas-3-listas-posteo.json,3291.0,No Acotada B1,0.0,25,false
consultas-2-listas-posteo.json,consultas-3-listas-posteo.json,3291.0,No Acotada B2,0.0,25,false
consultas-2-listas-posteo.json,consultas-3-listas-posteo.json,3291.0,SkipList,0.0,16,false
consultas-2-listas-posteo.json,consultas-3-listas-posteo.json,2283.0,Binaria Acotada,0.0,14,false
consultas-2-listas-posteo.json,consultas-3-listas-posteo.json,2283.0,Secuencial B0,7.152557373046875e-6,10000,false
consultas-2-listas-posteo.json,consultas-3-listas-posteo.json,2283.0,No Acotada B1,0.0,25,false
consultas-2-listas-posteo.json,consultas-3-listas-posteo.json,2283.0,No Acotada B2,0.0,25,false
consultas-2-listas-posteo.json,consultas-3-listas-posteo.json,2283.0,SkipList,0.0,16,false
consultas-2-listas-posteo.json,consultas-3-listas-posteo.json,279.0,Binaria Acotada,0.0,14,false
consultas-2-listas-posteo.json,consultas-3-listas-posteo.json,279.0,Secuencial B0,6.9141387939453125e-6,10000,false
consultas-2-listas-posteo.json,consultas-3-listas-posteo.json,279.0,No Acotada B1,0.0,25,false
consultas-2-listas-posteo.json,consultas-3-listas-posteo.json,279.0,No Acotada B2,0.0,25,false
consultas-2-listas-posteo.json,consultas-3-listas-posteo.json,279.0,SkipList,0.0,16,false
consultas-2-listas-posteo.json,consultas-3-listas-posteo.json,3609.0,Binaria Acotada,0.0,14,false
consultas-2-listas-posteo.json,consultas-3-listas-posteo.json,3609.0,Secuencial B0,5.9604644775390625e-6,10000,false
consultas-2-listas-posteo.json,consultas-3-listas-posteo.json,3609.0,No Acotada B1,0.0,25,false
consultas-2-listas-posteo.json,consultas-3-listas-posteo.json,3609.0,No Acotada B2,0.0,25,false
consultas-2-listas-posteo.json,consultas-3-listas-posteo.json,3609.0,SkipList,9.5367431640625e-7,16,false
consultas-2-listas-posteo.json,consultas-3-listas-posteo.json,2574.0,Binaria Acotada,0.0,14,false
consultas-2-listas-posteo.json,consultas-3-listas-posteo.json,2574.0,Secuencial B0,7.152557373046875e-6,10000,false
consultas-2-listas-posteo.json,consultas-3-listas-posteo.json,2574.0,No Acotada B1,0.0,25,false
consultas-2-listas-posteo.json,consultas-3-listas-posteo.json,2574.0,No Acotada B2,0.0,25,false
consultas-2-listas-posteo.json,consultas-3-listas-posteo.json,2574.0,SkipList,0.0,16,false
consultas-2-listas-posteo.json,consultas-3-listas-posteo.json,1640.0,Binaria Acotada,0.0,14,false
consultas-2-listas-posteo.json,consultas-3-listas-posteo.json,1640.0,Secuencial B0,5.9604644775390625e-6,10000,false
consultas-2-listas-posteo.json,consultas-3-listas-posteo.json,1640.0,No Acotada B1,0.0,25,false
consultas-2-listas-posteo.json,consultas-3-listas-posteo.json,1640.0,No Acotada B2,0.0,25,false
consultas-2-listas-posteo.json,consultas-3-listas-posteo.json,1640.0,SkipList,0.0,16,false
consultas-2-listas-posteo.json,consultas-3-listas-posteo.json,849.0,Binaria Acotada,0.0,14,false
consultas-2-listas-posteo.json,consultas-3-listas-posteo.json,849.0,Secuencial B0,5.9604644775390625e-6,10000,false
consultas-2-listas-posteo.json,consultas-3-listas-posteo.json,849.0,No Acotada B1,0.0,25,false
consultas-2-listas-posteo.json,consultas-3-listas-posteo.json,849.0,No Acotada B2,0.0,25,false
consultas-2-listas-posteo.json,consultas-3-listas-posteo.json,849.0,SkipList,9.5367431640625e-7,16,false
consultas-2-listas-posteo.json,consultas-3-listas-posteo.json,611.0,Binaria Acotada,0.0,14,false
consultas-2-listas-posteo.json,consultas-3-listas-posteo.json,611.0,Secuencial B0,6.9141387939453125e-6,10000,false
consultas-2-listas-posteo.json,consultas-3-listas-posteo.json,611.0,No Acotada B1,0.0,25,false
consultas-2-listas-posteo.json,consultas-3-listas-posteo.json,611.0,No Acotada B2,1.1920928955078125e-6,25,false
consultas-2-listas-posteo.json,consultas-3-listas-posteo.json,611.0,SkipList,0.0,16,false
consultas-2-listas-posteo.json,consultas-3-listas-posteo.json,1193.0,Binaria Acotada,0.0,14,false
consultas-2-listas-posteo.json,consultas-3-listas-posteo.json,1193.0,Secuencial B0,5.9604644775390625e-6,10000,false
consultas-2-listas-posteo.json,consultas-3-listas-posteo.json,1193.0,No Acotada B1,9.5367431640625e-7,25,false
consultas-2-listas-posteo.json,consultas-3-listas-posteo.json,1193.0,No Acotada B2,0.0,25,false
consultas-2-listas-posteo.json,consultas-3-listas-posteo.json,1193.0,SkipList,0.0,16,false
consultas-2-listas-posteo.json,consultas-3-listas-posteo.json,3115.0,Binaria Acotada,0.0,14,false
consultas-2-listas-posteo.json,consultas-3-listas-posteo.json,3115.0,Secuencial B0,6.198883056640625e-6,10000,false
consultas-2-listas-posteo.json,consultas-3-listas-posteo.json,3115.0,No Acotada B1,0.0,25,false
consultas-2-listas-posteo.json,consultas-3-listas-posteo.json,3115.0,No Acotada B2,0.0,25,false
consultas-2-listas-posteo.json,consultas-3-listas-posteo.json,3115.0,SkipList,0.0,16,false
consultas-2-listas-posteo.json,consultas-3-listas-posteo.json,1377.0,Binaria Acotada,0.0,14,false
consultas-2-listas-posteo.json,consultas-3-listas-posteo.json,1377.0,Secuencial B0,6.9141387939453125e-6,10000,false
consultas-2-listas-posteo.json,consultas-3-listas-posteo.json,1377.0,No Acotada B1,0.0,25,false
consultas-2-listas-posteo.json,consultas-3-listas-posteo.json,1377.0,No Acotada B2,1.1920928955078125e-6,25,false
consultas-2-listas-posteo.json,consultas-3-listas-posteo.json,1377.0,SkipList,0.0,16,false
consultas-2-listas-posteo.json,consultas-3-listas-posteo.json,1105.0,Binaria Acotada,0.0,14,false
consultas-2-listas-posteo.json,consultas-3-listas-posteo.json,1105.0,Secuencial B0,5.9604644775390625e-6,10000,false
consultas-2-listas-posteo.json,consultas-3-listas-posteo.json,1105.0,No Acotada B1,0.0,25,false
consultas-2-listas-posteo.json,consultas-3-listas-posteo.json,1105.0,No Acotada B2,0.0,25,false
consultas-2-listas-posteo.json,consultas-3-listas-posteo.json,1105.0,SkipList,0.0,16,false
consultas-2-listas-posteo.json,consultas-3-listas-posteo.json,677.0,Binaria Acotada,0.0,14,false
consultas-2-listas-posteo.json,consultas-3-listas-posteo.json,677.0,Secuencial B0,6.198883056640625e-6,10000,false
consultas-2-listas-posteo.json,consultas-3-listas-posteo.json,677.0,No Acotada B1,0.0,25,false
consultas-2-listas-posteo.json,consultas-3-listas-posteo.json,677.0,No Acotada B2,0.0,25,false
consultas-2-listas-posteo.json,consultas-3-listas-posteo.json,677.0,SkipList,0.0,16,false
consultas-2-listas-posteo.json,consultas-3-listas-posteo.json,2758.0,Binaria Acotada,0.0,14,false
consultas-2-listas-posteo.json,consultas-3-listas-posteo.json,2758.0,Secuencial B0,5.9604644775390625e-6,10000,false
consultas-2-listas-posteo.json,consultas-3-listas-posteo.json,2758.0,No Acotada B1,0.0,25,false
consultas-2-listas-posteo.json,consultas-3-listas-posteo.json,2758.0,No Acotada B2,0.0,25,false
consultas-2-listas-posteo.json,consultas-3-listas-posteo.json,2758.0,SkipList,1.1920928955078125e-6,16,false
consultas-2-listas-posteo.json,consultas-3-listas-posteo.json,1024.0,Binaria Acotada,0.0,14,false
consultas-2-listas-posteo.json,consultas-3-listas-posteo.json,1024.0,Secuencial B0,6.9141387939453125e-6,10000,false
consultas-2-listas-posteo.json,consultas-3-listas-posteo.json,1024.0,No Acotada B1,0.0,25,false
consultas-2-listas-posteo.json,consultas-3-listas-posteo.json,1024.0,No Acotada B2,0.0,25,false
consultas-2-listas-posteo.json,consultas-3-listas-posteo.json,1024.0,SkipList,0.0,16,false
consultas-2-listas-posteo.json,consultas-3-listas-posteo.json,1759.0,Binaria Acotada,0.0,14,false
consultas-2-listas-posteo.json,consultas-3-listas-posteo.json,1759.0,Secuencial B0,5.9604644775390625e-6,10000,false
consultas-2-listas-posteo.json,consultas-3-listas-posteo.json,1759.0,No Acotada B1,0.0,25,false
consultas-2-listas-posteo.json,consultas-3-listas-posteo.json,1759.0,No Acotada B2,0.0,25,false
consultas-2-listas-posteo.json,consultas-3-listas-posteo.json,1759.0,SkipList,0.0,16,false
consultas-2-listas-posteo.json,consultas-3-listas-posteo.json,3388.0,Binaria Acotada,0.0,14,false
consultas-2-listas-posteo.json,consultas-3-listas-posteo.json,3388.0,Secuencial B0,6.9141387939453125e-6,10000,false
consultas-2-listas-posteo.json,consultas-3-listas-posteo.json,3388.0,No Acotada B1,0.0,25,false
consultas-2-listas-posteo.json,consultas-3-listas-posteo.json,3388.0,No Acotada B2,0.0,25,false
consultas-2-listas-posteo.json,consultas-3-listas-posteo.json,3388.0,SkipList,0.0,16,false
consultas-2-listas-posteo.json,consultas-3-listas-posteo.json,459.0,Binaria Acotada,0.0,14,false
consultas-2-listas-posteo.json,consultas-3-listas-posteo.json,459.0,Secuencial B0,5.9604644775390625e-6,10000,false
consultas-2-listas-posteo.json,consultas-3-listas-posteo.json,459.0,No Acotada B1,0.0,25,false
consultas-2-listas-posteo.json,consultas-3-listas-posteo.json,459.0,No Acotada B2,0.0,25,false
consultas-2-listas-posteo.json,consultas-3-listas-posteo.json,459.0,SkipList,0.0,16,false
consultas-2-listas-posteo.json,consultas-3-listas-posteo.json,554.0,Binaria Acotada,0.0,14,false
consultas-2-listas-posteo.json,consultas-3-listas-posteo.json,554.0,Secuencial B0,5.9604644775390625e-6,10000,false
consultas-2-listas-posteo.json,consultas-3-listas-posteo.json,554.0,No Acotada B1,0.0,25,false
consultas-2-listas-posteo.json,consultas-3-listas-posteo.json,554.0,No Acotada B2,0.0,25,false
consultas-2-listas-posteo.json,consultas-3-listas-posteo.json,554.0,SkipList,9.5367431640625e-7,16,false
consultas-2-listas-posteo.json,consultas-3-listas-posteo.json,682.0,Binaria Acotada,0.0,14,false
consultas-2-listas-posteo.json,consultas-3-listas-posteo.json,682.0,Secuencial B0,6.9141387939453125e-6,10000,false
consultas-2-listas-posteo.json,consultas-3-listas-posteo.json,682.0,No Acotada B1,0.0,25,false
consultas-2-listas-posteo.json,consultas-3-listas-posteo.json,682.0,No Acotada B2,0.0,25,false
consultas-2-listas-posteo.json,consultas-3-listas-posteo.json,682.0,SkipList,0.0,16,false
consultas-2-listas-posteo.json,consultas-3-listas-posteo.json,3275.0,Binaria Acotada,0.0,14,false
consultas-2-listas-posteo.json,consultas-3-listas-posteo.json,3275.0,Secuencial B0,6.198883056640625e-6,10000,false
consultas-2-listas-posteo.json,consultas-3-listas-posteo.json,3275.0,No Acotada B1,0.0,25,false
consultas-2-listas-posteo.json,consultas-3-listas-posteo.json,3275.0,No Acotada B2,0.0,25,false
consultas-2-listas-posteo.json,consultas-3-listas-posteo.json,3275.0,SkipList,0.0,16,false
consultas-2-listas-posteo.json,consultas-3-listas-posteo.json,2635.0,Binaria Acotada,0.0,14,false
consultas-2-listas-posteo.json,consultas-3-listas-posteo.json,2635.0,Secuencial B0,5.9604644775390625e-6,10000,false
consultas-2-listas-posteo.json,consultas-3-listas-posteo.json,2635.0,No Acotada B1,0.0,25,false
consultas-2-listas-posteo.json,consultas-3-listas-posteo.json,2635.0,No Acotada B2,0.0,25,false
consultas-2-listas-posteo.json,consultas-3-listas-posteo.json,2635.0,SkipList,1.1920928955078125e-6,16,false
consultas-2-listas-posteo.json,consultas-3-listas-posteo.json,544.0,Binaria Acotada,0.0,14,false
consultas-2-listas-posteo.json,consultas-3-listas-posteo.json,544.0,Secuencial B0,6.9141387939453125e-6,10000,false
consultas-2-listas-posteo.json,consultas-3-listas-posteo.json,544.0,No Acotada B1,0.0,25,false
consultas-2-listas-posteo.json,consultas-3-listas-posteo.json,544.0,No Acotada B2,9.5367431640625e-7,25,false
consultas-2-listas-posteo.json,consultas-3-listas-posteo.json,544.0,SkipList,0.0,16,false
consultas-2-listas-posteo.json,consultas-3-listas-posteo.json,850.0,Binaria Acotada,0.0,14,false
consultas-2-listas-posteo.json,consultas-3-listas-posteo.json,850.0,Secuencial B0,6.198883056640625e-6,10000,false
consultas-2-listas-posteo.json,consultas-3-listas-posteo.json,850.0,No Acotada B1,9.5367431640625e-7,25,false
consultas-2-listas-posteo.json,consultas-3-listas-posteo.json,850.0,No Acotada B2,0.0,25,false
consultas-2-listas-posteo.json,consultas-3-listas-posteo.json,850.0,SkipList,0.0,16,false
consultas-2-listas-posteo.json,consultas-3-listas-posteo.json,2373.0,Binaria Acotada,0.0,14,false
consultas-2-listas-posteo.json,consultas-3-listas-posteo.json,2373.0,Secuencial B0,6.9141387939453125e-6,10000,false
consultas-2-listas-posteo.json,consultas-3-listas-posteo.json,2373.0,No Acotada B1,0.0,25,false
consultas-2-listas-posteo.json,consultas-3-listas-posteo.json,2373.0,No Acotada B2,0.0,25,false
consultas-2-listas-posteo.json,consultas-3-listas-posteo.json,2373.0,SkipList,0.0,16,false
consultas-2-listas-posteo.json,consultas-3-listas-posteo.json,234.0,Binaria Acotada,0.0,6,true
consultas-2-listas-posteo.json,consultas-3-listas-posteo.json,234.0,Secuencial B0,5.9604644775390625e-6,9528,true
consultas-2-listas-posteo.json,consultas-3-listas-posteo.json,234.0,No Acotada B1,0.0,16,true
consultas-2-listas-posteo.json,consultas-3-listas-posteo.json,234.0,No Acotada B2,9.5367431640625e-7,16,true
consultas-2-listas-posteo.json,consultas-3-listas-posteo.json,234.0,SkipList,0.0,17,true
consultas-2-listas-posteo.json,consultas-3-listas-posteo.json,535.0,Binaria Acotada,0.0,14,false
consultas-2-listas-posteo.json,consultas-3-listas-posteo.json,535.0,Secuencial B0,5.9604644775390625e-6,10000,false
consultas-2-listas-posteo.json,consultas-3-listas-posteo.json,535.0,No Acotada B1,0.0,25,false
consultas-2-listas-posteo.json,consultas-3-listas-posteo.json,535.0,No Acotada B2,0.0,25,false
consultas-2-listas-posteo.json,consultas-3-listas-posteo.json,535.0,SkipList,0.0,16,false
consultas-2-listas-posteo.json,consultas-3-listas-posteo.json,3734.0,Binaria Acotada,0.0,14,false
consultas-2-listas-posteo.json,consultas-3-listas-posteo.json,3734.0,Secuencial B0,6.9141387939453125e-6,10000,false
consultas-2-listas-posteo.json,consultas-3-listas-posteo.json,3734.0,No Acotada B1,0.0,25,false
consultas-2-listas-posteo.json,consultas-3-listas-posteo.json,3734.0,No Acotada B2,0.0,25,false
consultas-2-listas-posteo.json,consultas-3-listas-posteo.json,3734.0,SkipList,0.0,16,false
consultas-2-listas-posteo.json,consultas-3-listas-posteo.json,2539.0,Binaria Acotada,1.1920928955078125e-6,14,false
consultas-2-listas-posteo.json,consultas-3-listas-posteo.json,2539.0,Secuencial B0,5.9604644775390625e-6,10000,false
consultas-2-listas-posteo.json,consultas-3-listas-posteo.json,2539.0,No Acotada B1,0.0,25,false
consultas-2-listas-posteo.json,consultas-3-listas-posteo.json,2539.0,No Acotada B2,0.0,25,false
consultas-2-listas-posteo.json,consultas-3-listas-posteo.json,2539.0,SkipList,9.5367431640625e-7,16,false
consultas-2-listas-posteo.json,consultas-3-listas-posteo.json,2711.0,Binaria Acotada,0.0,14,false
consultas-2-listas-posteo.json,consultas-3-listas-posteo.json,2711.0,Secuencial B0,6.9141387939453125e-6,10000,false
consultas-2-listas-posteo.json,consultas-3-listas-posteo.json,2711.0,No Acotada B1,0.0,25,false
consultas-2-listas-posteo.json,consultas-3-listas-posteo.json,2711.0,No Acotada B2,0.0,25,false
consultas-2-listas-posteo.json,consultas-3-listas-posteo.json,2711.0,SkipList,0.0,16,false
consultas-2-listas-posteo.json,consultas-3-listas-posteo.json,1513.0,Binaria Acotada,0.0,14,false
consultas-2-listas-posteo.json,consultas-3-listas-posteo.json,1513.0,Secuencial B0,1.6927719116210938e-5,10000,false
consultas-2-listas-posteo.json,consultas-3-listas-posteo.json,1513.0,No Acotada B1,0.0,25,false
consultas-2-listas-posteo.json,consultas-3-listas-posteo.json,1513.0,No Acotada B2,0.0,25,false
consultas-2-listas-posteo.json,consultas-3-listas-posteo.json,1513.0,SkipList,0.0,16,false
consultas-2-listas-posteo.json,consultas-3-listas-posteo.json,919.0,Binaria Acotada,9.5367431640625e-7,14,false
consultas-2-listas-posteo.json,consultas-3-listas-posteo.json,919.0,Secuencial B0,5.0067901611328125e-6,10000,false
consultas-2-listas-posteo.json,consultas-3-listas-posteo.json,919.0,No Acotada B1,0.0,25,false
consultas-2-listas-posteo.json,consultas-3-listas-posteo.json,919.0,No Acotada B2,0.0,25,false
consultas-2-listas-posteo.json,consultas-3-listas-posteo.json,919.0,SkipList,0.0,16,false
consultas-2-listas-posteo.json,consultas-3-listas-posteo.json,339.0,Binaria Acotada,0.0,14,false
consultas-2-listas-posteo.json,consultas-3-listas-posteo.json,339.0,Secuencial B0,5.9604644775390625e-6,10000,false
consultas-2-listas-posteo.json,consultas-3-listas-posteo.json,339.0,No Acotada B1,0.0,25,false
consultas-2-listas-posteo.json,consultas-3-listas-posteo.json,339.0,No Acotada B2,0.0,25,false
consultas-2-listas-posteo.json,consultas-3-listas-posteo.json,339.0,SkipList,0.0,16,false
consultas-2-listas-posteo.json,consultas-3-listas-posteo.json,2975.0,Binaria Acotada,0.0,14,false
consultas-2-listas-posteo.json,consultas-3-listas-posteo.json,2975.0,Secuencial B0,6.9141387939453125e-6,10000,false
consultas-2-listas-posteo.json,consultas-3-listas-posteo.json,2975.0,No Acotada B1,0.0,25,false
consultas-2-listas-posteo.json,consultas-3-listas-posteo.json,2975.0,No Acotada B2,0.0,25,false
consultas-2-listas-posteo.json,consultas-3-listas-posteo.json,2975.0,SkipList,0.0,16,false
consultas-2-listas-posteo.json,consultas-3-listas-posteo.json,1093.0,Binaria Acotada,0.0,14,false
consultas-2-listas-posteo.json,consultas-3-listas-posteo.json,1093.0,Secuencial B0,6.198883056640625e-6,10000,false
consultas-2-listas-posteo.json,consultas-3-listas-posteo.json,1093.0,No Acotada B1,0.0,25,false
consultas-2-listas-posteo.json,consultas-3-listas-posteo.json,1093.0,No Acotada B2,0.0,25,false
consultas-2-listas-posteo.json,consultas-3-listas-posteo.json,1093.0,SkipList,9.5367431640625e-7,16,false
consultas-2-listas-posteo.json,consultas-3-listas-posteo.json,3386.0,Binaria Acotada,0.0,14,false
consultas-2-listas-posteo.json,consultas-3-listas-posteo.json,3386.0,Secuencial B0,6.9141387939453125e-6,10000,false
consultas-2-listas-posteo.json,consultas-3-listas-posteo.json,3386.0,No Acotada B1,0.0,25,false
consultas-2-listas-posteo.json,consultas-3-listas-posteo.json,3386.0,No Acotada B2,0.0,25,false
consultas-2-listas-posteo.json,consultas-3-listas-posteo.json,3386.0,SkipList,0.0,16,false
consultas-2-listas-posteo.json,consultas-3-listas-posteo.json,1450.0,Binaria Acotada,0.0,14,false
consultas-2-listas-posteo.json,consultas-3-listas-posteo.json,1450.0,Secuencial B0,5.9604644775390625e-6,10000,false
consultas-2-listas-posteo.json,consultas-3-listas-posteo.json,1450.0,No Acotada B1,0.0,25,false
consultas-2-listas-posteo.json,consultas-3-listas-posteo.json,1450.0,No Acotada B2,0.0,25,false
consultas-2-listas-posteo.json,consultas-3-listas-posteo.json,1450.0,SkipList,0.0,16,false
consultas-2-listas-posteo.json,consultas-3-listas-posteo.json,1824.0,Binaria Acotada,0.0,14,false
consultas-2-listas-posteo.json,consultas-3-listas-posteo.json,1824.0,Secuencial B0,5.9604644775390625e-6,10000,false
consultas-2-listas-posteo.json,consultas-3-listas-posteo.json,1824.0,No Acotada B1,0.0,25,false
consultas-2-listas-posteo.json,consultas-3-listas-posteo.json,1824.0,No Acotada B2,0.0,25,false
consultas-2-listas-posteo.json,consultas-3-listas-posteo.json,1824.0,SkipList,0.0,16,false
consultas-2-listas-posteo.json,consultas-3-listas-posteo.json,274.0,Binaria Acotada,0.0,14,false
consultas-2-listas-posteo.json,consultas-3-listas-posteo.json,274.0,Secuencial B0,6.9141387939453125e-6,10000,false
consultas-2-listas-posteo.json,consultas-3-listas-posteo.json,274.0,No Acotada B1,0.0,25,false
consultas-2-listas-posteo.json,consultas-3-listas-posteo.json,274.0,No Acotada B2,0.0,25,false
consultas-2-listas-posteo.json,consultas-3-listas-posteo.json,274.0,SkipList,0.0,16,false
consultas-2-listas-posteo.json,consultas-3-listas-posteo.json,1161.0,Binaria Acotada,1.1920928955078125e-6,14,false
consultas-2-listas-posteo.json,consultas-3-listas-posteo.json,1161.0,Secuencial B0,5.9604644775390625e-6,10000,false
consultas-2-listas-posteo.json,consultas-3-listas-posteo.json,1161.0,No Acotada B1,0.0,25,false
consultas-2-listas-posteo.json,consultas-3-listas-posteo.json,1161.0,No Acotada B2,0.0,25,false
consultas-2-listas-posteo.json,consultas-3-listas-posteo.json,1161.0,SkipList,0.0,16,false
consultas-2-listas-posteo.json,consultas-3-listas-posteo.json,3529.0,Binaria Acotada,0.0,14,false
consultas-2-listas-posteo.json,consultas-3-listas-posteo.json,3529.0,Secuencial B0,6.9141387939453125e-6,10000,false
consultas-2-listas-posteo.json,consultas-3-listas-posteo.json,3529.0,No Acotada B1,0.0,25,false
consultas-2-listas-posteo.json,consultas-3-listas-posteo.json,3529.0,No Acotada B2,0.0,25,false
consultas-2-listas-posteo.json,consultas-3-listas-posteo.json,3529.0,SkipList,0.0,16,false
consultas-2-listas-posteo.json,consultas-3-listas-posteo.json,367.0,Binaria Acotada,0.0,14,false
consultas-2-listas-posteo.json,consultas-3-listas-posteo.json,367.0,Secuencial B0,6.9141387939453125e-6,10000,false
consultas-2-listas-posteo.json,consultas-3-listas-posteo.json,367.0,No Acotada B1,0.0,25,false
consultas-2-listas-posteo.json,consultas-3-listas-posteo.json,367.0,No Acotada B2,0.0,25,false
consultas-2-listas-posteo.json,consultas-3-listas-posteo.json,367.0,SkipList,0.0,16,false
consultas-2-listas-posteo.json,consultas-3-listas-posteo.json,2507.0,Binaria Acotada,0.0,14,false
consultas-2-listas-posteo.json,consultas-3-listas-posteo.json,2507.0,Secuencial B0,6.198883056640625e-6,10000,false
consultas-2-listas-posteo.json,consultas-3-listas-posteo.json,2507.0,No Acotada B1,0.0,25,false
consultas-2-listas-posteo.json,consultas-3-listas-posteo.json,2507.0,No Acotada B2,0.0,25,false
consultas-2-listas-posteo.json,consultas-3-listas-posteo.json,2507.0,SkipList,9.5367431640625e-7,16,false
consultas-2-listas-posteo.json,consultas-3-listas-posteo.json,2821.0,Binaria Acotada,0.0,14,false
consultas-2-listas-posteo.json,consultas-3-listas-posteo.json,2821.0,Secuencial B0,6.9141387939453125e-6,10000,false
consultas-2-listas-posteo.json,consultas-3-listas-posteo.json,2821.0,No Acotada B1,0.0,25,false
consultas-2-listas-posteo.json,consultas-3-listas-posteo.json,2821.0,No Acotada B2,0.0,25,false
consultas-2-listas-posteo.json,consultas-3-listas-posteo.json,2821.0,SkipList,0.0,16,false
consultas-2-listas-posteo.json,consultas-3-listas-posteo.json,238.0,Binaria Acotada,0.0,8,true
consultas-2-listas-posteo.json,consultas-3-listas-posteo.json,238.0,Secuencial B0,5.9604644775390625e-6,9716,true
consultas-2-listas-posteo.json,consultas-3-listas-posteo.json,238.0,No Acotada B1,0.0,19,true
consultas-2-listas-posteo.json,consultas-3-listas-posteo.json,238.0,No Acotada B2,0.0,19,true
consultas-2-listas-posteo.json,consultas-3-listas-posteo.json,238.0,SkipList,9.5367431640625e-7,21,true
consultas-2-listas-posteo.json,consultas-3-listas-posteo.json,2039.0,Binaria Acotada,0.0,14,false
consultas-2-listas-posteo.json,consultas-3-listas-posteo.json,2039.0,Secuencial B0,7.152557373046875e-6,10000,false
consultas-2-listas-posteo.json,consultas-3-listas-posteo.json,2039.0,No Acotada B1,0.0,25,false
consultas-2-listas-posteo.json,consultas-3-listas-posteo.json,2039.0,No Acotada B2,0.0,25,false
consultas-2-listas-posteo.json,consultas-3-listas-posteo.json,2039.0,SkipList,0.0,16,false
consultas-2-listas-posteo.json,consultas-3-listas-posteo.json,1276.0,Binaria Acotada,0.0,14,false
consultas-2-listas-posteo.json,consultas-3-listas-posteo.json,1276.0,Secuencial B0,5.9604644775390625e-6,10000,false
consultas-2-listas-posteo.json,consultas-3-listas-posteo.json,1276.0,No Acotada B1,0.0,25,false
consultas-2-listas-posteo.json,consultas-3-listas-posteo.json,1276.0,No Acotada B2,0.0,25,false
consultas-2-listas-posteo.json,consultas-3-listas-posteo.json,1276.0,SkipList,0.0,16,false
consultas-2-listas-posteo.json,consultas-3-listas-posteo.json,3482.0,Binaria Acotada,0.0,14,false
consultas-2-listas-posteo.json,consultas-3-listas-posteo.json,3482.0,Secuencial B0,5.9604644775390625e-6,10000,false
consultas-2-listas-posteo.json,consultas-3-listas-posteo.json,3482.0,No Acotada B1,0.0,25,false
consultas-2-listas-posteo.json,consultas-3-listas-posteo.json,3482.0,No Acotada B2,0.0,25,false
consultas-2-listas-posteo.json,consultas-3-listas-posteo.json,3482.0,SkipList,9.5367431640625e-7,16,false
consultas-2-listas-posteo.json,consultas-3-listas-posteo.json,2512.0,Binaria Acotada,0.0,14,false
consultas-2-listas-posteo.json,consultas-3-listas-posteo.json,2512.0,Secuencial B0,6.9141387939453125e-6,10000,false
consultas-2-listas-posteo.json,consultas-3-listas-posteo.json,2512.0,No Acotada B1,0.0,25,false
consultas-2-listas-posteo.json,consultas-3-listas-posteo.json,2512.0,No Acotada B2,1.1920928955078125e-6,25,false
consultas-2-listas-posteo.json,consultas-3-listas-posteo.json,2512.0,SkipList,0.0,16,false
consultas-2-listas-posteo.json,consultas-3-listas-posteo.json,267.0,Binaria Acotada,0.0,14,false
consultas-2-listas-posteo.json,consultas-3-listas-posteo.json,267.0,Secuencial B0,5.9604644775390625e-6,10000,false
consultas-2-listas-posteo.json,consultas-3-listas-posteo.json,267.0,No Acotada B1,0.0,25,false
consultas-2-listas-posteo.json,consultas-3-listas-posteo.json,267.0,No Acotada B2,0.0,25,false
consultas-2-listas-posteo.json,consultas-3-listas-posteo.json,267.0,SkipList,0.0,16,false
consultas-2-listas-posteo.json,consultas-3-listas-posteo.json,3160.0,Binaria Acotada,0.0,14,false
consultas-2-listas-posteo.json,consultas-3-listas-posteo.json,3160.0,Secuencial B0,6.198883056640625e-6,10000,false
consultas-2-listas-posteo.json,consultas-3-listas-posteo.json,3160.0,No Acotada B1,0.0,25,false
consultas-2-listas-posteo.json,consultas-3-listas-posteo.json,3160.0,No Acotada B2,0.0,25,false
consultas-2-listas-posteo.json,consultas-3-listas-posteo.json,3160.0,SkipList,0.0,16,false
consultas-2-listas-posteo.json,consultas-3-listas-posteo.json,1445.0,Binaria Acotada,0.0,14,false
consultas-2-listas-posteo.json,consultas-3-listas-posteo.json,1445.0,Secuencial B0,5.9604644775390625e-6,10000,false
consultas-2-listas-posteo.json,consultas-3-listas-posteo.json,1445.0,No Acotada B1,0.0,25,false
consultas-2-listas-posteo.json,consultas-3-listas-posteo.json,1445.0,No Acotada B2,0.0,25,false
consultas-2-listas-posteo.json,consultas-3-listas-posteo.json,1445.0,SkipList,0.0,16,false
consultas-2-listas-posteo.json,consultas-3-listas-posteo.json,1829.0,Binaria Acotada,0.0,14,false
consultas-2-listas-posteo.json,consultas-3-listas-posteo.json,1829.0,Secuencial B0,5.9604644775390625e-6,10000,false
consultas-2-listas-posteo.json,consultas-3-listas-posteo.json,1829.0,No Acotada B1,0.0,25,false
consultas-2-listas-posteo.json,consultas-3-listas-posteo.json,1829.0,No Acotada B2,0.0,25,false
consultas-2-listas-posteo.json,consultas-3-listas-posteo.json,1829.0,SkipList,0.0,16,false
consultas-2-listas-posteo.json,consultas-3-listas-posteo.json,60.0,Binaria Acotada,0.0,2,true
consultas-2-listas-posteo.json,consultas-3-listas-posteo.json,60.0,Secuencial B0,1.1920928955078125e-6,2485,true
consultas-2-listas-posteo.json,consultas-3-listas-posteo.json,60.0,No Acotada B1,9.5367431640625e-7,17,true
consultas-2-listas-posteo.json,consultas-3-listas-posteo.json,60.0,No Acotada B2,0.0,17,true
consultas-2-listas-posteo.json,consultas-3-listas-posteo.json,60.0,SkipList,9.5367431640625e-7,15,true
consultas-2-listas-posteo.json,consultas-3-listas-posteo.json,3520.0,Binaria Acotada,0.0,14,false
consultas-2-listas-posteo.json,consultas-3-listas-posteo.json,3520.0,Secuencial B0,6.9141387939453125e-6,10000,false
consultas-2-listas-posteo.json,consultas-3-listas-posteo.json,3520.0,No Acotada B1,0.0,25,false
consultas-2-listas-posteo.json,consultas-3-listas-posteo.json,3520.0,No Acotada B2,1.1920928955078125e-6,25,false
consultas-2-listas-posteo.json,consultas-3-listas-posteo.json,3520.0,SkipList,0.0,16,false
consultas-2-listas-posteo.json,consultas-3-listas-posteo.json,2842.0,Binaria Acotada,0.0,14,false
consultas-2-listas-posteo.json,consultas-3-listas-posteo.json,2842.0,Secuencial B0,5.9604644775390625e-6,10000,false
consultas-2-listas-posteo.json,consultas-3-listas-posteo.json,2842.0,No Acotada B1,9.5367431640625e-7,25,false
consultas-2-listas-posteo.json,consultas-3-listas-posteo.json,2842.0,No Acotada B2,0.0,25,false
consultas-2-listas-posteo.json,consultas-3-listas-posteo.json,2842.0,SkipList,0.0,16,false
consultas-2-listas-posteo.json,consultas-3-listas-posteo.json,83.0,Binaria Acotada,0.0,5,true
consultas-2-listas-posteo.json,consultas-3-listas-posteo.json,83.0,Secuencial B0,2.1457672119140625e-6,3416,true
consultas-2-listas-posteo.json,consultas-3-listas-posteo.json,83.0,No Acotada B1,0.0,18,true
consultas-2-listas-posteo.json,consultas-3-listas-posteo.json,83.0,No Acotada B2,0.0,18,true
consultas-2-listas-posteo.json,consultas-3-listas-posteo.json,83.0,SkipList,0.0,16,true
consultas-2-listas-posteo.json,consultas-3-listas-posteo.json,2907.0,Binaria Acotada,0.0,14,false
consultas-2-listas-posteo.json,consultas-3-listas-posteo.json,2907.0,Secuencial B0,5.9604644775390625e-6,10000,false
consultas-2-listas-posteo.json,consultas-3-listas-posteo.json,2907.0,No Acotada B1,0.0,25,false
consultas-2-listas-posteo.json,consultas-3-listas-posteo.json,2907.0,No Acotada B2,0.0,25,false
consultas-2-listas-posteo.json,consultas-3-listas-posteo.json,2907.0,SkipList,0.0,16,false
consultas-2-listas-posteo.json,consultas-3-listas-posteo.json,279.0,Binaria Acotada,0.0,14,false
consultas-2-listas-posteo.json,consultas-3-listas-posteo.json,279.0,Secuencial B0,5.9604644775390625e-6,10000,false
consultas-2-listas-posteo.json,consultas-3-listas-posteo.json,279.0,No Acotada B1,0.0,25,false
consultas-2-listas-posteo.json,consultas-3-listas-posteo.json,279.0,No Acotada B2,0.0,25,false
consultas-2-listas-posteo.json,consultas-3-listas-posteo.json,279.0,SkipList,9.5367431640625e-7,16,false
consultas-2-listas-posteo.json,consultas-3-listas-posteo.json,270.0,Binaria Acotada,0.0,14,false
consultas-2-listas-posteo.json,consultas-3-listas-posteo.json,270.0,Secuencial B0,7.152557373046875e-6,10000,false
consultas-2-listas-posteo.json,consultas-3-listas-posteo.json,270.0,No Acotada B1,0.0,25,false
consultas-2-listas-posteo.json,consultas-3-listas-posteo.json,270.0,No Acotada B2,0.0,25,false
consultas-2-listas-posteo.json,consultas-3-listas-posteo.json,270.0,SkipList,0.0,16,false
consultas-2-listas-posteo.json,consultas-3-listas-posteo.json,691.0,Binaria Acotada,0.0,14,false
consultas-2-listas-posteo.json,consultas-3-listas-posteo.json,691.0,Secuencial B0,5.9604644775390625e-6,10000,false
consultas-2-listas-posteo.json,consultas-3-listas-posteo.json,691.0,No Acotada B1,0.0,25,false
consultas-2-listas-posteo.json,consultas-3-listas-posteo.json,691.0,No Acotada B2,0.0,25,false
consultas-2-listas-posteo.json,consultas-3-listas-posteo.json,691.0,SkipList,0.0,16,false
consultas-2-listas-posteo.json,consultas-3-listas-posteo.json,197.0,Binaria Acotada,0.0,8,true
consultas-2-listas-posteo.json,consultas-3-listas-posteo.json,197.0,Secuencial B0,5.0067901611328125e-6,8067,true
consultas-2-listas-posteo.json,consultas-3-listas-posteo.json,197.0,No Acotada B1,0.0,20,true
consultas-2-listas-posteo.json,consultas-3-listas-posteo.json,197.0,No Acotada B2,0.0,20,true
consultas-2-listas-posteo.json,consultas-3-listas-posteo.json,197.0,SkipList,0.0,18,true
consultas-2-listas-posteo.json,consultas-3-listas-posteo.json,1271.0,Binaria Acotada,0.0,14,false
consultas-2-listas-posteo.json,consultas-3-listas-posteo.json,1271.0,Secuencial B0,6.9141387939453125e-6,10000,false
consultas-2-listas-posteo.json,consultas-3-listas-posteo.json,1271.0,No Acotada B1,0.0,25,false
consultas-2-listas-posteo.json,consultas-3-listas-posteo.json,1271.0,No Acotada B2,0.0,25,false
consultas-2-listas-posteo.json,consultas-3-listas-posteo.json,1271.0,SkipList,0.0,16,false
consultas-2-listas-posteo.json,consultas-3-listas-posteo.json,1783.0,Binaria Acotada,9.5367431640625e-7,14,false
consultas-2-listas-posteo.json,consultas-3-listas-posteo.json,1783.0,Secuencial B0,5.9604644775390625e-6,10000,false
consultas-2-listas-posteo.json,consultas-3-listas-posteo.json,1783.0,No Acotada B1,0.0,25,false
consultas-2-listas-posteo.json,consultas-3-listas-posteo.json,1783.0,No Acotada B2,0.0,25,false
consultas-2-listas-posteo.json,consultas-3-listas-posteo.json,1783.0,SkipList,0.0,16,false
consultas-2-listas-posteo.json,consultas-3-listas-posteo.json,2152.0,Binaria Acotada,0.0,14,false
consultas-2-listas-posteo.json,consultas-3-listas-posteo.json,2152.0,Secuencial B0,7.152557373046875e-6,10000,false
consultas-2-listas-posteo.json,consultas-3-listas-posteo.json,2152.0,No Acotada B1,0.0,25,false
consultas-2-listas-posteo.json,consultas-3-listas-posteo.json,2152.0,No Acotada B2,0.0,25,false
consultas-2-listas-posteo.json,consultas-3-listas-posteo.json,2152.0,SkipList,0.0,16,false
consultas-2-listas-posteo.json,consultas-3-listas-posteo.json,2714.0,Binaria Acotada,0.0,14,false
consultas-2-listas-posteo.json,consultas-3-listas-posteo.json,2714.0,Secuencial B0,6.9141387939453125e-6,10000,false
consultas-2-listas-posteo.json,consultas-3-listas-posteo.json,2714.0,No Acotada B1,0.0,25,false
consultas-2-listas-posteo.json,consultas-3-listas-posteo.json,2714.0,No Acotada B2,0.0,25,false
consultas-2-listas-posteo.json,consultas-3-listas-posteo.json,2714.0,SkipList,0.0,16,false
consultas-2-listas-posteo.json,consultas-3-listas-posteo.json,414.0,Binaria Acotada,1.1920928955078125e-6,14,false
consultas-2-listas-posteo.json,consultas-3-listas-posteo.json,414.0,Secuencial B0,5.9604644775390625e-6,10000,false
consultas-2-listas-posteo.json,consultas-3-listas-posteo.json,414.0,No Acotada B1,0.0,25,false
consultas-2-listas-posteo.json,consultas-3-listas-posteo.json,414.0,No Acotada B2,0.0,25,false
consultas-2-listas-posteo.json,consultas-3-listas-posteo.json,414.0,SkipList,9.5367431640625e-7,16,false
consultas-2-listas-posteo.json,consultas-3-listas-posteo.json,313.0,Binaria Acotada,0.0,14,false
consultas-2-listas-posteo.json,consultas-3-listas-posteo.json,313.0,Secuencial B0,7.152557373046875e-6,10000,false
consultas-2-listas-posteo.json,consultas-3-listas-posteo.json,313.0,No Acotada B1,0.0,25,false
consultas-2-listas-posteo.json,consultas-3-listas-posteo.json,313.0,No Acotada B2,9.5367431640625e-7,25,false
consultas-2-listas-posteo.json,consultas-3-listas-posteo.json,313.0,SkipList,0.0,16,false
consultas-2-listas-posteo.json,consultas-3-listas-posteo.json,175.0,Binaria Acotada,0.0,5,true
consultas-2-listas-posteo.json,consultas-3-listas-posteo.json,175.0,Secuencial B0,4.0531158447265625e-6,7175,true
consultas-2-listas-posteo.json,consultas-3-listas-posteo.json,175.0,No Acotada B1,0.0,20,true
consultas-2-listas-posteo.json,consultas-3-listas-posteo.json,175.0,No Acotada B2,0.0,20,true
consultas-2-listas-posteo.json,consultas-3-listas-posteo.json,175.0,SkipList,0.0,20,true
consultas-2-listas-posteo.json,consultas-3-listas-posteo.json,1826.0,Binaria Acotada,0.0,14,false
consultas-2-listas-posteo.json,consultas-3-listas-posteo.json,1826.0,Secuencial B0,6.198883056640625e-6,10000,false
consultas-2-listas-posteo.json,consultas-3-listas-posteo.json,1826.0,No Acotada B1,0.0,25,false
consultas-2-listas-posteo.json,consultas-3-listas-posteo.json,1826.0,No Acotada B2,0.0,25,false
consultas-2-listas-posteo.json,consultas-3-listas-posteo.json,1826.0,SkipList,0.0,16,false
consultas-2-listas-posteo.json,consultas-3-listas-posteo.json,415.0,Binaria Acotada,0.0,14,false
consultas-2-listas-posteo.json,consultas-3-listas-posteo.json,415.0,Secuencial B0,6.9141387939453125e-6,10000,false
consultas-2-listas-posteo.json,consultas-3-listas-posteo.json,415.0,No Acotada B1,0.0,25,false
consultas-2-listas-posteo.json,consultas-3-listas-posteo.json,415.0,No Acotada B2,0.0,25,false
consultas-2-listas-posteo.json,consultas-3-listas-posteo.json,415.0,SkipList,0.0,16,false
consultas-2-listas-posteo.json,consultas-3-listas-posteo.json,2957.0,Binaria Acotada,0.0,14,false
consultas-2-listas-posteo.json,consultas-3-listas-posteo.json,2957.0,Secuencial B0,5.9604644775390625e-6,10000,false
consultas-2-listas-posteo.json,consultas-3-listas-posteo.json,2957.0,No Acotada B1,0.0,25,false
consultas-2-listas-posteo.json,consultas-3-listas-posteo.json,2957.0,No Acotada B2,0.0,25,false
consultas-2-listas-posteo.json,consultas-3-listas-posteo.json,2957.0,SkipList,0.0,16,false
consultas-2-listas-posteo.json,consultas-3-listas-posteo.json,2942.0,Binaria Acotada,0.0,14,false
consultas-2-listas-posteo.json,consultas-3-listas-posteo.json,2942.0,Secuencial B0,5.9604644775390625e-6,10000,false
consultas-2-listas-posteo.json,consultas-3-listas-posteo.json,2942.0,No Acotada B1,0.0,25,false
consultas-2-listas-posteo.json,consultas-3-listas-posteo.json,2942.0,No Acotada B2,0.0,25,false
consultas-2-listas-posteo.json,consultas-3-listas-posteo.json,2942.0,SkipList,9.5367431640625e-7,16,false
consultas-2-listas-posteo.json,consultas-3-listas-posteo.json,2830.0,Binaria Acotada,0.0,14,false
consultas-2-listas-posteo.json,consultas-3-listas-posteo.json,2830.0,Secuencial B0,6.9141387939453125e-6,10000,false
consultas-2-listas-posteo.json,consultas-3-listas-posteo.json,2830.0,No Acotada B1,0.0,25,false
consultas-2-listas-posteo.json,consultas-3-listas-posteo.json,2830.0,No Acotada B2,0.0,25,false
consultas-2-listas-posteo.json,consultas-3-listas-posteo.json,2830.0,SkipList,0.0,16,false
consultas-2-listas-posteo.json,consultas-3-listas-posteo.json,850.0,Binaria Acotada,0.0,14,false
consultas-2-listas-posteo.json,consultas-3-listas-posteo.json,850.0,Secuencial B0,5.9604644775390625e-6,10000,false
consultas-2-listas-posteo.json,consultas-3-listas-posteo.json,850.0,No Acotada B1,0.0,25,false
consultas-2-listas-posteo.json,consultas-3-listas-posteo.json,850.0,No Acotada B2,0.0,25,false
consultas-2-listas-posteo.json,consultas-3-listas-posteo.json,850.0,SkipList,0.0,16,false
consultas-2-listas-posteo.json,consultas-3-listas-posteo.json,2629.0,Binaria Acotada,0.0,14,false
consultas-2-listas-posteo.json,consultas-3-listas-posteo.json,2629.0,Secuencial B0,5.9604644775390625e-6,10000,false
consultas-2-listas-posteo.json,consultas-3-listas-posteo.json,2629.0,No Acotada B1,0.0,25,false
consultas-2-listas-posteo.json,consultas-3-listas-posteo.json,2629.0,No Acotada B2,0.0,25,false
consultas-2-listas-posteo.json,consultas-3-listas-posteo.json,2629.0,SkipList,1.1920928955078125e-6,16,false
consultas-2-listas-posteo.json,consultas-3-listas-posteo.json,1738.0,Binaria Acotada,0.0,14,false
consultas-2-listas-posteo.json,consultas-3-listas-posteo.json,1738.0,Secuencial B0,6.9141387939453125e-6,10000,false
consultas-2-listas-posteo.json,consultas-3-listas-posteo.json,1738.0,No Acotada B1,0.0,25,false
consultas-2-listas-posteo.json,consultas-3-listas-posteo.json,1738.0,No Acotada B2,9.5367431640625e-7,25,false
consultas-2-listas-posteo.json,consultas-3-listas-posteo.json,1738.0,SkipList,0.0,16,false
consultas-2-listas-posteo.json,consultas-3-listas-posteo.json,268.0,Binaria Acotada,0.0,14,false
consultas-2-listas-posteo.json,consultas-3-listas-posteo.json,268.0,Secuencial B0,6.198883056640625e-6,10000,false
consultas-2-listas-posteo.json,consultas-3-listas-posteo.json,268.0,No Acotada B1,9.5367431640625e-7,25,false
consultas-2-listas-posteo.json,consultas-3-listas-posteo.json,268.0,No Acotada B2,0.0,25,false
consultas-2-listas-posteo.json,consultas-3-listas-posteo.json,268.0,SkipList,0.0,16,false
consultas-2-listas-posteo.json,consultas-3-listas-posteo.json,814.0,Binaria Acotada,0.0,14,false
consultas-2-listas-posteo.json,consultas-3-listas-posteo.json,814.0,Secuencial B0,6.9141387939453125e-6,10000,false
consultas-2-listas-posteo.json,consultas-3-listas-posteo.json,814.0,No Acotada B1,0.0,25,false
consultas-2-listas-posteo.json,consultas-3-listas-posteo.json,814.0,No Acotada B2,0.0,25,false
consultas-2-listas-posteo.json,consultas-3-listas-posteo.json,814.0,SkipList,0.0,16,false
consultas-2-listas-posteo.json,consultas-3-listas-posteo.json,2311.0,Binaria Acotada,0.0,14,false
consultas-2-listas-posteo.json,consultas-3-listas-posteo.json,2311.0,Secuencial B0,5.9604644775390625e-6,10000,false
consultas-2-listas-posteo.json,consultas-3-listas-posteo.json,2311.0,No Acotada B1,0.0,25,false
consultas-2-listas-posteo.json,consultas-3-listas-posteo.json,2311.0,No Acotada B2,0.0,25,false
consultas-2-listas-posteo.json,consultas-3-listas-posteo.json,2311.0,SkipList,0.0,16,false
consultas-2-listas-posteo.json,consultas-3-listas-posteo.json,2434.0,Binaria Acotada,0.0,14,false
consultas-2-listas-posteo.json,consultas-3-listas-posteo.json,2434.0,Secuencial B0,5.9604644775390625e-6,10000,false
consultas-2-listas-posteo.json,consultas-3-listas-posteo.json,2434.0,No Acotada B1,0.0,25,false
consultas-2-listas-posteo.json,consultas-3-listas-posteo.json,2434.0,No Acotada B2,0.0,25,false
consultas-2-listas-posteo.json,consultas-3-listas-posteo.json,2434.0,SkipList,9.5367431640625e-7,16,false
consultas-2-listas-posteo.json,consultas-3-listas-posteo.json,3126.0,Binaria Acotada,0.0,14,false
consultas-2-listas-posteo.json,consultas-3-listas-posteo.json,3126.0,Secuencial B0,6.9141387939453125e-6,10000,false
consultas-2-listas-posteo.json,consultas-3-listas-posteo.json,3126.0,No Acotada B1,0.0,25,false
consultas-2-listas-posteo.json,consultas-3-listas-posteo.json,3126.0,No Acotada B2,0.0,25,false
consultas-2-listas-posteo.json,consultas-3-listas-posteo.json,3126.0,SkipList,0.0,16,false
consultas-2-listas-posteo.json,consultas-3-listas-posteo.json,1856.0,Binaria Acotada,0.0,14,false
consultas-2-listas-posteo.json,consultas-3-listas-posteo.json,1856.0,Secuencial B0,5.9604644775390625e-6,10000,false
consultas-2-listas-posteo.json,consultas-3-listas-posteo.json,1856.0,No Acotada B1,0.0,25,false
consultas-2-listas-posteo.json,consultas-3-listas-posteo.json,1856.0,No Acotada B2,0.0,25,false
consultas-2-listas-posteo.json,consultas-3-listas-posteo.json,1856.0,SkipList,0.0,16,false
consultas-2-listas-posteo.json,consultas-3-listas-posteo.json,1268.0,Binaria Acotada,0.0,14,false
consultas-2-listas-posteo.json,consultas-3-listas-posteo.json,1268.0,Secuencial B0,5.9604644775390625e-6,10000,false
consultas-2-listas-posteo.json,consultas-3-listas-posteo.json,1268.0,No Acotada B1,0.0,25,false
consultas-2-listas-posteo.json,consultas-3-listas-posteo.json,1268.0,No Acotada B2,0.0,25,false
consultas-2-listas-posteo.json,consultas-3-listas-posteo.json,1268.0,SkipList,1.1920928955078125e-6,16,false
consultas-2-listas-posteo.json,consultas-3-listas-posteo.json,683.0,Binaria Acotada,0.0,14,false
consultas-2-listas-posteo.json,consultas-3-listas-posteo.json,683.0,Secuencial B0,6.9141387939453125e-6,10000,false
consultas-2-listas-posteo.json,consultas-3-listas-posteo.json,683.0,No Acotada B1,0.0,25,false
consultas-2-listas-posteo.json,consultas-3-listas-posteo.json,683.0,No Acotada B2,0.0,25,false
consultas-2-listas-posteo.json,consultas-3-listas-posteo.json,683.0,SkipList,0.0,16,false
consultas-2-listas-posteo.json,consultas-3-listas-posteo.json,847.0,Binaria Acotada,0.0,14,false
consultas-2-listas-posteo.json,consultas-3-listas-posteo.json,847.0,Secuencial B0,6.198883056640625e-6,10000,false
consultas-2-listas-posteo.json,consultas-3-listas-posteo.json,847.0,No Acotada B1,9.5367431640625e-7,25,false
consultas-2-listas-posteo.json,consultas-3-listas-posteo.json,847.0,No Acotada B2,0.0,25,false
consultas-2-listas-posteo.json,consultas-3-listas-posteo.json,847.0,SkipList,0.0,16,false
consultas-2-listas-posteo.json,consultas-3-listas-posteo.json,2185.0,Binaria Acotada,0.0,14,false
consultas-2-listas-posteo.json,consultas-3-listas-posteo.json,2185.0,Secuencial B0,5.9604644775390625e-6,10000,false
consultas-2-listas-posteo.json,consultas-3-listas-posteo.json,2185.0,No Acotada B1,0.0,25,false
consultas-2-listas-posteo.json,consultas-3-listas-posteo.json,2185.0,No Acotada B2,0.0,25,false
consultas-2-listas-posteo.json,consultas-3-listas-posteo.json,2185.0,SkipList,0.0,16,false
consultas-2-listas-posteo.json,consultas-3-listas-posteo.json,2832.0,Binaria Acotada,0.0,14,false
consultas-2-listas-posteo.json,consultas-3-listas-posteo.json,2832.0,Secuencial B0,7.152557373046875e-6,10000,false
consultas-2-listas-posteo.json,consultas-3-listas-posteo.json,2832.0,No Acotada B1,0.0,25,false
consultas-2-listas-posteo.json,consultas-3-listas-posteo.json,2832.0,No Acotada B2,9.5367431640625e-7,25,false
consultas-2-listas-posteo.json,consultas-3-listas-posteo.json,2832.0,SkipList,0.0,16,false
consultas-2-listas-posteo.json,consultas-3-listas-posteo.json,2732.0,Binaria Acotada,9.5367431640625e-7,14,false
consultas-2-listas-posteo.json,consultas-3-listas-posteo.json,2732.0,Secuencial B0,5.9604644775390625e-6,10000,false
consultas-2-listas-posteo.json,consultas-3-listas-posteo.json,2732.0,No Acotada B1,0.0,25,false
consultas-2-listas-posteo.json,consultas-3-listas-posteo.json,2732.0,No Acotada B2,0.0,25,false
consultas-2-listas-posteo.json,consultas-3-listas-posteo.json,2732.0,SkipList,0.0,16,false
consultas-2-listas-posteo.json,consultas-3-listas-posteo.json,1221.0,Binaria Acotada,0.0,14,false
consultas-2-listas-posteo.json,consultas-3-listas-posteo.json,1221.0,Secuencial B0,6.9141387939453125e-6,10000,false
consultas-2-listas-posteo.json,consultas-3-listas-posteo.json,1221.0,No Acotada B1,0.0,25,false
consultas-2-listas-posteo.json,consultas-3-listas-posteo.json,1221.0,No Acotada B2,0.0,25,false
consultas-2-listas-posteo.json,consultas-3-listas-posteo.json,1221.0,SkipList,0.0,16,false
consultas-2-listas-posteo.json,consultas-3-listas-posteo.json,409.0,Binaria Acotada,0.0,14,false
consultas-2-listas-posteo.json,consultas-3-listas-posteo.json,409.0,Secuencial B0,7.152557373046875e-6,10000,false
consultas-2-listas-posteo.json,consultas-3-listas-posteo.json,409.0,No Acotada B1,0.0,25,false
consultas-2-listas-posteo.json,consultas-3-listas-posteo.json,409.0,No Acotada B2,0.0,25,false
consultas-2-listas-posteo.json,consultas-3-listas-posteo.json,409.0,SkipList,0.0,16,false
consultas-4-listas-posteo.json,consultas-1-listas-posteo.json,5.0,Binaria Acotada,9.5367431640625e-7,13,false
consultas-4-listas-posteo.json,consultas-1-listas-posteo.json,5.0,Secuencial B0,0.0,1,false
consultas-4-listas-posteo.json,consultas-1-listas-posteo.json,5.0,No Acotada B1,0.0,1,false
consultas-4-listas-posteo.json,consultas-1-listas-posteo.json,5.0,No Acotada B2,0.0,1,false
consultas-4-listas-posteo.json,consultas-1-listas-posteo.json,5.0,SkipList,2.1457672119140625e-6,16,false
consultas-4-listas-posteo.json,consultas-1-listas-posteo.json,12.0,Binaria Acotada,9.5367431640625e-7,13,false
consultas-4-listas-posteo.json,consultas-1-listas-posteo.json,12.0,Secuencial B0,0.0,3,false
consultas-4-listas-posteo.json,consultas-1-listas-posteo.json,12.0,No Acotada B1,0.0,4,false
consultas-4-listas-posteo.json,consultas-1-listas-posteo.json,12.0,No Acotada B2,0.0,4,false
consultas-4-listas-posteo.json,consultas-1-listas-posteo.json,12.0,SkipList,9.5367431640625e-7,17,false
consultas-4-listas-posteo.json,consultas-1-listas-posteo.json,3.0,Binaria Acotada,0.0,13,false
consultas-4-listas-posteo.json,consultas-1-listas-posteo.json,3.0,Secuencial B0,0.0,1,false
consultas-4-listas-posteo.json,consultas-1-listas-posteo.json,3.0,No Acotada B1,0.0,1,false
consultas-4-listas-posteo.json,consultas-1-listas-posteo.json,3.0,No Acotada B2,0.0,1,false
consultas-4-listas-posteo.json,consultas-1-listas-posteo.json,3.0,SkipList,1.1920928955078125e-6,16,false
consultas-4-listas-posteo.json,consultas-1-listas-posteo.json,2.0,Binaria Acotada,0.0,13,false
consultas-4-listas-posteo.json,consultas-1-listas-posteo.json,2.0,Secuencial B0,9.5367431640625e-7,1,false
consultas-4-listas-posteo.json,consultas-1-listas-posteo.json,2.0,No Acotada B1,0.0,1,false
consultas-4-listas-posteo.json,consultas-1-listas-posteo.json,2.0,No Acotada B2,0.0,1,false
consultas-4-listas-posteo.json,consultas-1-listas-posteo.json,2.0,SkipList,9.5367431640625e-7,16,false
consultas-4-listas-posteo.json,consultas-1-listas-posteo.json,4.0,Binaria Acotada,0.0,13,false
consultas-4-listas-posteo.json,consultas-1-listas-posteo.json,4.0,Secuencial B0,0.0,1,false
consultas-4-listas-posteo.json,consultas-1-listas-posteo.json,4.0,No Acotada B1,0.0,1,false
consultas-4-listas-posteo.json,consultas-1-listas-posteo.json,4.0,No Acotada B2,0.0,1,false
consultas-4-listas-posteo.json,consultas-1-listas-posteo.json,4.0,SkipList,9.5367431640625e-7,16,false
consultas-4-listas-posteo.json,consultas-1-listas-posteo.json,3.0,Binaria Acotada,0.0,13,false
consultas-4-listas-posteo.json,consultas-1-listas-posteo.json,3.0,Secuencial B0,0.0,1,false
consultas-4-listas-posteo.json,consultas-1-listas-posteo.json,3.0,No Acotada B1,0.0,1,false
consultas-4-listas-posteo.json,consultas-1-listas-posteo.json,3.0,No Acotada B2,0.0,1,false
consultas-4-listas-posteo.json,consultas-1-listas-posteo.json,3.0,SkipList,9.5367431640625e-7,16,false
consultas-4-listas-posteo.json,consultas-1-listas-posteo.json,15.0,Binaria Acotada,0.0,13,false
consultas-4-listas-posteo.json,consultas-1-listas-posteo.json,15.0,Secuencial B0,0.0,5,false
consultas-4-listas-posteo.json,consultas-1-listas-posteo.json,15.0,No Acotada B1,0.0,6,false
consultas-4-listas-posteo.json,consultas-1-listas-posteo.json,15.0,No Acotada B2,0.0,6,false
consultas-4-listas-posteo.json,consultas-1-listas-posteo.json,15.0,SkipList,9.5367431640625e-7,19,false
consultas-4-listas-posteo.json,consultas-1-listas-posteo.json,1.0,Binaria Acotada,0.0,13,false
consultas-4-listas-posteo.json,consultas-1-listas-posteo.json,1.0,Secuencial B0,9.5367431640625e-7,1,false
consultas-4-listas-posteo.json,consultas-1-listas-posteo.json,1.0,No Acotada B1,0.0,1,false
consultas-4-listas-posteo.json,consultas-1-listas-posteo.json,1.0,No Acotada B2,0.0,1,false
consultas-4-listas-posteo.json,consultas-1-listas-posteo.json,1.0,SkipList,1.1920928955078125e-6,16,false
consultas-4-listas-posteo.json,consultas-1-listas-posteo.json,4.0,Binaria Acotada,0.0,13,false
consultas-4-listas-posteo.json,consultas-1-listas-posteo.json,4.0,Secuencial B0,0.0,1,false
consultas-4-listas-posteo.json,consultas-1-listas-posteo.json,4.0,No Acotada B1,0.0,1,false
consultas-4-listas-posteo.json,consultas-1-listas-posteo.json,4.0,No Acotada B2,0.0,1,false
consultas-4-listas-posteo.json,consultas-1-listas-posteo.json,4.0,SkipList,0.0,16,false
consultas-4-listas-posteo.json,consultas-1-listas-posteo.json,14.0,Binaria Acotada,0.0,11,true
consultas-4-listas-posteo.json,consultas-1-listas-posteo.json,14.0,Secuencial B0,9.5367431640625e-7,4,true
consultas-4-listas-posteo.json,consultas-1-listas-posteo.json,14.0,No Acotada B1,0.0,4,true
consultas-4-listas-posteo.json,consultas-1-listas-posteo.json,14.0,No Acotada B2,0.0,4,true
consultas-4-listas-posteo.json,consultas-1-listas-posteo.json,14.0,SkipList,0.0,18,true
consultas-4-listas-posteo.json,consultas-1-listas-posteo.json,5.0,Binaria Acotada,0.0,13,false
consultas-4-listas-posteo.json,consultas-1-listas-posteo.json,5.0,Secuencial B0,0.0,1,false
consultas-4-listas-posteo.json,consultas-1-listas-posteo.json,5.0,No Acotada B1,0.0,1,false
consultas-4-listas-posteo.json,consultas-1-listas-posteo.json,5.0,No Acotada B2,0.0,1,false
consultas-4-listas-posteo.json,consultas-1-listas-posteo.json,5.0,SkipList,0.0,16,false
consultas-4-listas-posteo.json,consultas-1-listas-posteo.json,3.0,Binaria Acotada,9.5367431640625e-7,13,false
consultas-4-listas-posteo.json,consultas-1-listas-posteo.json,3.0,Secuencial B0,0.0,1,false
consultas-4-listas-posteo.json,consultas-1-listas-posteo.json,3.0,No Acotada B1,0.0,1,false
consultas-4-listas-posteo.json,consultas-1-listas-posteo.json,3.0,No Acotada B2,9.5367431640625e-7,1,false
consultas-4-listas-posteo.json,consultas-1-listas-posteo.json,3.0,SkipList,0.0,16,false
consultas-4-listas-posteo.json,consultas-1-listas-posteo.json,14.0,Binaria Acotada,0.0,11,true
consultas-4-listas-posteo.json,consultas-1-listas-posteo.json,14.0,Secuencial B0,0.0,4,true
consultas-4-listas-posteo.json,consultas-1-listas-posteo.json,14.0,No Acotada B1,0.0,4,true
consultas-4-listas-posteo.json,consultas-1-listas-posteo.json,14.0,No Acotada B2,1.1920928955078125e-6,4,true
consultas-4-listas-posteo.json,consultas-1-listas-posteo.json,14.0,SkipList,0.0,18,true
consultas-4-listas-posteo.json,consultas-1-listas-posteo.json,9.0,Binaria Acotada,9.5367431640625e-7,12,true
consultas-4-listas-posteo.json,consultas-1-listas-posteo.json,9.0,Secuencial B0,0.0,2,true
consultas-4-listas-posteo.json,consultas-1-listas-posteo.json,9.0,No Acotada B1,0.0,3,true
consultas-4-listas-posteo.json,consultas-1-listas-posteo.json,9.0,No Acotada B2,0.0,3,true
consultas-4-listas-posteo.json,consultas-1-listas-posteo.json,9.0,SkipList,9.5367431640625e-7,17,true
consultas-4-listas-posteo.json,consultas-1-listas-posteo.json,3.0,Binaria Acotada,0.0,13,false
consultas-4-listas-posteo.json,consultas-1-listas-posteo.json,3.0,Secuencial B0,0.0,1,false
consultas-4-listas-posteo.json,consultas-1-listas-posteo.json,3.0,No Acotada B1,0.0,1,false
consultas-4-listas-posteo.json,consultas-1-listas-posteo.json,3.0,No Acotada B2,0.0,1,false
consultas-4-listas-posteo.json,consultas-1-listas-posteo.json,3.0,SkipList,0.0,16,false
consultas-4-listas-posteo.json,consultas-1-listas-posteo.json,4.0,Binaria Acotada,0.0,13,false
consultas-4-listas-posteo.json,consultas-1-listas-posteo.json,4.0,Secuencial B0,0.0,1,false
consultas-4-listas-posteo.json,consultas-1-listas-posteo.json,4.0,No Acotada B1,0.0,1,false
consultas-4-listas-posteo.json,consultas-1-listas-posteo.json,4.0,No Acotada B2,0.0,1,false
consultas-4-listas-posteo.json,consultas-1-listas-posteo.json,4.0,SkipList,0.0,16,false
consultas-4-listas-posteo.json,consultas-1-listas-posteo.json,1.0,Binaria Acotada,0.0,13,false
consultas-4-listas-posteo.json,consultas-1-listas-posteo.json,1.0,Secuencial B0,0.0,1,false
consultas-4-listas-posteo.json,consultas-1-listas-posteo.json,1.0,No Acotada B1,0.0,1,false
consultas-4-listas-posteo.json,consultas-1-listas-posteo.json,1.0,No Acotada B2,0.0,1,false
consultas-4-listas-posteo.json,consultas-1-listas-posteo.json,1.0,SkipList,0.0,16,false
consultas-4-listas-posteo.json,consultas-1-listas-posteo.json,12.0,Binaria Acotada,9.5367431640625e-7,13,false
consultas-4-listas-posteo.json,consultas-1-listas-posteo.json,12.0,Secuencial B0,0.0,3,false
consultas-4-listas-posteo.json,consultas-1-listas-posteo.json,12.0,No Acotada B1,0.0,4,false
consultas-4-listas-posteo.json,consultas-1-listas-posteo.json,12.0,No Acotada B2,0.0,4,false
consultas-4-listas-posteo.json,consultas-1-listas-posteo.json,12.0,SkipList,0.0,17,false
consultas-4-listas-posteo.json,consultas-1-listas-posteo.json,13.0,Binaria Acotada,0.0,13,true
consultas-4-listas-posteo.json,consultas-1-listas-posteo.json,13.0,Secuencial B0,0.0,3,true
consultas-4-listas-posteo.json,consultas-1-listas-posteo.json,13.0,No Acotada B1,0.0,3,true
consultas-4-listas-posteo.json,consultas-1-listas-posteo.json,13.0,No Acotada B2,0.0,3,true
consultas-4-listas-posteo.json,consultas-1-listas-posteo.json,13.0,SkipList,0.0,17,true
consultas-4-listas-posteo.json,consultas-1-listas-posteo.json,5.0,Binaria Acotada,9.5367431640625e-7,13,false
consultas-4-listas-posteo.json,consultas-1-listas-posteo.json,5.0,Secuencial B0,0.0,1,false
consultas-4-listas-posteo.json,consultas-1-listas-posteo.json,5.0,No Acotada B1,0.0,1,false
consultas-4-listas-posteo.json,consultas-1-listas-posteo.json,5.0,No Acotada B2,0.0,1,false
consultas-4-listas-posteo.json,consultas-1-listas-posteo.json,5.0,SkipList,0.0,16,false
consultas-4-listas-posteo.json,consultas-1-listas-posteo.json,15.0,Binaria Acotada,0.0,13,false
consultas-4-listas-posteo.json,consultas-1-listas-posteo.json,15.0,Secuencial B0,0.0,5,false
consultas-4-listas-posteo.json,consultas-1-listas-posteo.json,15.0,No Acotada B1,0.0,6,false
consultas-4-listas-posteo.json,consultas-1-listas-posteo.json,15.0,No Acotada B2,0.0,6,false
consultas-4-listas-posteo.json,consultas-1-listas-posteo.json,15.0,SkipList,0.0,19,false
consultas-4-listas-posteo.json,consultas-1-listas-posteo.json,10.0,Binaria Acotada,0.0,13,false
consultas-4-listas-posteo.json,consultas-1-listas-posteo.json,10.0,Secuencial B0,0.0,3,false
consultas-4-listas-posteo.json,consultas-1-listas-posteo.json,10.0,No Acotada B1,9.5367431640625e-7,4,false
consultas-4-listas-posteo.json,consultas-1-listas-posteo.json,10.0,No Acotada B2,0.0,4,false
consultas-4-listas-posteo.json,consultas-1-listas-posteo.json,10.0,SkipList,0.0,17,false
consultas-4-listas-posteo.json,consultas-1-listas-posteo.json,10.0,Binaria Acotada,0.0,13,false
consultas-4-listas-posteo.json,consultas-1-listas-posteo.json,10.0,Secuencial B0,0.0,3,false
consultas-4-listas-posteo.json,consultas-1-listas-posteo.json,10.0,No Acotada B1,0.0,4,false
consultas-4-listas-posteo.json,consultas-1-listas-posteo.json,10.0,No Acotada B2,0.0,4,false
consultas-4-listas-posteo.json,consultas-1-listas-posteo.json,10.0,SkipList,0.0,17,false
consultas-4-listas-posteo.json,consultas-1-listas-posteo.json,2.0,Binaria Acotada,0.0,13,false
consultas-4-listas-posteo.json,consultas-1-listas-posteo.json,2.0,Secuencial B0,0.0,1,false
consultas-4-listas-posteo.json,consultas-1-listas-posteo.json,2.0,No Acotada B1,9.5367431640625e-7,1,false
consultas-4-listas-posteo.json,consultas-1-listas-posteo.json,2.0,No Acotada B2,0.0,1,false
consultas-4-listas-posteo.json,consultas-1-listas-posteo.json,2.0,SkipList,0.0,16,false
consultas-4-listas-posteo.json,consultas-1-listas-posteo.json,8.0,Binaria Acotada,0.0,13,false
consultas-4-listas-posteo.json,consultas-1-listas-posteo.json,8.0,Secuencial B0,0.0,2,false
consultas-4-listas-posteo.json,consultas-1-listas-posteo.json,8.0,No Acotada B1,9.5367431640625e-7,3,false
consultas-4-listas-posteo.json,consultas-1-listas-posteo.json,8.0,No Acotada B2,0.0,3,false
consultas-4-listas-posteo.json,consultas-1-listas-posteo.json,8.0,SkipList,0.0,17,false
consultas-4-listas-posteo.json,consultas-1-listas-posteo.json,9.0,Binaria Acotada,0.0,12,true
consultas-4-listas-posteo.json,consultas-1-listas-posteo.json,9.0,Secuencial B0,0.0,2,true
consultas-4-listas-posteo.json,consultas-1-listas-posteo.json,9.0,No Acotada B1,9.5367431640625e-7,3,true
consultas-4-listas-posteo.json,consultas-1-listas-posteo.json,9.0,No Acotada B2,0.0,3,true
consultas-4-listas-posteo.json,consultas-1-listas-posteo.json,9.0,SkipList,0.0,17,true
consultas-4-listas-posteo.json,consultas-1-listas-posteo.json,2.0,Binaria Acotada,0.0,13,false
consultas-4-listas-posteo.json,consultas-1-listas-posteo.json,2.0,Secuencial B0,0.0,1,false
consultas-4-listas-posteo.json,consultas-1-listas-posteo.json,2.0,No Acotada B1,9.5367431640625e-7,1,false
consultas-4-listas-posteo.json,consultas-1-listas-posteo.json,2.0,No Acotada B2,0.0,1,false
consultas-4-listas-posteo.json,consultas-1-listas-posteo.json,2.0,SkipList,0.0,16,false
consultas-4-listas-posteo.json,consultas-1-listas-posteo.json,6.0,Binaria Acotada,0.0,13,false
consultas-4-listas-posteo.json,consultas-1-listas-posteo.json,6.0,Secuencial B0,0.0,1,false
consultas-4-listas-posteo.json,consultas-1-listas-posteo.json,6.0,No Acotada B1,0.0,1,false
consultas-4-listas-posteo.json,consultas-1-listas-posteo.json,6.0,No Acotada B2,0.0,1,false
consultas-4-listas-posteo.json,consultas-1-listas-posteo.json,6.0,SkipList,0.0,16,false
consultas-4-listas-posteo.json,consultas-1-listas-posteo.json,7.0,Binaria Acotada,0.0,13,true
consultas-4-listas-posteo.json,consultas-1-listas-posteo.json,7.0,Secuencial B0,0.0,1,true
consultas-4-listas-posteo.json,consultas-1-listas-posteo.json,7.0,No Acotada B1,0.0,1,true
consultas-4-listas-posteo.json,consultas-1-listas-posteo.json,7.0,No Acotada B2,0.0,1,true
consultas-4-listas-posteo.json,consultas-1-listas-posteo.json,7.0,SkipList,0.0,16,true
consultas-4-listas-posteo.json,consultas-1-listas-posteo.json,9.0,Binaria Acotada,0.0,12,true
consultas-4-listas-posteo.json,consultas-1-listas-posteo.json,9.0,Secuencial B0,0.0,2,true
consultas-4-listas-posteo.json,consultas-1-listas-posteo.json,9.0,No Acotada B1,0.0,3,true
consultas-4-listas-posteo.json,consultas-1-listas-posteo.json,9.0,No Acotada B2,0.0,3,true
consultas-4-listas-posteo.json,consultas-1-listas-posteo.json,9.0,SkipList,0.0,17,true
consultas-4-listas-posteo.json,consultas-1-listas-posteo.json,16.0,Binaria Acotada,0.0,13,false
consultas-4-listas-posteo.json,consultas-1-listas-posteo.json,16.0,Secuencial B0,1.1920928955078125e-6,5,false
consultas-4-listas-posteo.json,consultas-1-listas-posteo.json,16.0,No Acotada B1,0.0,6,false
consultas-4-listas-posteo.json,consultas-1-listas-posteo.json,16.0,No Acotada B2,0.0,6,false
consultas-4-listas-posteo.json,consultas-1-listas-posteo.json,16.0,SkipList,0.0,19,false
consultas-4-listas-posteo.json,consultas-1-listas-posteo.json,5.0,Binaria Acotada,0.0,13,false
consultas-4-listas-posteo.json,consultas-1-listas-posteo.json,5.0,Secuencial B0,0.0,1,false
consultas-4-listas-posteo.json,consultas-1-listas-posteo.json,5.0,No Acotada B1,0.0,1,false
consultas-4-listas-posteo.json,consultas-1-listas-posteo.json,5.0,No Acotada B2,0.0,1,false
consultas-4-listas-posteo.json,consultas-1-listas-posteo.json,5.0,SkipList,0.0,16,false
consultas-4-listas-posteo.json,consultas-1-listas-posteo.json,15.0,Binaria Acotada,0.0,13,false
consultas-4-listas-posteo.json,consultas-1-listas-posteo.json,15.0,Secuencial B0,9.5367431640625e-7,5,false
consultas-4-listas-posteo.json,consultas-1-listas-posteo.json,15.0,No Acotada B1,0.0,6,false
consultas-4-listas-posteo.json,consultas-1-listas-posteo.json,15.0,No Acotada B2,0.0,6,false
consultas-4-listas-posteo.json,consultas-1-listas-posteo.json,15.0,SkipList,0.0,19,false
consultas-4-listas-posteo.json,consultas-1-listas-posteo.json,10.0,Binaria Acotada,0.0,13,false
consultas-4-listas-posteo.json,consultas-1-listas-posteo.json,10.0,Secuencial B0,9.5367431640625e-7,3,false
consultas-4-listas-posteo.json,consultas-1-listas-posteo.json,10.0,No Acotada B1,0.0,4,false
consultas-4-listas-posteo.json,consultas-1-listas-posteo.json,10.0,No Acotada B2,0.0,4,false
consultas-4-listas-posteo.json,consultas-1-listas-posteo.json,10.0,SkipList,0.0,17,false
consultas-4-listas-posteo.json,consultas-1-listas-posteo.json,12.0,Binaria Acotada,0.0,13,false
consultas-4-listas-posteo.json,consultas-1-listas-posteo.json,12.0,Secuencial B0,9.5367431640625e-7,3,false
consultas-4-listas-posteo.json,consultas-1-listas-posteo.json,12.0,No Acotada B1,0.0,4,false
consultas-4-listas-posteo.json,consultas-1-listas-posteo.json,12.0,No Acotada B2,0.0,4,false
consultas-4-listas-posteo.json,consultas-1-listas-posteo.json,12.0,SkipList,0.0,17,false
consultas-4-listas-posteo.json,consultas-1-listas-posteo.json,10.0,Binaria Acotada,0.0,13,false
consultas-4-listas-posteo.json,consultas-1-listas-posteo.json,10.0,Secuencial B0,1.1920928955078125e-6,3,false
consultas-4-listas-posteo.json,consultas-1-listas-posteo.json,10.0,No Acotada B1,0.0,4,false
consultas-4-listas-posteo.json,consultas-1-listas-posteo.json,10.0,No Acotada B2,0.0,4,false
consultas-4-listas-posteo.json,consultas-1-listas-posteo.json,10.0,SkipList,0.0,17,false
consultas-4-listas-posteo.json,consultas-1-listas-posteo.json,11.0,Binaria Acotada,0.0,13,false
consultas-4-listas-posteo.json,consultas-1-listas-posteo.json,11.0,Secuencial B0,0.0,3,false
consultas-4-listas-posteo.json,consultas-1-listas-posteo.json,11.0,No Acotada B1,0.0,4,false
consultas-4-listas-posteo.json,consultas-1-listas-posteo.json,11.0,No Acotada B2,0.0,4,false
consultas-4-listas-posteo.json,consultas-1-listas-posteo.json,11.0,SkipList,9.5367431640625e-7,17,false
consultas-4-listas-posteo.json,consultas-1-listas-posteo.json,11.0,Binaria Acotada,0.0,13,false
consultas-4-listas-posteo.json,consultas-1-listas-posteo.json,11.0,Secuencial B0,0.0,3,false
consultas-4-listas-posteo.json,consultas-1-listas-posteo.json,11.0,No Acotada B1,0.0,4,false
consultas-4-listas-posteo.json,consultas-1-listas-posteo.json,11.0,No Acotada B2,0.0,4,false
consultas-4-listas-posteo.json,consultas-1-listas-posteo.json,11.0,SkipList,1.1920928955078125e-6,17,false
consultas-4-listas-posteo.json,consultas-1-listas-posteo.json,12.0,Binaria Acotada,0.0,13,false
consultas-4-listas-posteo.json,consultas-1-listas-posteo.json,12.0,Secuencial B0,0.0,3,false
consultas-4-listas-posteo.json,consultas-1-listas-posteo.json,12.0,No Acotada B1,0.0,4,false
consultas-4-listas-posteo.json,consultas-1-listas-posteo.json,12.0,No Acotada B2,0.0,4,false
consultas-4-listas-posteo.json,consultas-1-listas-posteo.json,12.0,SkipList,9.5367431640625e-7,17,false
consultas-4-listas-posteo.json,consultas-1-listas-posteo.json,13.0,Binaria Acotada,0.0,13,true
consultas-4-listas-posteo.json,consultas-1-listas-posteo.json,13.0,Secuencial B0,0.0,3,true
consultas-4-listas-posteo.json,consultas-1-listas-posteo.json,13.0,No Acotada B1,0.0,3,true
consultas-4-listas-posteo.json,consultas-1-listas-posteo.json,13.0,No Acotada B2,0.0,3,true
consultas-4-listas-posteo.json,consultas-1-listas-posteo.json,13.0,SkipList,9.5367431640625e-7,17,true
consultas-4-listas-posteo.json,consultas-1-listas-posteo.json,11.0,Binaria Acotada,0.0,13,false
consultas-4-listas-posteo.json,consultas-1-listas-posteo.json,11.0,Secuencial B0,0.0,3,false
consultas-4-listas-posteo.json,consultas-1-listas-posteo.json,11.0,No Acotada B1,0.0,4,false
consultas-4-listas-posteo.json,consultas-1-listas-posteo.json,11.0,No Acotada B2,0.0,4,false
consultas-4-listas-posteo.json,consultas-1-listas-posteo.json,11.0,SkipList,9.5367431640625e-7,17,false
consultas-4-listas-posteo.json,consultas-1-listas-posteo.json,12.0,Binaria Acotada,0.0,13,false
consultas-4-listas-posteo.json,consultas-1-listas-posteo.json,12.0,Secuencial B0,0.0,3,false
consultas-4-listas-posteo.json,consultas-1-listas-posteo.json,12.0,No Acotada B1,0.0,4,false
consultas-4-listas-posteo.json,consultas-1-listas-posteo.json,12.0,No Acotada B2,0.0,4,false
consultas-4-listas-posteo.json,consultas-1-listas-posteo.json,12.0,SkipList,0.0,17,false
consultas-4-listas-posteo.json,consultas-1-listas-posteo.json,3.0,Binaria Acotada,0.0,13,false
consultas-4-listas-posteo.json,consultas-1-listas-posteo.json,3.0,Secuencial B0,0.0,1,false
consultas-4-listas-posteo.json,consultas-1-listas-posteo.json,3.0,No Acotada B1,9.5367431640625e-7,1,false
consultas-4-listas-posteo.json,consultas-1-listas-posteo.json,3.0,No Acotada B2,0.0,1,false
consultas-4-listas-posteo.json,consultas-1-listas-posteo.json,3.0,SkipList,0.0,16,false
consultas-4-listas-posteo.json,consultas-1-listas-posteo.json,6.0,Binaria Acotada,0.0,13,false
consultas-4-listas-posteo.json,consultas-1-listas-posteo.json,6.0,Secuencial B0,0.0,1,false
consultas-4-listas-posteo.json,consultas-1-listas-posteo.json,6.0,No Acotada B1,0.0,1,false
consultas-4-listas-posteo.json,consultas-1-listas-posteo.json,6.0,No Acotada B2,0.0,1,false
consultas-4-listas-posteo.json,consultas-1-listas-posteo.json,6.0,SkipList,0.0,16,false
consultas-4-listas-posteo.json,consultas-1-listas-posteo.json,1.0,Binaria Acotada,0.0,13,false
consultas-4-listas-posteo.json,consultas-1-listas-posteo.json,1.0,Secuencial B0,0.0,1,false
consultas-4-listas-posteo.json,consultas-1-listas-posteo.json,1.0,No Acotada B1,9.5367431640625e-7,1,false
consultas-4-listas-posteo.json,consultas-1-listas-posteo.json,1.0,No Acotada B2,0.0,1,false
consultas-4-listas-posteo.json,consultas-1-listas-posteo.json,1.0,SkipList,0.0,16,false
consultas-4-listas-posteo.json,consultas-1-listas-posteo.json,11.0,Binaria Acotada,0.0,13,false
consultas-4-listas-posteo.json,consultas-1-listas-posteo.json,11.0,Secuencial B0,0.0,3,false
consultas-4-listas-posteo.json,consultas-1-listas-posteo.json,11.0,No Acotada B1,0.0,4,false
consultas-4-listas-posteo.json,consultas-1-listas-posteo.json,11.0,No Acotada B2,0.0,4,false
consultas-4-listas-posteo.json,consultas-1-listas-posteo.json,11.0,SkipList,0.0,17,false
consultas-4-listas-posteo.json,consultas-1-listas-posteo.json,7.0,Binaria Acotada,0.0,13,true
consultas-4-listas-posteo.json,consultas-1-listas-posteo.json,7.0,Secuencial B0,0.0,1,true
consultas-4-listas-posteo.json,consultas-1-listas-posteo.json,7.0,No Acotada B1,0.0,1,true
consultas-4-listas-posteo.json,consultas-1-listas-posteo.json,7.0,No Acotada B2,0.0,1,true
consultas-4-listas-posteo.json,consultas-1-listas-posteo.json,7.0,SkipList,0.0,16,true
consultas-4-listas-posteo.json,consultas-1-listas-posteo.json,8.0,Binaria Acotada,0.0,13,false
consultas-4-listas-posteo.json,consultas-1-listas-posteo.json,8.0,Secuencial B0,0.0,2,false
consultas-4-listas-posteo.json,consultas-1-listas-posteo.json,8.0,No Acotada B1,9.5367431640625e-7,3,false
consultas-4-listas-posteo.json,consultas-1-listas-posteo.json,8.0,No Acotada B2,0.0,3,false
consultas-4-listas-posteo.json,consultas-1-listas-posteo.json,8.0,SkipList,0.0,17,false
consultas-4-listas-posteo.json,consultas-1-listas-posteo.json,2.0,Binaria Acotada,0.0,13,false
consultas-4-listas-posteo.json,consultas-1-listas-posteo.json,2.0,Secuencial B0,0.0,1,false
consultas-4-listas-posteo.json,consultas-1-listas-posteo.json,2.0,No Acotada B1,0.0,1,false
consultas-4-listas-posteo.json,consultas-1-listas-posteo.json,2.0,No Acotada B2,0.0,1,false
consultas-4-listas-posteo.json,consultas-1-listas-posteo.json,2.0,SkipList,0.0,16,false
consultas-4-listas-posteo.json,consultas-1-listas-posteo.json,16.0,Binaria Acotada,0.0,13,false
consultas-4-listas-posteo.json,consultas-1-listas-posteo.json,16.0,Secuencial B0,0.0,5,false
consultas-4-listas-posteo.json,consultas-1-listas-posteo.json,16.0,No Acotada B1,0.0,6,false
consultas-4-listas-posteo.json,consultas-1-listas-posteo.json,16.0,No Acotada B2,0.0,6,false
consultas-4-listas-posteo.json,consultas-1-listas-posteo.json,16.0,SkipList,0.0,19,false
consultas-4-listas-posteo.json,consultas-1-listas-posteo.json,1.0,Binaria Acotada,0.0,13,false
consultas-4-listas-posteo.json,consultas-1-listas-posteo.json,1.0,Secuencial B0,0.0,1,false
consultas-4-listas-posteo.json,consultas-1-listas-posteo.json,1.0,No Acotada B1,0.0,1,false
consultas-4-listas-posteo.json,consultas-1-listas-posteo.json,1.0,No Acotada B2,0.0,1,false
consultas-4-listas-posteo.json,consultas-1-listas-posteo.json,1.0,SkipList,1.1920928955078125e-6,16,false
consultas-4-listas-posteo.json,consultas-1-listas-posteo.json,4.0,Binaria Acotada,0.0,13,false
consultas-4-listas-posteo.json,consultas-1-listas-posteo.json,4.0,Secuencial B0,0.0,1,false
consultas-4-listas-posteo.json,consultas-1-listas-posteo.json,4.0,No Acotada B1,0.0,1,false
consultas-4-listas-posteo.json,consultas-1-listas-posteo.json,4.0,No Acotada B2,0.0,1,false
consultas-4-listas-posteo.json,consultas-1-listas-posteo.json,4.0,SkipList,0.0,16,false
consultas-4-listas-posteo.json,consultas-1-listas-posteo.json,1.0,Binaria Acotada,0.0,13,false
consultas-4-listas-posteo.json,consultas-1-listas-posteo.json,1.0,Secuencial B0,0.0,1,false
consultas-4-listas-posteo.json,consultas-1-listas-posteo.json,1.0,No Acotada B1,0.0,1,false
consultas-4-listas-posteo.json,consultas-1-listas-posteo.json,1.0,No Acotada B2,0.0,1,false
consultas-4-listas-posteo.json,consultas-1-listas-posteo.json,1.0,SkipList,0.0,16,false
consultas-4-listas-posteo.json,consultas-1-listas-posteo.json,8.0,Binaria Acotada,0.0,13,false
consultas-4-listas-posteo.json,consultas-1-listas-posteo.json,8.0,Secuencial B0,0.0,2,false
consultas-4-listas-posteo.json,consultas-1-listas-posteo.json,8.0,No Acotada B1,0.0,3,false
consultas-4-listas-posteo.json,consultas-1-listas-posteo.json,8.0,No Acotada B2,0.0,3,false
consultas-4-listas-posteo.json,consultas-1-listas-posteo.json,8.0,SkipList,0.0,17,false
consultas-4-listas-posteo.json,consultas-1-listas-posteo.json,5.0,Binaria Acotada,0.0,13,false
consultas-4-listas-posteo.json,consultas-1-listas-posteo.json,5.0,Secuencial B0,0.0,1,false
consultas-4-listas-posteo.json,consultas-1-listas-posteo.json,5.0,No Acotada B1,0.0,1,false
consultas-4-listas-posteo.json,consultas-1-listas-posteo.json,5.0,No Acotada B2,0.0,1,false
consultas-4-listas-posteo.json,consultas-1-listas-posteo.json,5.0,SkipList,0.0,16,false
consultas-4-listas-posteo.json,consultas-1-listas-posteo.json,12.0,Binaria Acotada,0.0,13,false
consultas-4-listas-posteo.json,consultas-1-listas-posteo.json,12.0,Secuencial B0,0.0,3,false
consultas-4-listas-posteo.json,consultas-1-listas-posteo.json,12.0,No Acotada B1,0.0,4,false
consultas-4-listas-posteo.json,consultas-1-listas-posteo.json,12.0,No Acotada B2,0.0,4,false
consultas-4-listas-posteo.json,consultas-1-listas-posteo.json,12.0,SkipList,0.0,17,false
consultas-4-listas-posteo.json,consultas-1-listas-posteo.json,6.0,Binaria Acotada,1.1920928955078125e-6,13,false
consultas-4-listas-posteo.json,consultas-1-listas-posteo.json,6.0,Secuencial B0,0.0,1,false
consultas-4-listas-posteo.json,consultas-1-listas-posteo.json,6.0,No Acotada B1,0.0,1,false
consultas-4-listas-posteo.json,consultas-1-listas-posteo.json,6.0,No Acotada B2,9.5367431640625e-7,1,false
consultas-4-listas-posteo.json,consultas-1-listas-posteo.json,6.0,SkipList,0.0,16,false
consultas-4-listas-posteo.json,consultas-1-listas-posteo.json,5.0,Binaria Acotada,0.0,13,false
consultas-4-listas-posteo.json,consultas-1-listas-posteo.json,5.0,Secuencial B0,0.0,1,false
consultas-4-listas-posteo.json,consultas-1-listas-posteo.json,5.0,No Acotada B1,0.0,1,false
consultas-4-listas-posteo.json,consultas-1-listas-posteo.json,5.0,No Acotada B2,0.0,1,false
consultas-4-listas-posteo.json,consultas-1-listas-posteo.json,5.0,SkipList,0.0,16,false
consultas-4-listas-posteo.json,consultas-1-listas-posteo.json,13.0,Binaria Acotada,0.0,13,true
consultas-4-listas-posteo.json,consultas-1-listas-posteo.json,13.0,Secuencial B0,0.0,3,true
consultas-4-listas-posteo.json,consultas-1-listas-posteo.json,13.0,No Acotada B1,0.0,3,true
consultas-4-listas-posteo.json,consultas-1-listas-posteo.json,13.0,No Acotada B2,0.0,3,true
consultas-4-listas-posteo.json,consultas-1-listas-posteo.json,13.0,SkipList,0.0,17,true
consultas-4-listas-posteo.json,consultas-1-listas-posteo.json,12.0,Binaria Acotada,0.0,13,false
consultas-4-listas-posteo.json,consultas-1-listas-posteo.json,12.0,Secuencial B0,0.0,3,false
consultas-4-listas-posteo.json,consultas-1-listas-posteo.json,12.0,No Acotada B1,0.0,4,false
consultas-4-listas-posteo.json,consultas-1-listas-posteo.json,12.0,No Acotada B2,0.0,4,false
consultas-4-listas-posteo.json,consultas-1-listas-posteo.json,12.0,SkipList,0.0,17,false
consultas-4-listas-posteo.json,consultas-1-listas-posteo.json,10.0,Binaria Acotada,0.0,13,false
consultas-4-listas-posteo.json,consultas-1-listas-posteo.json,10.0,Secuencial B0,0.0,3,false
consultas-4-listas-posteo.json,consultas-1-listas-posteo.json,10.0,No Acotada B1,0.0,4,false
consultas-4-listas-posteo.json,consultas-1-listas-posteo.json,10.0,No Acotada B2,9.5367431640625e-7,4,false
consultas-4-listas-posteo.json,consultas-1-listas-posteo.json,10.0,SkipList,0.0,17,false
consultas-4-listas-posteo.json,consultas-1-listas-posteo.json,2.0,Binaria Acotada,0.0,13,false
consultas-4-listas-posteo.json,consultas-1-listas-posteo.json,2.0,Secuencial B0,0.0,1,false
consultas-4-listas-posteo.json,consultas-1-listas-posteo.json,2.0,No Acotada B1,0.0,1,false
consultas-4-listas-posteo.json,consultas-1-listas-posteo.json,2.0,No Acotada B2,0.0,1,false
consultas-4-listas-posteo.json,consultas-1-listas-posteo.json,2.0,SkipList,0.0,16,false
consultas-4-listas-posteo.json,consultas-1-listas-posteo.json,5.0,Binaria Acotada,0.0,13,false
consultas-4-listas-posteo.json,consultas-1-listas-posteo.json,5.0,Secuencial B0,0.0,1,false
consultas-4-listas-posteo.json,consultas-1-listas-posteo.json,5.0,No Acotada B1,0.0,1,false
consultas-4-listas-posteo.json,consultas-1-listas-posteo.json,5.0,No Acotada B2,0.0,1,false
consultas-4-listas-posteo.json,consultas-1-listas-posteo.json,5.0,SkipList,0.0,16,false
consultas-4-listas-posteo.json,consultas-1-listas-posteo.json,6.0,Binaria Acotada,0.0,13,false
consultas-4-listas-posteo.json,consultas-1-listas-posteo.json,6.0,Secuencial B0,0.0,1,false
consultas-4-listas-posteo.json,consultas-1-listas-posteo.json,6.0,No Acotada B1,0.0,1,false
consultas-4-listas-posteo.json,consultas-1-listas-posteo.json,6.0,No Acotada B2,0.0,1,false
consultas-4-listas-posteo.json,consultas-1-listas-posteo.json,6.0,SkipList,0.0,16,false
consultas-4-listas-posteo.json,consultas-1-listas-posteo.json,13.0,Binaria Acotada,0.0,13,true
consultas-4-listas-posteo.json,consultas-1-listas-posteo.json,13.0,Secuencial B0,0.0,3,true
consultas-4-listas-posteo.json,consultas-1-listas-posteo.json,13.0,No Acotada B1,0.0,3,true
consultas-4-listas-posteo.json,consultas-1-listas-posteo.json,13.0,No Acotada B2,9.5367431640625e-7,3,true
consultas-4-listas-posteo.json,consultas-1-listas-posteo.json,13.0,SkipList,0.0,17,true
consultas-4-listas-posteo.json,consultas-1-listas-posteo.json,6.0,Binaria Acotada,0.0,13,false
consultas-4-listas-posteo.json,consultas-1-listas-posteo.json,6.0,Secuencial B0,0.0,1,false
consultas-4-listas-posteo.json,consultas-1-listas-posteo.json,6.0,No Acotada B1,0.0,1,false
consultas-4-listas-posteo.json,consultas-1-listas-posteo.json,6.0,No Acotada B2,0.0,1,false
consultas-4-listas-posteo.json,consultas-1-listas-posteo.json,6.0,SkipList,0.0,16,false
consultas-4-listas-posteo.json,consultas-1-listas-posteo.json,15.0,Binaria Acotada,0.0,13,false
consultas-4-listas-posteo.json,consultas-1-listas-posteo.json,15.0,Secuencial B0,0.0,5,false
consultas-4-listas-posteo.json,consultas-1-listas-posteo.json,15.0,No Acotada B1,0.0,6,false
consultas-4-listas-posteo.json,consultas-1-listas-posteo.json,15.0,No Acotada B2,0.0,6,false
consultas-4-listas-posteo.json,consultas-1-listas-posteo.json,15.0,SkipList,0.0,19,false
consultas-4-listas-posteo.json,consultas-1-listas-posteo.json,13.0,Binaria Acotada,0.0,13,true
consultas-4-listas-posteo.json,consultas-1-listas-posteo.json,13.0,Secuencial B0,0.0,3,true
consultas-4-listas-posteo.json,consultas-1-listas-posteo.json,13.0,No Acotada B1,0.0,3,true
consultas-4-listas-posteo.json,consultas-1-listas-posteo.json,13.0,No Acotada B2,9.5367431640625e-7,3,true
consultas-4-listas-posteo.json,consultas-1-listas-posteo.json,13.0,SkipList,0.0,17,true
consultas-4-listas-posteo.json,consultas-1-listas-posteo.json,10.0,Binaria Acotada,0.0,13,false
consultas-4-listas-posteo.json,consultas-1-listas-posteo.json,10.0,Secuencial B0,0.0,3,false
consultas-4-listas-posteo.json,consultas-1-listas-posteo.json,10.0,No Acotada B1,0.0,4,false
consultas-4-listas-posteo.json,consultas-1-listas-posteo.json,10.0,No Acotada B2,9.5367431640625e-7,4,false
consultas-4-listas-posteo.json,consultas-1-listas-posteo.json,10.0,SkipList,0.0,17,false
consultas-4-listas-posteo.json,consultas-1-listas-posteo.json,8.0,Binaria Acotada,1.1920928955078125e-6,13,false
consultas-4-listas-posteo.json,consultas-1-listas-posteo.json,8.0,Secuencial B0,0.0,2,false
consultas-4-listas-posteo.json,consultas-1-listas-posteo.json,8.0,No Acotada B1,0.0,3,false
consultas-4-listas-posteo.json,consultas-1-listas-posteo.json,8.0,No Acotada B2,9.5367431640625e-7,3,false
consultas-4-listas-posteo.json,consultas-1-listas-posteo.json,8.0,SkipList,0.0,17,false
consultas-4-listas-posteo.json,consultas-1-listas-posteo.json,12.0,Binaria Acotada,9.5367431640625e-7,13,false
consultas-4-listas-posteo.json,consultas-1-listas-posteo.json,12.0,Secuencial B0,0.0,3,false
consultas-4-listas-posteo.json,consultas-1-listas-posteo.json,12.0,No Acotada B1,0.0,4,false
consultas-4-listas-posteo.json,consultas-1-listas-posteo.json,12.0,No Acotada B2,0.0,4,false
consultas-4-listas-posteo.json,consultas-1-listas-posteo.json,12.0,SkipList,0.0,17,false
consultas-4-listas-posteo.json,consultas-1-listas-posteo.json,1.0,Binaria Acotada,9.5367431640625e-7,13,false
consultas-4-listas-posteo.json,consultas-1-listas-posteo.json,1.0,Secuencial B0,0.0,1,false
consultas-4-listas-posteo.json,consultas-1-listas-posteo.json,1.0,No Acotada B1,0.0,1,false
consultas-4-listas-posteo.json,consultas-1-listas-posteo.json,1.0,No Acotada B2,0.0,1,false
consultas-4-listas-posteo.json,consultas-1-listas-posteo.json,1.0,SkipList,0.0,16,false
consultas-4-listas-posteo.json,consultas-1-listas-posteo.json,4.0,Binaria Acotada,0.0,13,false
consultas-4-listas-posteo.json,consultas-1-listas-posteo.json,4.0,Secuencial B0,0.0,1,false
consultas-4-listas-posteo.json,consultas-1-listas-posteo.json,4.0,No Acotada B1,0.0,1,false
consultas-4-listas-posteo.json,consultas-1-listas-posteo.json,4.0,No Acotada B2,9.5367431640625e-7,1,false
consultas-4-listas-posteo.json,consultas-1-listas-posteo.json,4.0,SkipList,0.0,16,false
consultas-4-listas-posteo.json,consultas-1-listas-posteo.json,12.0,Binaria Acotada,0.0,13,false
consultas-4-listas-posteo.json,consultas-1-listas-posteo.json,12.0,Secuencial B0,0.0,3,false
consultas-4-listas-posteo.json,consultas-1-listas-posteo.json,12.0,No Acotada B1,0.0,4,false
consultas-4-listas-posteo.json,consultas-1-listas-posteo.json,12.0,No Acotada B2,0.0,4,false
consultas-4-listas-posteo.json,consultas-1-listas-posteo.json,12.0,SkipList,0.0,17,false
consultas-4-listas-posteo.json,consultas-1-listas-posteo.json,5.0,Binaria Acotada,0.0,13,false
consultas-4-listas-posteo.json,consultas-1-listas-posteo.json,5.0,Secuencial B0,0.0,1,false
consultas-4-listas-posteo.json,consultas-1-listas-posteo.json,5.0,No Acotada B1,0.0,1,false
consultas-4-listas-posteo.json,consultas-1-listas-posteo.json,5.0,No Acotada B2,0.0,1,false
consultas-4-listas-posteo.json,consultas-1-listas-posteo.json,5.0,SkipList,0.0,16,false
consultas-4-listas-posteo.json,consultas-1-listas-posteo.json,8.0,Binaria Acotada,0.0,13,false
consultas-4-listas-posteo.json,consultas-1-listas-posteo.json,8.0,Secuencial B0,0.0,2,false
consultas-4-listas-posteo.json,consultas-1-listas-posteo.json,8.0,No Acotada B1,0.0,3,false
consultas-4-listas-posteo.json,consultas-1-listas-posteo.json,8.0,No Acotada B2,0.0,3,false
consultas-4-listas-posteo.json,consultas-1-listas-posteo.json,8.0,SkipList,0.0,17,false
consultas-4-listas-posteo.json,consultas-1-listas-posteo.json,15.0,Binaria Acotada,0.0,13,false
consultas-4-listas-posteo.json,consultas-1-listas-posteo.json,15.0,Secuencial B0,0.0,5,false
consultas-4-listas-posteo.json,consultas-1-listas-posteo.json,15.0,No Acotada B1,0.0,6,false
consultas-4-listas-posteo.json,consultas-1-listas-posteo.json,15.0,No Acotada B2,0.0,6,false
consultas-4-listas-posteo.json,consultas-1-listas-posteo.json,15.0,SkipList,0.0,19,false
consultas-4-listas-posteo.json,consultas-1-listas-posteo.json,1.0,Binaria Acotada,0.0,13,false
consultas-4-listas-posteo.json,consultas-1-listas-posteo.json,1.0,Secuencial B0,9.5367431640625e-7,1,false
consultas-4-listas-posteo.json,consultas-1-listas-posteo.json,1.0,No Acotada B1,0.0,1,false
consultas-4-listas-posteo.json,consultas-1-listas-posteo.json,1.0,No Acotada B2,0.0,1,false
consultas-4-listas-posteo.json,consultas-1-listas-posteo.json,1.0,SkipList,0.0,16,false
consultas-4-listas-posteo.json,consultas-1-listas-posteo.json,3.0,Binaria Acotada,0.0,13,false
consultas-4-listas-posteo.json,consultas-1-listas-posteo.json,3.0,Secuencial B0,0.0,1,false
consultas-4-listas-posteo.json,consultas-1-listas-posteo.json,3.0,No Acotada B1,0.0,1,false
consultas-4-listas-posteo.json,consultas-1-listas-posteo.json,3.0,No Acotada B2,0.0,1,false
consultas-4-listas-posteo.json,consultas-1-listas-posteo.json,3.0,SkipList,0.0,16,false
consultas-4-listas-posteo.json,consultas-1-listas-posteo.json,5.0,Binaria Acotada,0.0,13,false
consultas-4-listas-posteo.json,consultas-1-listas-posteo.json,5.0,Secuencial B0,0.0,1,false
consultas-4-listas-posteo.json,consultas-1-listas-posteo.json,5.0,No Acotada B1,0.0,1,false
consultas-4-listas-posteo.json,consultas-1-listas-posteo.json,5.0,No Acotada B2,0.0,1,false
consultas-4-listas-posteo.json,consultas-1-listas-posteo.json,5.0,SkipList,0.0,16,false
consultas-4-listas-posteo.json,consultas-1-listas-posteo.json,4.0,Binaria Acotada,0.0,13,false
consultas-4-listas-posteo.json,consultas-1-listas-posteo.json,4.0,Secuencial B0,9.5367431640625e-7,1,false
consultas-4-listas-posteo.json,consultas-1-listas-posteo.json,4.0,No Acotada B1,0.0,1,false
consultas-4-listas-posteo.json,consultas-1-listas-posteo.json,4.0,No Acotada B2,0.0,1,false
consultas-4-listas-posteo.json,consultas-1-listas-posteo.json,4.0,SkipList,0.0,16,false
consultas-4-listas-posteo.json,consultas-1-listas-posteo.json,10.0,Binaria Acotada,0.0,13,false
consultas-4-listas-posteo.json,consultas-1-listas-posteo.json,10.0,Secuencial B0,0.0,3,false
consultas-4-listas-posteo.json,consultas-1-listas-posteo.json,10.0,No Acotada B1,0.0,4,false
consultas-4-listas-posteo.json,consultas-1-listas-posteo.json,10.0,No Acotada B2,0.0,4,false
consultas-4-listas-posteo.json,consultas-1-listas-posteo.json,10.0,SkipList,9.5367431640625e-7,17,false
consultas-4-listas-posteo.json,consultas-1-listas-posteo.json,7.0,Binaria Acotada,0.0,13,true
consultas-4-listas-posteo.json,consultas-1-listas-posteo.json,7.0,Secuencial B0,0.0,1,true
consultas-4-listas-posteo.json,consultas-1-listas-posteo.json,7.0,No Acotada B1,0.0,1,true
consultas-4-listas-posteo.json,consultas-1-listas-posteo.json,7.0,No Acotada B2,0.0,1,true
consultas-4-listas-posteo.json,consultas-1-listas-posteo.json,7.0,SkipList,9.5367431640625e-7,16,true
consultas-4-listas-posteo.json,consultas-1-listas-posteo.json,8.0,Binaria Acotada,0.0,13,false
consultas-4-listas-posteo.json,consultas-1-listas-posteo.json,8.0,Secuencial B0,0.0,2,false
consultas-4-listas-posteo.json,consultas-1-listas-posteo.json,8.0,No Acotada B1,0.0,3,false
consultas-4-listas-posteo.json,consultas-1-listas-posteo.json,8.0,No Acotada B2,0.0,3,false
consultas-4-listas-posteo.json,consultas-1-listas-posteo.json,8.0,SkipList,9.5367431640625e-7,17,false
consultas-4-listas-posteo.json,consultas-1-listas-posteo.json,10.0,Binaria Acotada,0.0,13,false
consultas-4-listas-posteo.json,consultas-1-listas-posteo.json,10.0,Secuencial B0,0.0,3,false
consultas-4-listas-posteo.json,consultas-1-listas-posteo.json,10.0,No Acotada B1,0.0,4,false
consultas-4-listas-posteo.json,consultas-1-listas-posteo.json,10.0,No Acotada B2,0.0,4,false
consultas-4-listas-posteo.json,consultas-1-listas-posteo.json,10.0,SkipList,1.1920928955078125e-6,17,false
consultas-4-listas-posteo.json,consultas-1-listas-posteo.json,6.0,Binaria Acotada,0.0,13,false
consultas-4-listas-posteo.json,consultas-1-listas-posteo.json,6.0,Secuencial B0,0.0,1,false
consultas-4-listas-posteo.json,consultas-1-listas-posteo.json,6.0,No Acotada B1,0.0,1,false
consultas-4-listas-posteo.json,consultas-1-listas-posteo.json,6.0,No Acotada B2,0.0,1,false
consultas-4-listas-posteo.json,consultas-1-listas-posteo.json,6.0,SkipList,0.0,16,false
consultas-4-listas-posteo.json,consultas-1-listas-posteo.json,5.0,Binaria Acotada,0.0,13,false
consultas-4-listas-posteo.json,consultas-1-listas-posteo.json,5.0,Secuencial B0,0.0,1,false
consultas-4-listas-posteo.json,consultas-1-listas-posteo.json,5.0,No Acotada B1,9.5367431640625e-7,1,false
consultas-4-listas-posteo.json,consultas-1-listas-posteo.json,5.0,No Acotada B2,0.0,1,false
consultas-4-listas-posteo.json,consultas-1-listas-posteo.json,5.0,SkipList,0.0,16,false
consultas-4-listas-posteo.json,consultas-1-listas-posteo.json,14.0,Binaria Acotada,0.0,11,true
consultas-4-listas-posteo.json,consultas-1-listas-posteo.json,14.0,Secuencial B0,0.0,4,true
consultas-4-listas-posteo.json,consultas-1-listas-posteo.json,14.0,No Acotada B1,0.0,4,true
consultas-4-listas-posteo.json,consultas-1-listas-posteo.json,14.0,No Acotada B2,0.0,4,true
consultas-4-listas-posteo.json,consultas-1-listas-posteo.json,14.0,SkipList,0.0,18,true
consultas-4-listas-posteo.json,consultas-1-listas-posteo.json,5.0,Binaria Acotada,0.0,13,false
consultas-4-listas-posteo.json,consultas-1-listas-posteo.json,5.0,Secuencial B0,0.0,1,false
consultas-4-listas-posteo.json,consultas-1-listas-posteo.json,5.0,No Acotada B1,0.0,1,false
consultas-4-listas-posteo.json,consultas-1-listas-posteo.json,5.0,No Acotada B2,0.0,1,false
consultas-4-listas-posteo.json,consultas-1-listas-posteo.json,5.0,SkipList,0.0,16,false
consultas-4-listas-posteo.json,consultas-1-listas-posteo.json,4.0,Binaria Acotada,0.0,13,false
consultas-4-listas-posteo.json,consultas-1-listas-posteo.json,4.0,Secuencial B0,0.0,1,false
consultas-4-listas-posteo.json,consultas-1-listas-posteo.json,4.0,No Acotada B1,0.0,1,false
consultas-4-listas-posteo.json,consultas-1-listas-posteo.json,4.0,No Acotada B2,0.0,1,false
consultas-4-listas-posteo.json,consultas-1-listas-posteo.json,4.0,SkipList,0.0,16,false
consultas-4-listas-posteo.json,consultas-1-listas-posteo.json,6.0,Binaria Acotada,1.1920928955078125e-6,13,false
consultas-4-listas-posteo.json,consultas-1-listas-posteo.json,6.0,Secuencial B0,0.0,1,false
consultas-4-listas-posteo.json,consultas-1-listas-posteo.json,6.0,No Acotada B1,0.0,1,false
consultas-4-listas-posteo.json,consultas-1-listas-posteo.json,6.0,No Acotada B2,0.0,1,false
consultas-4-listas-posteo.json,consultas-1-listas-posteo.json,6.0,SkipList,0.0,16,false
consultas-4-listas-posteo.json,consultas-1-listas-posteo.json,11.0,Binaria Acotada,0.0,13,false
consultas-4-listas-posteo.json,consultas-1-listas-posteo.json,11.0,Secuencial B0,0.0,3,false
consultas-4-listas-posteo.json,consultas-1-listas-posteo.json,11.0,No Acotada B1,0.0,4,false
consultas-4-listas-posteo.json,consultas-1-listas-posteo.json,11.0,No Acotada B2,9.5367431640625e-7,4,false
consultas-4-listas-posteo.json,consultas-1-listas-posteo.json,11.0,SkipList,0.0,17,false
consultas-4-listas-posteo.json,consultas-1-listas-posteo.json,4.0,Binaria Acotada,0.0,13,false
consultas-4-listas-posteo.json,consultas-1-listas-posteo.json,4.0,Secuencial B0,0.0,1,false
consultas-4-listas-posteo.json,consultas-1-listas-posteo.json,4.0,No Acotada B1,0.0,1,false
consultas-4-listas-posteo.json,consultas-1-listas-posteo.json,4.0,No Acotada B2,0.0,1,false
consultas-4-listas-posteo.json,consultas-1-listas-posteo.json,4.0,SkipList,0.0,16,false
consultas-4-listas-posteo.json,consultas-1-listas-posteo.json,4.0,Binaria Acotada,9.5367431640625e-7,13,false
consultas-4-listas-posteo.json,consultas-1-listas-posteo.json,4.0,Secuencial B0,0.0,1,false
consultas-4-listas-posteo.json,consultas-1-listas-posteo.json,4.0,No Acotada B1,0.0,1,false
consultas-4-listas-posteo.json,consultas-1-listas-posteo.json,4.0,No Acotada B2,0.0,1,false
consultas-4-listas-posteo.json,consultas-1-listas-posteo.json,4.0,SkipList,0.0,16,false
consultas-4-listas-posteo.json,consultas-1-listas-posteo.json,4.0,Binaria Acotada,0.0,13,false
consultas-4-listas-posteo.json,consultas-1-listas-posteo.json,4.0,Secuencial B0,0.0,1,false
consultas-4-listas-posteo.json,consultas-1-listas-posteo.json,4.0,No Acotada B1,0.0,1,false
consultas-4-listas-posteo.json,consultas-1-listas-posteo.json,4.0,No Acotada B2,0.0,1,false
consultas-4-listas-posteo.json,consultas-1-listas-posteo.json,4.0,SkipList,0.0,16,false
consultas-4-listas-posteo.json,consultas-1-listas-posteo.json,3.0,Binaria Acotada,0.0,13,false
consultas-4-listas-posteo.json,consultas-1-listas-posteo.json,3.0,Secuencial B0,0.0,1,false
consultas-4-listas-posteo.json,consultas-1-listas-posteo.json,3.0,No Acotada B1,0.0,1,false
consultas-4-listas-posteo.json,consultas-1-listas-posteo.json,3.0,No Acotada B2,0.0,1,false
consultas-4-listas-posteo.json,consultas-1-listas-posteo.json,3.0,SkipList,0.0,16,false
consultas-4-listas-posteo.json,consultas-1-listas-posteo.json,12.0,Binaria Acotada,0.0,13,false
consultas-4-listas-posteo.json,consultas-1-listas-posteo.json,12.0,Secuencial B0,0.0,3,false
consultas-4-listas-posteo.json,consultas-1-listas-posteo.json,12.0,No Acotada B1,0.0,4,false
consultas-4-listas-posteo.json,consultas-1-listas-posteo.json,12.0,No Acotada B2,0.0,4,false
consultas-4-listas-posteo.json,consultas-1-listas-posteo.json,12.0,SkipList,0.0,17,false
consultas-4-listas-posteo.json,consultas-1-listas-posteo.json,3.0,Binaria Acotada,0.0,13,false
consultas-4-listas-posteo.json,consultas-1-listas-posteo.json,3.0,Secuencial B0,9.5367431640625e-7,1,false
consultas-4-listas-posteo.json,consultas-1-listas-posteo.json,3.0,No Acotada B1,0.0,1,false
consultas-4-listas-posteo.json,consultas-1-listas-posteo.json,3.0,No Acotada B2,0.0,1,false
consultas-4-listas-posteo.json,consultas-1-listas-posteo.json,3.0,SkipList,0.0,16,false
consultas-4-listas-posteo.json,consultas-1-listas-posteo.json,16.0,Binaria Acotada,0.0,13,false
consultas-4-listas-posteo.json,consultas-1-listas-posteo.json,16.0,Secuencial B0,0.0,5,false
consultas-4-listas-posteo.json,consultas-1-listas-posteo.json,16.0,No Acotada B1,0.0,6,false
consultas-4-listas-posteo.json,consultas-1-listas-posteo.json,16.0,No Acotada B2,0.0,6,false
consultas-4-listas-posteo.json,consultas-1-listas-posteo.json,16.0,SkipList,0.0,19,false
consultas-4-listas-posteo.json,consultas-1-listas-posteo.json,14.0,Binaria Acotada,0.0,11,true
consultas-4-listas-posteo.json,consultas-1-listas-posteo.json,14.0,Secuencial B0,0.0,4,true
consultas-4-listas-posteo.json,consultas-1-listas-posteo.json,14.0,No Acotada B1,0.0,4,true
consultas-4-listas-posteo.json,consultas-1-listas-posteo.json,14.0,No Acotada B2,0.0,4,true
consultas-4-listas-posteo.json,consultas-1-listas-posteo.json,14.0,SkipList,0.0,18,true
consultas-4-listas-posteo.json,consultas-2-listas-posteo.json,200.0,Binaria Acotada,0.0,13,false
consultas-4-listas-posteo.json,consultas-2-listas-posteo.json,200.0,Secuencial B0,0.0,36,false
consultas-4-listas-posteo.json,consultas-2-listas-posteo.json,200.0,No Acotada B1,0.0,11,false
consultas-4-listas-posteo.json,consultas-2-listas-posteo.json,200.0,No Acotada B2,0.0,11,false
consultas-4-listas-posteo.json,consultas-2-listas-posteo.json,200.0,SkipList,9.5367431640625e-7,22,false
consultas-4-listas-posteo.json,consultas-2-listas-posteo.json,229.0,Binaria Acotada,0.0,13,false
consultas-4-listas-posteo.json,consultas-2-listas-posteo.json,229.0,Secuencial B0,9.5367431640625e-7,40,false
consultas-4-listas-posteo.json,consultas-2-listas-posteo.json,229.0,No Acotada B1,0.0,11,false
consultas-4-listas-posteo.json,consultas-2-listas-posteo.json,229.0,No Acotada B2,9.5367431640625e-7,11,false
consultas-4-listas-posteo.json,consultas-2-listas-posteo.json,229.0,SkipList,0.0,20,false
consultas-4-listas-posteo.json,consultas-2-listas-posteo.json,46.0,Binaria Acotada,0.0,13,false
consultas-4-listas-posteo.json,consultas-2-listas-posteo.json,46.0,Secuencial B0,0.0,11,false
consultas-4-listas-posteo.json,consultas-2-listas-posteo.json,46.0,No Acotada B1,0.0,8,false
consultas-4-listas-posteo.json,consultas-2-listas-posteo.json,46.0,No Acotada B2,0.0,8,false
consultas-4-listas-posteo.json,consultas-2-listas-posteo.json,46.0,SkipList,0.0,20,false
consultas-4-listas-posteo.json,consultas-2-listas-posteo.json,186.0,Binaria Acotada,0.0,13,false
consultas-4-listas-posteo.json,consultas-2-listas-posteo.json,186.0,Secuencial B0,0.0,35,false
consultas-4-listas-posteo.json,consultas-2-listas-posteo.json,186.0,No Acotada B1,0.0,11,false
consultas-4-listas-posteo.json,consultas-2-listas-posteo.json,186.0,No Acotada B2,0.0,11,false
consultas-4-listas-posteo.json,consultas-2-listas-posteo.json,186.0,SkipList,9.5367431640625e-7,23,false
consultas-4-listas-posteo.json,consultas-2-listas-posteo.json,58.0,Binaria Acotada,0.0,13,false
consultas-4-listas-posteo.json,consultas-2-listas-posteo.json,58.0,Secuencial B0,9.5367431640625e-7,11,false
consultas-4-listas-posteo.json,consultas-2-listas-posteo.json,58.0,No Acotada B1,0.0,8,false
consultas-4-listas-posteo.json,consultas-2-listas-posteo.json,58.0,No Acotada B2,0.0,8,false
consultas-4-listas-posteo.json,consultas-2-listas-posteo.json,58.0,SkipList,0.0,20,false
consultas-4-listas-posteo.json,consultas-2-listas-posteo.json,183.0,Binaria Acotada,0.0,13,false
consultas-4-listas-posteo.json,consultas-2-listas-posteo.json,183.0,Secuencial B0,9.5367431640625e-7,35,false
consultas-4-listas-posteo.json,consultas-2-listas-posteo.json,183.0,No Acotada B1,0.0,11,false
consultas-4-listas-posteo.json,consultas-2-listas-posteo.json,183.0,No Acotada B2,9.5367431640625e-7,11,false
consultas-4-listas-posteo.json,consultas-2-listas-posteo.json,183.0,SkipList,0.0,23,false
consultas-4-listas-posteo.json,consultas-2-listas-posteo.json,208.0,Binaria Acotada,9.5367431640625e-7,13,false
consultas-4-listas-posteo.json,consultas-2-listas-posteo.json,208.0,Secuencial B0,0.0,37,false
consultas-4-listas-posteo.json,consultas-2-listas-posteo.json,208.0,No Acotada B1,0.0,11,false
consultas-4-listas-posteo.json,consultas-2-listas-posteo.json,208.0,No Acotada B2,0.0,11,false
consultas-4-listas-posteo.json,consultas-2-listas-posteo.json,208.0,SkipList,0.0,23,false
consultas-4-listas-posteo.json,consultas-2-listas-posteo.json,212.0,Binaria Acotada,0.0,13,false
consultas-4-listas-posteo.json,consultas-2-listas-posteo.json,212.0,Secuencial B0,0.0,37,false
consultas-4-listas-posteo.json,consultas-2-listas-posteo.json,212.0,No Acotada B1,0.0,11,false
consultas-4-listas-posteo.json,consultas-2-listas-posteo.json,212.0,No Acotada B2,0.0,11,false
consultas-4-listas-posteo.json,consultas-2-listas-posteo.json,212.0,SkipList,0.0,23,false
consultas-4-listas-posteo.json,consultas-2-listas-posteo.json,162.0,Binaria Acotada,0.0,13,false
consultas-4-listas-posteo.json,consultas-2-listas-posteo.json,162.0,Secuencial B0,0.0,32,false
consultas-4-listas-posteo.json,consultas-2-listas-posteo.json,162.0,No Acotada B1,0.0,10,false
consultas-4-listas-posteo.json,consultas-2-listas-posteo.json,162.0,No Acotada B2,9.5367431640625e-7,10,false
consultas-4-listas-posteo.json,consultas-2-listas-posteo.json,162.0,SkipList,0.0,20,false
consultas-4-listas-posteo.json,consultas-2-listas-posteo.json,72.0,Binaria Acotada,9.5367431640625e-7,14,false
consultas-4-listas-posteo.json,consultas-2-listas-posteo.json,72.0,Secuencial B0,0.0,14,false
consultas-4-listas-posteo.json,consultas-2-listas-posteo.json,72.0,No Acotada B1,0.0,7,false
consultas-4-listas-posteo.json,consultas-2-listas-posteo.json,72.0,No Acotada B2,0.0,7,false
consultas-4-listas-posteo.json,consultas-2-listas-posteo.json,72.0,SkipList,0.0,22,false
consultas-4-listas-posteo.json,consultas-2-listas-posteo.json,36.0,Binaria Acotada,0.0,14,false
consultas-4-listas-posteo.json,consultas-2-listas-posteo.json,36.0,Secuencial B0,0.0,9,false
consultas-4-listas-posteo.json,consultas-2-listas-posteo.json,36.0,No Acotada B1,9.5367431640625e-7,7,false
consultas-4-listas-posteo.json,consultas-2-listas-posteo.json,36.0,No Acotada B2,0.0,7,false
consultas-4-listas-posteo.json,consultas-2-listas-posteo.json,36.0,SkipList,0.0,22,false
consultas-4-listas-posteo.json,consultas-2-listas-posteo.json,32.0,Binaria Acotada,0.0,14,false
consultas-4-listas-posteo.json,consultas-2-listas-posteo.json,32.0,Secuencial B0,0.0,9,false
consultas-4-listas-posteo.json,consultas-2-listas-posteo.json,32.0,No Acotada B1,9.5367431640625e-7,7,false
consultas-4-listas-posteo.json,consultas-2-listas-posteo.json,32.0,No Acotada B2,0.0,7,false
consultas-4-listas-posteo.json,consultas-2-listas-posteo.json,32.0,SkipList,0.0,22,false
consultas-4-listas-posteo.json,consultas-2-listas-posteo.json,144.0,Binaria Acotada,0.0,13,false
consultas-4-listas-posteo.json,consultas-2-listas-posteo.json,144.0,Secuencial B0,0.0,30,false
consultas-4-listas-posteo.json,consultas-2-listas-posteo.json,144.0,No Acotada B1,0.0,9,false
consultas-4-listas-posteo.json,consultas-2-listas-posteo.json,144.0,No Acotada B2,0.0,9,false
consultas-4-listas-posteo.json,consultas-2-listas-posteo.json,144.0,SkipList,9.5367431640625e-7,20,false
consultas-4-listas-posteo.json,consultas-2-listas-posteo.json,3.0,Binaria Acotada,0.0,13,false
consultas-4-listas-posteo.json,consultas-2-listas-posteo.json,3.0,Secuencial B0,0.0,1,false
consultas-4-listas-posteo.json,consultas-2-listas-posteo.json,3.0,No Acotada B1,0.0,1,false
consultas-4-listas-posteo.json,consultas-2-listas-posteo.json,3.0,No Acotada B2,0.0,1,false
consultas-4-listas-posteo.json,consultas-2-listas-posteo.json,3.0,SkipList,9.5367431640625e-7,16,false
consultas-4-listas-posteo.json,consultas-2-listas-posteo.json,237.0,Binaria Acotada,0.0,13,false
consultas-4-listas-posteo.json,consultas-2-listas-posteo.json,237.0,Secuencial B0,0.0,40,false
consultas-4-listas-posteo.json,consultas-2-listas-posteo.json,237.0,No Acotada B1,0.0,11,false
consultas-4-listas-posteo.json,consultas-2-listas-posteo.json,237.0,No Acotada B2,0.0,11,false
consultas-4-listas-posteo.json,consultas-2-listas-posteo.json,237.0,SkipList,0.0,20,false
consultas-4-listas-posteo.json,consultas-2-listas-posteo.json,234.0,Binaria Acotada,0.0,13,false
consultas-4-listas-posteo.json,consultas-2-listas-posteo.json,234.0,Secuencial B0,0.0,40,false
consultas-4-listas-posteo.json,consultas-2-listas-posteo.json,234.0,No Acotada B1,0.0,11,false
consultas-4-listas-posteo.json,consultas-2-listas-posteo.json,234.0,No Acotada B2,0.0,11,false
consultas-4-listas-posteo.json,consultas-2-listas-posteo.json,234.0,SkipList,9.5367431640625e-7,20,false
consultas-4-listas-posteo.json,consultas-2-listas-posteo.json,228.0,Binaria Acotada,0.0,8,true
consultas-4-listas-posteo.json,consultas-2-listas-posteo.json,228.0,Secuencial B0,0.0,39,true
consultas-4-listas-posteo.json,consultas-2-listas-posteo.json,228.0,No Acotada B1,0.0,8,true
consultas-4-listas-posteo.json,consultas-2-listas-posteo.json,228.0,No Acotada B2,0.0,8,true
consultas-4-listas-posteo.json,consultas-2-listas-posteo.json,228.0,SkipList,9.5367431640625e-7,19,true
consultas-4-listas-posteo.json,consultas-2-listas-posteo.json,85.0,Binaria Acotada,0.0,14,false
consultas-4-listas-posteo.json,consultas-2-listas-posteo.json,85.0,Secuencial B0,1.1920928955078125e-6,18,false
consultas-4-listas-posteo.json,consultas-2-listas-posteo.json,85.0,No Acotada B1,0.0,9,false
consultas-4-listas-posteo.json,consultas-2-listas-posteo.json,85.0,No Acotada B2,0.0,9,false
consultas-4-listas-posteo.json,consultas-2-listas-posteo.json,85.0,SkipList,0.0,20,false
consultas-4-listas-posteo.json,consultas-2-listas-posteo.json,200.0,Binaria Acotada,0.0,13,false
consultas-4-listas-posteo.json,consultas-2-listas-posteo.json,200.0,Secuencial B0,0.0,36,false
consultas-4-listas-posteo.json,consultas-2-listas-posteo.json,200.0,No Acotada B1,0.0,11,false
consultas-4-listas-posteo.json,consultas-2-listas-posteo.json,200.0,No Acotada B2,0.0,11,false
consultas-4-listas-posteo.json,consultas-2-listas-posteo.json,200.0,SkipList,0.0,22,false
consultas-4-listas-posteo.json,consultas-2-listas-posteo.json,11.0,Binaria Acotada,0.0,13,false
consultas-4-listas-posteo.json,consultas-2-listas-posteo.json,11.0,Secuencial B0,0.0,3,false
consultas-4-listas-posteo.json,consultas-2-listas-posteo.json,11.0,No Acotada B1,0.0,4,false
consultas-4-listas-posteo.json,consultas-2-listas-posteo.json,11.0,No Acotada B2,1.1920928955078125e-6,4,false
consultas-4-listas-posteo.json,consultas-2-listas-posteo.json,11.0,SkipList,0.0,17,false
consultas-4-listas-posteo.json,consultas-2-listas-posteo.json,98.0,Binaria Acotada,0.0,14,false
consultas-4-listas-posteo.json,consultas-2-listas-posteo.json,98.0,Secuencial B0,0.0,19,false
consultas-4-listas-posteo.json,consultas-2-listas-posteo.json,98.0,No Acotada B1,0.0,9,false
consultas-4-listas-posteo.json,consultas-2-listas-posteo.json,98.0,No Acotada B2,9.5367431640625e-7,9,false
consultas-4-listas-posteo.json,consultas-2-listas-posteo.json,98.0,SkipList,0.0,21,false
consultas-4-listas-posteo.json,consultas-2-listas-posteo.json,153.0,Binaria Acotada,9.5367431640625e-7,13,true
consultas-4-listas-posteo.json,consultas-2-listas-posteo.json,153.0,Secuencial B0,0.0,30,true
consultas-4-listas-posteo.json,consultas-2-listas-posteo.json,153.0,No Acotada B1,0.0,8,true
consultas-4-listas-posteo.json,consultas-2-listas-posteo.json,153.0,No Acotada B2,0.0,8,true
consultas-4-listas-posteo.json,consultas-2-listas-posteo.json,153.0,SkipList,0.0,20,true
consultas-4-listas-posteo.json,consultas-2-listas-posteo.json,83.0,Binaria Acotada,0.0,14,false
consultas-4-listas-posteo.json,consultas-2-listas-posteo.json,83.0,Secuencial B0,0.0,18,false
consultas-4-listas-posteo.json,consultas-2-listas-posteo.json,83.0,No Acotada B1,9.5367431640625e-7,9,false
consultas-4-listas-posteo.json,consultas-2-listas-posteo.json,83.0,No Acotada B2,0.0,9,false
consultas-4-listas-posteo.json,consultas-2-listas-posteo.json,83.0,SkipList,0.0,20,false
consultas-4-listas-posteo.json,consultas-2-listas-posteo.json,45.0,Binaria Acotada,0.0,13,true
consultas-4-listas-posteo.json,consultas-2-listas-posteo.json,45.0,Secuencial B0,0.0,10,true
consultas-4-listas-posteo.json,consultas-2-listas-posteo.json,45.0,No Acotada B1,0.0,7,true
consultas-4-listas-posteo.json,consultas-2-listas-posteo.json,45.0,No Acotada B2,0.0,7,true
consultas-4-listas-posteo.json,consultas-2-listas-posteo.json,45.0,SkipList,9.5367431640625e-7,23,true
consultas-4-listas-posteo.json,consultas-2-listas-posteo.json,28.0,Binaria Acotada,0.0,14,false
consultas-4-listas-posteo.json,consultas-2-listas-posteo.json,28.0,Secuencial B0,0.0,8,false
consultas-4-listas-posteo.json,consultas-2-listas-posteo.json,28.0,No Acotada B1,0.0,6,false
consultas-4-listas-posteo.json,consultas-2-listas-posteo.json,28.0,No Acotada B2,0.0,6,false
consultas-4-listas-posteo.json,consultas-2-listas-posteo.json,28.0,SkipList,9.5367431640625e-7,21,false
consultas-4-listas-posteo.json,consultas-2-listas-posteo.json,77.0,Binaria Acotada,0.0,13,false
consultas-4-listas-posteo.json,consultas-2-listas-posteo.json,77.0,Secuencial B0,0.0,16,false
consultas-4-listas-posteo.json,consultas-2-listas-posteo.json,77.0,No Acotada B1,0.0,8,false
consultas-4-listas-posteo.json,consultas-2-listas-posteo.json,77.0,No Acotada B2,0.0,8,false
consultas-4-listas-posteo.json,consultas-2-listas-posteo.json,77.0,SkipList,9.5367431640625e-7,19,false
consultas-4-listas-posteo.json,consultas-2-listas-posteo.json,143.0,Binaria Acotada,0.0,13,false
consultas-4-listas-posteo.json,consultas-2-listas-posteo.json,143.0,Secuencial B0,0.0,30,false
consultas-4-listas-posteo.json,consultas-2-listas-posteo.json,143.0,No Acotada B1,0.0,9,false
consultas-4-listas-posteo.json,consultas-2-listas-posteo.json,143.0,No Acotada B2,0.0,9,false
consultas-4-listas-posteo.json,consultas-2-listas-posteo.json,143.0,SkipList,0.0,20,false
consultas-4-listas-posteo.json,consultas-2-listas-posteo.json,168.0,Binaria Acotada,0.0,14,false
consultas-4-listas-posteo.json,consultas-2-listas-posteo.json,168.0,Secuencial B0,9.5367431640625e-7,34,false
consultas-4-listas-posteo.json,consultas-2-listas-posteo.json,168.0,No Acotada B1,0.0,11,false
consultas-4-listas-posteo.json,consultas-2-listas-posteo.json,168.0,No Acotada B2,0.0,11,false
consultas-4-listas-posteo.json,consultas-2-listas-posteo.json,168.0,SkipList,0.0,22,false
consultas-4-listas-posteo.json,consultas-2-listas-posteo.json,80.0,Binaria Acotada,0.0,13,false
consultas-4-listas-posteo.json,consultas-2-listas-posteo.json,80.0,Secuencial B0,0.0,16,false
consultas-4-listas-posteo.json,consultas-2-listas-posteo.json,80.0,No Acotada B1,0.0,8,false
consultas-4-listas-posteo.json,consultas-2-listas-posteo.json,80.0,No Acotada B2,9.5367431640625e-7,8,false
consultas-4-listas-posteo.json,consultas-2-listas-posteo.json,80.0,SkipList,0.0,19,false
consultas-4-listas-posteo.json,consultas-2-listas-posteo.json,77.0,Binaria Acotada,0.0,13,false
consultas-4-listas-posteo.json,consultas-2-listas-posteo.json,77.0,Secuencial B0,0.0,16,false
consultas-4-listas-posteo.json,consultas-2-listas-posteo.json,77.0,No Acotada B1,0.0,8,false
consultas-4-listas-posteo.json,consultas-2-listas-posteo.json,77.0,No Acotada B2,1.1920928955078125e-6,8,false
consultas-4-listas-posteo.json,consultas-2-listas-posteo.json,77.0,SkipList,0.0,19,false
consultas-4-listas-posteo.json,consultas-2-listas-posteo.json,107.0,Binaria Acotada,0.0,13,false
consultas-4-listas-posteo.json,consultas-2-listas-posteo.json,107.0,Secuencial B0,0.0,21,false
consultas-4-listas-posteo.json,consultas-2-listas-posteo.json,107.0,No Acotada B1,0.0,9,false
consultas-4-listas-posteo.json,consultas-2-listas-posteo.json,107.0,No Acotada B2,9.5367431640625e-7,9,false
consultas-4-listas-posteo.json,consultas-2-listas-posteo.json,107.0,SkipList,0.0,21,false
consultas-4-listas-posteo.json,consultas-2-listas-posteo.json,7.0,Binaria Acotada,9.5367431640625e-7,13,true
consultas-4-listas-posteo.json,consultas-2-listas-posteo.json,7.0,Secuencial B0,0.0,1,true
consultas-4-listas-posteo.json,consultas-2-listas-posteo.json,7.0,No Acotada B1,0.0,1,true
consultas-4-listas-posteo.json,consultas-2-listas-posteo.json,7.0,No Acotada B2,0.0,1,true
consultas-4-listas-posteo.json,consultas-2-listas-posteo.json,7.0,SkipList,0.0,16,true
consultas-4-listas-posteo.json,consultas-2-listas-posteo.json,217.0,Binaria Acotada,0.0,13,false
consultas-4-listas-posteo.json,consultas-2-listas-posteo.json,217.0,Secuencial B0,0.0,37,false
consultas-4-listas-posteo.json,consultas-2-listas-posteo.json,217.0,No Acotada B1,0.0,11,false
consultas-4-listas-posteo.json,consultas-2-listas-posteo.json,217.0,No Acotada B2,0.0,11,false
consultas-4-listas-posteo.json,consultas-2-listas-posteo.json,217.0,SkipList,0.0,23,false
consultas-4-listas-posteo.json,consultas-2-listas-posteo.json,108.0,Binaria Acotada,9.5367431640625e-7,13,false
consultas-4-listas-posteo.json,consultas-2-listas-posteo.json,108.0,Secuencial B0,0.0,21,false
consultas-4-listas-posteo.json,consultas-2-listas-posteo.json,108.0,No Acotada B1,0.0,9,false
consultas-4-listas-posteo.json,consultas-2-listas-posteo.json,108.0,No Acotada B2,0.0,9,false
consultas-4-listas-posteo.json,consultas-2-listas-posteo.json,108.0,SkipList,0.0,21,false
consultas-4-listas-posteo.json,consultas-2-listas-posteo.json,118.0,Binaria Acotada,9.5367431640625e-7,13,false
consultas-4-listas-posteo.json,consultas-2-listas-posteo.json,118.0,Secuencial B0,0.0,26,false
consultas-4-listas-posteo.json,consultas-2-listas-posteo.json,118.0,No Acotada B1,0.0,9,false
consultas-4-listas-posteo.json,consultas-2-listas-posteo.json,118.0,No Acotada B2,0.0,9,false
consultas-4-listas-posteo.json,consultas-2-listas-posteo.json,118.0,SkipList,0.0,21,false
consultas-4-listas-posteo.json,consultas-2-listas-posteo.json,228.0,Binaria Acotada,0.0,8,true
consultas-4-listas-posteo.json,consultas-2-listas-posteo.json,228.0,Secuencial B0,0.0,39,true
consultas-4-listas-posteo.json,consultas-2-listas-posteo.json,228.0,No Acotada B1,9.5367431640625e-7,8,true
consultas-4-listas-posteo.json,consultas-2-listas-posteo.json,228.0,No Acotada B2,0.0,8,true
consultas-4-listas-posteo.json,consultas-2-listas-posteo.json,228.0,SkipList,0.0,19,true
consultas-4-listas-posteo.json,consultas-2-listas-posteo.json,42.0,Binaria Acotada,0.0,13,false
consultas-4-listas-posteo.json,consultas-2-listas-posteo.json,42.0,Secuencial B0,0.0,10,false
consultas-4-listas-posteo.json,consultas-2-listas-posteo.json,42.0,No Acotada B1,0.0,7,false
consultas-4-listas-posteo.json,consultas-2-listas-posteo.json,42.0,No Acotada B2,0.0,7,false
consultas-4-listas-posteo.json,consultas-2-listas-posteo.json,42.0,SkipList,1.1920928955078125e-6,23,false
consultas-4-listas-posteo.json,consultas-2-listas-posteo.json,18.0,Binaria Acotada,0.0,13,false
consultas-4-listas-posteo.json,consultas-2-listas-posteo.json,18.0,Secuencial B0,0.0,6,false
consultas-4-listas-posteo.json,consultas-2-listas-posteo.json,18.0,No Acotada B1,0.0,6,false
consultas-4-listas-posteo.json,consultas-2-listas-posteo.json,18.0,No Acotada B2,0.0,6,false
consultas-4-listas-posteo.json,consultas-2-listas-posteo.json,18.0,SkipList,9.5367431640625e-7,20,false
consultas-4-listas-posteo.json,consultas-2-listas-posteo.json,124.0,Binaria Acotada,9.5367431640625e-7,13,false
consultas-4-listas-posteo.json,consultas-2-listas-posteo.json,124.0,Secuencial B0,0.0,26,false
consultas-4-listas-posteo.json,consultas-2-listas-posteo.json,124.0,No Acotada B1,0.0,9,false
consultas-4-listas-posteo.json,consultas-2-listas-posteo.json,124.0,No Acotada B2,0.0,9,false
consultas-4-listas-posteo.json,consultas-2-listas-posteo.json,124.0,SkipList,0.0,21,false
consultas-4-listas-posteo.json,consultas-2-listas-posteo.json,8.0,Binaria Acotada,1.1920928955078125e-6,13,false
consultas-4-listas-posteo.json,consultas-2-listas-posteo.json,8.0,Secuencial B0,0.0,2,false
consultas-4-listas-posteo.json,consultas-2-listas-posteo.json,8.0,No Acotada B1,0.0,3,false
consultas-4-listas-posteo.json,consultas-2-listas-posteo.json,8.0,No Acotada B2,0.0,3,false
consultas-4-listas-posteo.json,consultas-2-listas-posteo.json,8.0,SkipList,0.0,17,false
consultas-4-listas-posteo.json,consultas-2-listas-posteo.json,88.0,Binaria Acotada,9.5367431640625e-7,14,false
consultas-4-listas-posteo.json,consultas-2-listas-posteo.json,88.0,Secuencial B0,0.0,18,false
consultas-4-listas-posteo.json,consultas-2-listas-posteo.json,88.0,No Acotada B1,0.0,9,false
consultas-4-listas-posteo.json,consultas-2-listas-posteo.json,88.0,No Acotada B2,0.0,9,false
consultas-4-listas-posteo.json,consultas-2-listas-posteo.json,88.0,SkipList,0.0,20,false
consultas-4-listas-posteo.json,consultas-2-listas-posteo.json,221.0,Binaria Acotada,9.5367431640625e-7,13,false
consultas-4-listas-posteo.json,consultas-2-listas-posteo.json,221.0,Secuencial B0,0.0,37,false
consultas-4-listas-posteo.json,consultas-2-listas-posteo.json,221.0,No Acotada B1,0.0,11,false
consultas-4-listas-posteo.json,consultas-2-listas-posteo.json,221.0,No Acotada B2,0.0,11,false
consultas-4-listas-posteo.json,consultas-2-listas-posteo.json,221.0,SkipList,0.0,23,false
consultas-4-listas-posteo.json,consultas-2-listas-posteo.json,122.0,Binaria Acotada,0.0,13,false
consultas-4-listas-posteo.json,consultas-2-listas-posteo.json,122.0,Secuencial B0,0.0,26,false
consultas-4-listas-posteo.json,consultas-2-listas-posteo.json,122.0,No Acotada B1,0.0,9,false
consultas-4-listas-posteo.json,consultas-2-listas-posteo.json,122.0,No Acotada B2,0.0,9,false
consultas-4-listas-posteo.json,consultas-2-listas-posteo.json,122.0,SkipList,0.0,21,false
consultas-4-listas-posteo.json,consultas-2-listas-posteo.json,149.0,Binaria Acotada,9.5367431640625e-7,13,false
consultas-4-listas-posteo.json,consultas-2-listas-posteo.json,149.0,Secuencial B0,0.0,30,false
consultas-4-listas-posteo.json,consultas-2-listas-posteo.json,149.0,No Acotada B1,0.0,9,false
consultas-4-listas-posteo.json,consultas-2-listas-posteo.json,149.0,No Acotada B2,0.0,9,false
consultas-4-listas-posteo.json,consultas-2-listas-posteo.json,149.0,SkipList,0.0,20,false
consultas-4-listas-posteo.json,consultas-2-listas-posteo.json,32.0,Binaria Acotada,0.0,14,false
consultas-4-listas-posteo.json,consultas-2-listas-posteo.json,32.0,Secuencial B0,0.0,9,false
consultas-4-listas-posteo.json,consultas-2-listas-posteo.json,32.0,No Acotada B1,0.0,7,false
consultas-4-listas-posteo.json,consultas-2-listas-posteo.json,32.0,No Acotada B2,0.0,7,false
consultas-4-listas-posteo.json,consultas-2-listas-posteo.json,32.0,SkipList,0.0,22,false
consultas-4-listas-posteo.json,consultas-2-listas-posteo.json,64.0,Binaria Acotada,0.0,13,false
consultas-4-listas-posteo.json,consultas-2-listas-posteo.json,64.0,Secuencial B0,0.0,12,false
consultas-4-listas-posteo.json,consultas-2-listas-posteo.json,64.0,No Acotada B1,0.0,8,false
consultas-4-listas-posteo.json,consultas-2-listas-posteo.json,64.0,No Acotada B2,0.0,8,false
consultas-4-listas-posteo.json,consultas-2-listas-posteo.json,64.0,SkipList,0.0,21,false
consultas-4-listas-posteo.json,consultas-2-listas-posteo.json,227.0,Binaria Acotada,0.0,14,false
consultas-4-listas-posteo.json,consultas-2-listas-posteo.json,227.0,Secuencial B0,0.0,39,false
consultas-4-listas-posteo.json,consultas-2-listas-posteo.json,227.0,No Acotada B1,9.5367431640625e-7,11,false
consultas-4-listas-posteo.json,consultas-2-listas-posteo.json,227.0,No Acotada B2,0.0,11,false
consultas-4-listas-posteo.json,consultas-2-listas-posteo.json,227.0,SkipList,0.0,19,false
consultas-4-listas-posteo.json,consultas-2-listas-posteo.json,19.0,Binaria Acotada,0.0,13,false
consultas-4-listas-posteo.json,consultas-2-listas-posteo.json,19.0,Secuencial B0,0.0,6,false
consultas-4-listas-posteo.json,consultas-2-listas-posteo.json,19.0,No Acotada B1,9.5367431640625e-7,6,false
consultas-4-listas-posteo.json,consultas-2-listas-posteo.json,19.0,No Acotada B2,0.0,6,false
consultas-4-listas-posteo.json,consultas-2-listas-posteo.json,19.0,SkipList,0.0,20,false
consultas-4-listas-posteo.json,consultas-2-listas-posteo.json,144.0,Binaria Acotada,0.0,13,false
consultas-4-listas-posteo.json,consultas-2-listas-posteo.json,144.0,Secuencial B0,0.0,30,false
consultas-4-listas-posteo.json,consultas-2-listas-posteo.json,144.0,No Acotada B1,0.0,9,false
consultas-4-listas-posteo.json,consultas-2-listas-posteo.json,144.0,No Acotada B2,0.0,9,false
consultas-4-listas-posteo.json,consultas-2-listas-posteo.json,144.0,SkipList,0.0,20,false
consultas-4-listas-posteo.json,consultas-2-listas-posteo.json,56.0,Binaria Acotada,0.0,13,false
consultas-4-listas-posteo.json,consultas-2-listas-posteo.json,56.0,Secuencial B0,0.0,11,false
consultas-4-listas-posteo.json,consultas-2-listas-posteo.json,56.0,No Acotada B1,0.0,8,false
consultas-4-listas-posteo.json,consultas-2-listas-posteo.json,56.0,No Acotada B2,0.0,8,false
consultas-4-listas-posteo.json,consultas-2-listas-posteo.json,56.0,SkipList,9.5367431640625e-7,20,false
consultas-4-listas-posteo.json,consultas-2-listas-posteo.json,138.0,Binaria Acotada,0.0,14,false
consultas-4-listas-posteo.json,consultas-2-listas-posteo.json,138.0,Secuencial B0,0.0,29,false
consultas-4-listas-posteo.json,consultas-2-listas-posteo.json,138.0,No Acotada B1,0.0,9,false
consultas-4-listas-posteo.json,consultas-2-listas-posteo.json,138.0,No Acotada B2,0.0,9,false
consultas-4-listas-posteo.json,consultas-2-listas-posteo.json,138.0,SkipList,9.5367431640625e-7,19,false
consultas-4-listas-posteo.json,consultas-2-listas-posteo.json,76.0,Binaria Acotada,0.0,13,true
consultas-4-listas-posteo.json,consultas-2-listas-posteo.json,76.0,Secuencial B0,0.0,15,true
consultas-4-listas-posteo.json,consultas-2-listas-posteo.json,76.0,No Acotada B1,0.0,7,true
consultas-4-listas-posteo.json,consultas-2-listas-posteo.json,76.0,No Acotada B2,0.0,7,true
consultas-4-listas-posteo.json,consultas-2-listas-posteo.json,76.0,SkipList,1.1920928955078125e-6,22,true
consultas-4-listas-posteo.json,consultas-2-listas-posteo.json,212.0,Binaria Acotada,0.0,13,false
consultas-4-listas-posteo.json,consultas-2-listas-posteo.json,212.0,Secuencial B0,0.0,37,false
consultas-4-listas-posteo.json,consultas-2-listas-posteo.json,212.0,No Acotada B1,0.0,11,false
consultas-4-listas-posteo.json,consultas-2-listas-posteo.json,212.0,No Acotada B2,0.0,11,false
consultas-4-listas-posteo.json,consultas-2-listas-posteo.json,212.0,SkipList,9.5367431640625e-7,23,false
consultas-4-listas-posteo.json,consultas-2-listas-posteo.json,79.0,Binaria Acotada,0.0,13,false
consultas-4-listas-posteo.json,consultas-2-listas-posteo.json,79.0,Secuencial B0,0.0,16,false
consultas-4-listas-posteo.json,consultas-2-listas-posteo.json,79.0,No Acotada B1,0.0,8,false
consultas-4-listas-posteo.json,consultas-2-listas-posteo.json,79.0,No Acotada B2,0.0,8,false
consultas-4-listas-posteo.json,consultas-2-listas-posteo.json,79.0,SkipList,9.5367431640625e-7,19,false
consultas-4-listas-posteo.json,consultas-2-listas-posteo.json,226.0,Binaria Acotada,0.0,14,true
consultas-4-listas-posteo.json,consultas-2-listas-posteo.json,226.0,Secuencial B0,0.0,38,true
consultas-4-listas-posteo.json,consultas-2-listas-posteo.json,226.0,No Acotada B1,0.0,11,true
consultas-4-listas-posteo.json,consultas-2-listas-posteo.json,226.0,No Acotada B2,0.0,11,true
consultas-4-listas-posteo.json,consultas-2-listas-posteo.json,226.0,SkipList,0.0,18,true
consultas-4-listas-posteo.json,consultas-2-listas-posteo.json,56.0,Binaria Acotada,0.0,13,false
consultas-4-listas-posteo.json,consultas-2-listas-posteo.json,56.0,Secuencial B0,9.5367431640625e-7,11,false
consultas-4-listas-posteo.json,consultas-2-listas-posteo.json,56.0,No Acotada B1,0.0,8,false
consultas-4-listas-posteo.json,consultas-2-listas-posteo.json,56.0,No Acotada B2,0.0,8,false
consultas-4-listas-posteo.json,consultas-2-listas-posteo.json,56.0,SkipList,0.0,20,false
consultas-4-listas-posteo.json,consultas-2-listas-posteo.json,47.0,Binaria Acotada,0.0,13,false
consultas-4-listas-posteo.json,consultas-2-listas-posteo.json,47.0,Secuencial B0,0.0,11,false
consultas-4-listas-posteo.json,consultas-2-listas-posteo.json,47.0,No Acotada B1,0.0,8,false
consultas-4-listas-posteo.json,consultas-2-listas-posteo.json,47.0,No Acotada B2,0.0,8,false
consultas-4-listas-posteo.json,consultas-2-listas-posteo.json,47.0,SkipList,0.0,20,false
consultas-4-listas-posteo.json,consultas-2-listas-posteo.json,32.0,Binaria Acotada,0.0,14,false
consultas-4-listas-posteo.json,consultas-2-listas-posteo.json,32.0,Secuencial B0,0.0,9,false
consultas-4-listas-posteo.json,consultas-2-listas-posteo.json,32.0,No Acotada B1,0.0,7,false
consultas-4-listas-posteo.json,consultas-2-listas-posteo.json,32.0,No Acotada B2,0.0,7,false
consultas-4-listas-posteo.json,consultas-2-listas-posteo.json,32.0,SkipList,0.0,22,false
consultas-4-listas-posteo.json,consultas-2-listas-posteo.json,199.0,Binaria Acotada,0.0,13,false
consultas-4-listas-posteo.json,consultas-2-listas-posteo.json,199.0,Secuencial B0,0.0,36,false
consultas-4-listas-posteo.json,consultas-2-listas-posteo.json,199.0,No Acotada B1,0.0,11,false
consultas-4-listas-posteo.json,consultas-2-listas-posteo.json,199.0,No Acotada B2,0.0,11,false
consultas-4-listas-posteo.json,consultas-2-listas-posteo.json,199.0,SkipList,0.0,22,false
consultas-4-listas-posteo.json,consultas-2-listas-posteo.json,130.0,Binaria Acotada,0.0,13,false
consultas-4-listas-posteo.json,consultas-2-listas-posteo.json,130.0,Secuencial B0,0.0,27,false
consultas-4-listas-posteo.json,consultas-2-listas-posteo.json,130.0,No Acotada B1,0.0,9,false
consultas-4-listas-posteo.json,consultas-2-listas-posteo.json,130.0,No Acotada B2,0.0,9,false
consultas-4-listas-posteo.json,consultas-2-listas-posteo.json,130.0,SkipList,0.0,17,false
consultas-4-listas-posteo.json,consultas-2-listas-posteo.json,95.0,Binaria Acotada,0.0,14,false
consultas-4-listas-posteo.json,consultas-2-listas-posteo.json,95.0,Secuencial B0,0.0,19,false
consultas-4-listas-posteo.json,consultas-2-listas-posteo.json,95.0,No Acotada B1,0.0,9,false
consultas-4-listas-posteo.json,consultas-2-listas-posteo.json,95.0,No Acotada B2,0.0,9,false
consultas-4-listas-posteo.json,consultas-2-listas-posteo.json,95.0,SkipList,0.0,21,false
consultas-4-listas-posteo.json,consultas-2-listas-posteo.json,26.0,Binaria Acotada,0.0,14,false
consultas-4-listas-posteo.json,consultas-2-listas-posteo.json,26.0,Secuencial B0,0.0,8,false
consultas-4-listas-posteo.json,consultas-2-listas-posteo.json,26.0,No Acotada B1,0.0,6,false
consultas-4-listas-posteo.json,consultas-2-listas-posteo.json,26.0,No Acotada B2,0.0,6,false
consultas-4-listas-posteo.json,consultas-2-listas-posteo.json,26.0,SkipList,0.0,21,false
consultas-4-listas-posteo.json,consultas-2-listas-posteo.json,182.0,Binaria Acotada,0.0,13,false
consultas-4-listas-posteo.json,consultas-2-listas-posteo.json,182.0,Secuencial B0,0.0,35,false
consultas-4-listas-posteo.json,consultas-2-listas-posteo.json,182.0,No Acotada B1,9.5367431640625e-7,11,false
consultas-4-listas-posteo.json,consultas-2-listas-posteo.json,182.0,No Acotada B2,0.0,11,false
consultas-4-listas-posteo.json,consultas-2-listas-posteo.json,182.0,SkipList,9.5367431640625e-7,23,false
consultas-4-listas-posteo.json,consultas-2-listas-posteo.json,151.0,Binaria Acotada,0.0,13,false
consultas-4-listas-posteo.json,consultas-2-listas-posteo.json,151.0,Secuencial B0,0.0,30,false
consultas-4-listas-posteo.json,consultas-2-listas-posteo.json,151.0,No Acotada B1,0.0,9,false
consultas-4-listas-posteo.json,consultas-2-listas-posteo.json,151.0,No Acotada B2,0.0,9,false
consultas-4-listas-posteo.json,consultas-2-listas-posteo.json,151.0,SkipList,9.5367431640625e-7,20,false
consultas-4-listas-posteo.json,consultas-2-listas-posteo.json,5.0,Binaria Acotada,0.0,13,false
consultas-4-listas-posteo.json,consultas-2-listas-posteo.json,5.0,Secuencial B0,0.0,1,false
consultas-4-listas-posteo.json,consultas-2-listas-posteo.json,5.0,No Acotada B1,0.0,1,false
consultas-4-listas-posteo.json,consultas-2-listas-posteo.json,5.0,No Acotada B2,0.0,1,false
consultas-4-listas-posteo.json,consultas-2-listas-posteo.json,5.0,SkipList,9.5367431640625e-7,16,false
consultas-4-listas-posteo.json,consultas-2-listas-posteo.json,69.0,Binaria Acotada,0.0,13,false
consultas-4-listas-posteo.json,consultas-2-listas-posteo.json,69.0,Secuencial B0,0.0,12,false
consultas-4-listas-posteo.json,consultas-2-listas-posteo.json,69.0,No Acotada B1,0.0,8,false
consultas-4-listas-posteo.json,consultas-2-listas-posteo.json,69.0,No Acotada B2,0.0,8,false
consultas-4-listas-posteo.json,consultas-2-listas-posteo.json,69.0,SkipList,9.5367431640625e-7,21,false
consultas-4-listas-posteo.json,consultas-2-listas-posteo.json,28.0,Binaria Acotada,0.0,14,false
consultas-4-listas-posteo.json,consultas-2-listas-posteo.json,28.0,Secuencial B0,0.0,8,false
consultas-4-listas-posteo.json,consultas-2-listas-posteo.json,28.0,No Acotada B1,0.0,6,false
consultas-4-listas-posteo.json,consultas-2-listas-posteo.json,28.0,No Acotada B2,0.0,6,false
consultas-4-listas-posteo.json,consultas-2-listas-posteo.json,28.0,SkipList,1.1920928955078125e-6,21,false
consultas-4-listas-posteo.json,consultas-2-listas-posteo.json,215.0,Binaria Acotada,0.0,13,false
consultas-4-listas-posteo.json,consultas-2-listas-posteo.json,215.0,Secuencial B0,0.0,37,false
consultas-4-listas-posteo.json,consultas-2-listas-posteo.json,215.0,No Acotada B1,0.0,11,false
consultas-4-listas-posteo.json,consultas-2-listas-posteo.json,215.0,No Acotada B2,0.0,11,false
consultas-4-listas-posteo.json,consultas-2-listas-posteo.json,215.0,SkipList,9.5367431640625e-7,23,false
consultas-4-listas-posteo.json,consultas-2-listas-posteo.json,103.0,Binaria Acotada,0.0,13,false
consultas-4-listas-posteo.json,consultas-2-listas-posteo.json,103.0,Secuencial B0,0.0,20,false
consultas-4-listas-posteo.json,consultas-2-listas-posteo.json,103.0,No Acotada B1,0.0,9,false
consultas-4-listas-posteo.json,consultas-2-listas-posteo.json,103.0,No Acotada B2,0.0,9,false
consultas-4-listas-posteo.json,consultas-2-listas-posteo.json,103.0,SkipList,0.0,20,false
consultas-4-listas-posteo.json,consultas-2-listas-posteo.json,236.0,Binaria Acotada,0.0,13,false
consultas-4-listas-posteo.json,consultas-2-listas-posteo.json,236.0,Secuencial B0,1.1920928955078125e-6,40,false
consultas-4-listas-posteo.json,consultas-2-listas-posteo.json,236.0,No Acotada B1,0.0,11,false
consultas-4-listas-posteo.json,consultas-2-listas-posteo.json,236.0,No Acotada B2,0.0,11,false
consultas-4-listas-posteo.json,consultas-2-listas-posteo.json,236.0,SkipList,0.0,20,false
consultas-4-listas-posteo.json,consultas-2-listas-posteo.json,125.0,Binaria Acotada,0.0,13,false
consultas-4-listas-posteo.json,consultas-2-listas-posteo.json,125.0,Secuencial B0,9.5367431640625e-7,26,false
consultas-4-listas-posteo.json,consultas-2-listas-posteo.json,125.0,No Acotada B1,0.0,9,false
consultas-4-listas-posteo.json,consultas-2-listas-posteo.json,125.0,No Acotada B2,0.0,9,false
consultas-4-listas-posteo.json,consultas-2-listas-posteo.json,125.0,SkipList,0.0,21,false
consultas-4-listas-posteo.json,consultas-2-listas-posteo.json,93.0,Binaria Acotada,0.0,14,false
consultas-4-listas-posteo.json,consultas-2-listas-posteo.json,93.0,Secuencial B0,0.0,19,false
consultas-4-listas-posteo.json,consultas-2-listas-posteo.json,93.0,No Acotada B1,0.0,9,false
consultas-4-listas-posteo.json,consultas-2-listas-posteo.json,93.0,No Acotada B2,0.0,9,false
consultas-4-listas-posteo.json,consultas-2-listas-posteo.json,93.0,SkipList,0.0,21,false
consultas-4-listas-posteo.json,consultas-2-listas-posteo.json,66.0,Binaria Acotada,0.0,13,false
consultas-4-listas-posteo.json,consultas-2-listas-posteo.json,66.0,Secuencial B0,0.0,12,false
consultas-4-listas-posteo.json,consultas-2-listas-posteo.json,66.0,No Acotada B1,0.0,8,false
consultas-4-listas-posteo.json,consultas-2-listas-posteo.json,66.0,No Acotada B2,0.0,8,false
consultas-4-listas-posteo.json,consultas-2-listas-posteo.json,66.0,SkipList,0.0,21,false
consultas-4-listas-posteo.json,consultas-2-listas-posteo.json,41.0,Binaria Acotada,0.0,13,false
consultas-4-listas-posteo.json,consultas-2-listas-posteo.json,41.0,Secuencial B0,0.0,10,false
consultas-4-listas-posteo.json,consultas-2-listas-posteo.json,41.0,No Acotada B1,0.0,7,false
consultas-4-listas-posteo.json,consultas-2-listas-posteo.json,41.0,No Acotada B2,9.5367431640625e-7,7,false
consultas-4-listas-posteo.json,consultas-2-listas-posteo.json,41.0,SkipList,0.0,23,false
consultas-4-listas-posteo.json,consultas-2-listas-posteo.json,52.0,Binaria Acotada,1.1920928955078125e-6,13,false
consultas-4-listas-posteo.json,consultas-2-listas-posteo.json,52.0,Secuencial B0,0.0,11,false
consultas-4-listas-posteo.json,consultas-2-listas-posteo.json,52.0,No Acotada B1,0.0,8,false
consultas-4-listas-posteo.json,consultas-2-listas-posteo.json,52.0,No Acotada B2,9.5367431640625e-7,8,false
consultas-4-listas-posteo.json,consultas-2-listas-posteo.json,52.0,SkipList,0.0,20,false
consultas-4-listas-posteo.json,consultas-2-listas-posteo.json,192.0,Binaria Acotada,9.5367431640625e-7,13,false
consultas-4-listas-posteo.json,consultas-2-listas-posteo.json,192.0,Secuencial B0,0.0,35,false
consultas-4-listas-posteo.json,consultas-2-listas-posteo.json,192.0,No Acotada B1,0.0,11,false
consultas-4-listas-posteo.json,consultas-2-listas-posteo.json,192.0,No Acotada B2,0.0,11,false
consultas-4-listas-posteo.json,consultas-2-listas-posteo.json,192.0,SkipList,0.0,23,false
consultas-4-listas-posteo.json,consultas-2-listas-posteo.json,186.0,Binaria Acotada,0.0,13,false
consultas-4-listas-posteo.json,consultas-2-listas-posteo.json,186.0,Secuencial B0,0.0,35,false
consultas-4-listas-posteo.json,consultas-2-listas-posteo.json,186.0,No Acotada B1,0.0,11,false
consultas-4-listas-posteo.json,consultas-2-listas-posteo.json,186.0,No Acotada B2,0.0,11,false
consultas-4-listas-posteo.json,consultas-2-listas-posteo.json,186.0,SkipList,0.0,23,false
consultas-4-listas-posteo.json,consultas-2-listas-posteo.json,98.0,Binaria Acotada,0.0,14,false
consultas-4-listas-posteo.json,consultas-2-listas-posteo.json,98.0,Secuencial B0,0.0,19,false
consultas-4-listas-posteo.json,consultas-2-listas-posteo.json,98.0,No Acotada B1,0.0,9,false
consultas-4-listas-posteo.json,consultas-2-listas-posteo.json,98.0,No Acotada B2,0.0,9,false
consultas-4-listas-posteo.json,consultas-2-listas-posteo.json,98.0,SkipList,0.0,21,false
consultas-4-listas-posteo.json,consultas-2-listas-posteo.json,65.0,Binaria Acotada,0.0,13,false
consultas-4-listas-posteo.json,consultas-2-listas-posteo.json,65.0,Secuencial B0,0.0,12,false
consultas-4-listas-posteo.json,consultas-2-listas-posteo.json,65.0,No Acotada B1,0.0,8,false
consultas-4-listas-posteo.json,consultas-2-listas-posteo.json,65.0,No Acotada B2,0.0,8,false
consultas-4-listas-posteo.json,consultas-2-listas-posteo.json,65.0,SkipList,0.0,21,false
consultas-4-listas-posteo.json,consultas-2-listas-posteo.json,129.0,Binaria Acotada,0.0,13,false
consultas-4-listas-posteo.json,consultas-2-listas-posteo.json,129.0,Secuencial B0,0.0,27,false
consultas-4-listas-posteo.json,consultas-2-listas-posteo.json,129.0,No Acotada B1,0.0,9,false
consultas-4-listas-posteo.json,consultas-2-listas-posteo.json,129.0,No Acotada B2,0.0,9,false
consultas-4-listas-posteo.json,consultas-2-listas-posteo.json,129.0,SkipList,0.0,17,false
consultas-4-listas-posteo.json,consultas-2-listas-posteo.json,79.0,Binaria Acotada,0.0,13,false
consultas-4-listas-posteo.json,consultas-2-listas-posteo.json,79.0,Secuencial B0,0.0,16,false
consultas-4-listas-posteo.json,consultas-2-listas-posteo.json,79.0,No Acotada B1,0.0,8,false
consultas-4-listas-posteo.json,consultas-2-listas-posteo.json,79.0,No Acotada B2,0.0,8,false
consultas-4-listas-posteo.json,consultas-2-listas-posteo.json,79.0,SkipList,0.0,19,false
consultas-4-listas-posteo.json,consultas-2-listas-posteo.json,88.0,Binaria Acotada,0.0,14,false
consultas-4-listas-posteo.json,consultas-2-listas-posteo.json,88.0,Secuencial B0,0.0,18,false
consultas-4-listas-posteo.json,consultas-2-listas-posteo.json,88.0,No Acotada B1,9.5367431640625e-7,9,false
consultas-4-listas-posteo.json,consultas-2-listas-posteo.json,88.0,No Acotada B2,0.0,9,false
consultas-4-listas-posteo.json,consultas-2-listas-posteo.json,88.0,SkipList,0.0,20,false
consultas-4-listas-posteo.json,consultas-2-listas-posteo.json,163.0,Binaria Acotada,0.0,13,false
consultas-4-listas-posteo.json,consultas-2-listas-posteo.json,163.0,Secuencial B0,0.0,32,false
consultas-4-listas-posteo.json,consultas-2-listas-posteo.json,163.0,No Acotada B1,9.5367431640625e-7,10,false
consultas-4-listas-posteo.json,consultas-2-listas-posteo.json,163.0,No Acotada B2,0.0,10,false
consultas-4-listas-posteo.json,consultas-2-listas-posteo.json,163.0,SkipList,0.0,20,false
consultas-4-listas-posteo.json,consultas-2-listas-posteo.json,124.0,Binaria Acotada,0.0,13,false
consultas-4-listas-posteo.json,consultas-2-listas-posteo.json,124.0,Secuencial B0,0.0,26,false
consultas-4-listas-posteo.json,consultas-2-listas-posteo.json,124.0,No Acotada B1,0.0,9,false
consultas-4-listas-posteo.json,consultas-2-listas-posteo.json,124.0,No Acotada B2,0.0,9,false
consultas-4-listas-posteo.json,consultas-2-listas-posteo.json,124.0,SkipList,0.0,21,false
consultas-4-listas-posteo.json,consultas-2-listas-posteo.json,216.0,Binaria Acotada,0.0,13,false
consultas-4-listas-posteo.json,consultas-2-listas-posteo.json,216.0,Secuencial B0,0.0,37,false
consultas-4-listas-posteo.json,consultas-2-listas-posteo.json,216.0,No Acotada B1,0.0,11,false
consultas-4-listas-posteo.json,consultas-2-listas-posteo.json,216.0,No Acotada B2,0.0,11,false
consultas-4-listas-posteo.json,consultas-2-listas-posteo.json,216.0,SkipList,9.5367431640625e-7,23,false
consultas-4-listas-posteo.json,consultas-2-listas-posteo.json,49.0,Binaria Acotada,0.0,13,false
consultas-4-listas-posteo.json,consultas-2-listas-posteo.json,49.0,Secuencial B0,0.0,11,false
consultas-4-listas-posteo.json,consultas-2-listas-posteo.json,49.0,No Acotada B1,0.0,8,false
consultas-4-listas-posteo.json,consultas-2-listas-posteo.json,49.0,No Acotada B2,0.0,8,false
consultas-4-listas-posteo.json,consultas-2-listas-posteo.json,49.0,SkipList,9.5367431640625e-7,20,false
consultas-4-listas-posteo.json,consultas-2-listas-posteo.json,114.0,Binaria Acotada,0.0,13,false
consultas-4-listas-posteo.json,consultas-2-listas-posteo.json,114.0,Secuencial B0,0.0,26,false
consultas-4-listas-posteo.json,consultas-2-listas-posteo.json,114.0,No Acotada B1,0.0,9,false
consultas-4-listas-posteo.json,consultas-2-listas-posteo.json,114.0,No Acotada B2,0.0,9,false
consultas-4-listas-posteo.json,consultas-2-listas-posteo.json,114.0,SkipList,1.1920928955078125e-6,21,false
consultas-4-listas-posteo.json,consultas-2-listas-posteo.json,21.0,Binaria Acotada,0.0,13,false
consultas-4-listas-posteo.json,consultas-2-listas-posteo.json,21.0,Secuencial B0,0.0,6,false
consultas-4-listas-posteo.json,consultas-2-listas-posteo.json,21.0,No Acotada B1,0.0,6,false
consultas-4-listas-posteo.json,consultas-2-listas-posteo.json,21.0,No Acotada B2,0.0,6,false
consultas-4-listas-posteo.json,consultas-2-listas-posteo.json,21.0,SkipList,9.5367431640625e-7,20,false
consultas-4-listas-posteo.json,consultas-2-listas-posteo.json,235.0,Binaria Acotada,0.0,13,false
consultas-4-listas-posteo.json,consultas-2-listas-posteo.json,235.0,Secuencial B0,0.0,40,false
consultas-4-listas-posteo.json,consultas-2-listas-posteo.json,235.0,No Acotada B1,0.0,11,false
consultas-4-listas-posteo.json,consultas-2-listas-posteo.json,235.0,No Acotada B2,0.0,11,false
consultas-4-listas-posteo.json,consultas-2-listas-posteo.json,235.0,SkipList,0.0,20,false
consultas-4-listas-posteo.json,consultas-2-listas-posteo.json,209.0,Binaria Acotada,0.0,13,false
consultas-4-listas-posteo.json,consultas-2-listas-posteo.json,209.0,Secuencial B0,0.0,37,false
consultas-4-listas-posteo.json,consultas-2-listas-posteo.json,209.0,No Acotada B1,0.0,11,false
consultas-4-listas-posteo.json,consultas-2-listas-posteo.json,209.0,No Acotada B2,0.0,11,false
consultas-4-listas-posteo.json,consultas-2-listas-posteo.json,209.0,SkipList,0.0,23,false
consultas-4-listas-posteo.json,consultas-2-listas-posteo.json,40.0,Binaria Acotada,0.0,10,true
consultas-4-listas-posteo.json,consultas-2-listas-posteo.json,40.0,Secuencial B0,0.0,9,true
consultas-4-listas-posteo.json,consultas-2-listas-posteo.json,40.0,No Acotada B1,0.0,6,true
consultas-4-listas-posteo.json,consultas-2-listas-posteo.json,40.0,No Acotada B2,9.5367431640625e-7,6,true
consultas-4-listas-posteo.json,consultas-2-listas-posteo.json,40.0,SkipList,0.0,22,true
consultas-4-listas-posteo.json,consultas-2-listas-posteo.json,185.0,Binaria Acotada,9.5367431640625e-7,13,false
consultas-4-listas-posteo.json,consultas-2-listas-posteo.json,185.0,Secuencial B0,0.0,35,false
consultas-4-listas-posteo.json,consultas-2-listas-posteo.json,185.0,No Acotada B1,0.0,11,false
consultas-4-listas-posteo.json,consultas-2-listas-posteo.json,185.0,No Acotada B2,0.0,11,false
consultas-4-listas-posteo.json,consultas-2-listas-posteo.json,185.0,SkipList,0.0,23,false
consultas-4-listas-posteo.json,consultas-2-listas-posteo.json,110.0,Binaria Acotada,0.0,12,true
consultas-4-listas-posteo.json,consultas-2-listas-posteo.json,110.0,Secuencial B0,0.0,21,true
consultas-4-listas-posteo.json,consultas-2-listas-posteo.json,110.0,No Acotada B1,0.0,8,true
consultas-4-listas-posteo.json,consultas-2-listas-posteo.json,110.0,No Acotada B2,0.0,8,true
consultas-4-listas-posteo.json,consultas-2-listas-posteo.json,110.0,SkipList,0.0,21,true
consultas-4-listas-posteo.json,consultas-2-listas-posteo.json,141.0,Binaria Acotada,0.0,13,false
consultas-4-listas-posteo.json,consultas-2-listas-posteo.json,141.0,Secuencial B0,0.0,30,false
consultas-4-listas-posteo.json,consultas-2-listas-posteo.json,141.0,No Acotada B1,9.5367431640625e-7,9,false
consultas-4-listas-posteo.json,consultas-2-listas-posteo.json,141.0,No Acotada B2,0.0,9,false
consultas-4-listas-posteo.json,consultas-2-listas-posteo.json,141.0,SkipList,0.0,20,false
consultas-4-listas-posteo.json,consultas-2-listas-posteo.json,208.0,Binaria Acotada,0.0,13,false
consultas-4-listas-posteo.json,consultas-2-listas-posteo.json,208.0,Secuencial B0,0.0,37,false
consultas-4-listas-posteo.json,consultas-2-listas-posteo.json,208.0,No Acotada B1,0.0,11,false
consultas-4-listas-posteo.json,consultas-2-listas-posteo.json,208.0,No Acotada B2,0.0,11,false
consultas-4-listas-posteo.json,consultas-2-listas-posteo.json,208.0,SkipList,0.0,23,false
consultas-4-listas-posteo.json,consultas-2-listas-posteo.json,21.0,Binaria Acotada,0.0,13,false
consultas-4-listas-posteo.json,consultas-2-listas-posteo.json,21.0,Secuencial B0,0.0,6,false
consultas-4-listas-posteo.json,consultas-2-listas-posteo.json,21.0,No Acotada B1,9.5367431640625e-7,6,false
consultas-4-listas-posteo.json,consultas-2-listas-posteo.json,21.0,No Acotada B2,0.0,6,false
consultas-4-listas-posteo.json,consultas-2-listas-posteo.json,21.0,SkipList,0.0,20,false
consultas-4-listas-posteo.json,consultas-2-listas-posteo.json,80.0,Binaria Acotada,0.0,13,false
consultas-4-listas-posteo.json,consultas-2-listas-posteo.json,80.0,Secuencial B0,0.0,16,false
consultas-4-listas-posteo.json,consultas-2-listas-posteo.json,80.0,No Acotada B1,0.0,8,false
consultas-4-listas-posteo.json,consultas-2-listas-posteo.json,80.0,No Acotada B2,0.0,8,false
consultas-4-listas-posteo.json,consultas-2-listas-posteo.json,80.0,SkipList,0.0,19,false
consultas-4-listas-posteo.json,consultas-2-listas-posteo.json,65.0,Binaria Acotada,0.0,13,false
consultas-4-listas-posteo.json,consultas-2-listas-posteo.json,65.0,Secuencial B0,0.0,12,false
consultas-4-listas-posteo.json,consultas-2-listas-posteo.json,65.0,No Acotada B1,0.0,8,false
consultas-4-listas-posteo.json,consultas-2-listas-posteo.json,65.0,No Acotada B2,0.0,8,false
consultas-4-listas-posteo.json,consultas-2-listas-posteo.json,65.0,SkipList,0.0,21,false
consultas-4-listas-posteo.json,consultas-2-listas-posteo.json,89.0,Binaria Acotada,0.0,14,true
consultas-4-listas-posteo.json,consultas-2-listas-posteo.json,89.0,Secuencial B0,0.0,18,true
consultas-4-listas-posteo.json,consultas-2-listas-posteo.json,89.0,No Acotada B1,0.0,9,true
consultas-4-listas-posteo.json,consultas-2-listas-posteo.json,89.0,No Acotada B2,0.0,9,true
consultas-4-listas-posteo.json,consultas-2-listas-posteo.json,89.0,SkipList,9.5367431640625e-7,20,true
consultas-4-listas-posteo.json,consultas-2-listas-posteo.json,79.0,Binaria Acotada,0.0,13,false
consultas-4-listas-posteo.json,consultas-2-listas-posteo.json,79.0,Secuencial B0,0.0,16,false
consultas-4-listas-posteo.json,consultas-2-listas-posteo.json,79.0,No Acotada B1,0.0,8,false
consultas-4-listas-posteo.json,consultas-2-listas-posteo.json,79.0,No Acotada B2,0.0,8,false
consultas-4-listas-posteo.json,consultas-2-listas-posteo.json,79.0,SkipList,9.5367431640625e-7,19,false
consultas-4-listas-posteo.json,consultas-4-listas-posteo.json,39835.0,Binaria Acotada,9.5367431640625e-7,11,true
consultas-4-listas-posteo.json,consultas-4-listas-posteo.json,39835.0,Secuencial B0,4.0531158447265625e-6,8011,true
consultas-4-listas-posteo.json,consultas-4-listas-posteo.json,39835.0,No Acotada B1,0.0,25,true
consultas-4-listas-posteo.json,consultas-4-listas-posteo.json,39835.0,No Acotada B2,0.0,25,true
consultas-4-listas-posteo.json,consultas-4-listas-posteo.json,39835.0,SkipList,0.0,29,true
consultas-4-listas-posteo.json,consultas-4-listas-posteo.json,37103.0,Binaria Acotada,9.5367431640625e-7,12,true
consultas-4-listas-posteo.json,consultas-4-listas-posteo.json,37103.0,Secuencial B0,4.0531158447265625e-6,7442,true
consultas-4-listas-posteo.json,consultas-4-listas-posteo.json,37103.0,No Acotada B1,0.0,24,true
consultas-4-listas-posteo.json,consultas-4-listas-posteo.json,37103.0,No Acotada B2,0.0,24,true
consultas-4-listas-posteo.json,consultas-4-listas-posteo.json,37103.0,SkipList,1.1920928955078125e-6,39,true
consultas-4-listas-posteo.json,consultas-4-listas-posteo.json,20584.0,Binaria Acotada,0.0,14,true
consultas-4-listas-posteo.json,consultas-4-listas-posteo.json,20584.0,Secuencial B0,2.86102294921875e-6,4080,true
consultas-4-listas-posteo.json,consultas-4-listas-posteo.json,20584.0,No Acotada B1,0.0,19,true
consultas-4-listas-posteo.json,consultas-4-listas-posteo.json,20584.0,No Acotada B2,0.0,19,true
consultas-4-listas-posteo.json,consultas-4-listas-posteo.json,20584.0,SkipList,0.0,37,true
consultas-4-listas-posteo.json,consultas-4-listas-posteo.json,11036.0,Binaria Acotada,0.0,13,true
consultas-4-listas-posteo.json,consultas-4-listas-posteo.json,11036.0,Secuencial B0,1.9073486328125e-6,2160,true
consultas-4-listas-posteo.json,consultas-4-listas-posteo.json,11036.0,No Acotada B1,0.0,23,true
consultas-4-listas-posteo.json,consultas-4-listas-posteo.json,11036.0,No Acotada B2,9.5367431640625e-7,23,true
consultas-4-listas-posteo.json,consultas-4-listas-posteo.json,11036.0,SkipList,0.0,22,true
consultas-4-listas-posteo.json,consultas-4-listas-posteo.json,3086.0,Binaria Acotada,0.0,12,true
consultas-4-listas-posteo.json,consultas-4-listas-posteo.json,3086.0,Secuencial B0,0.0,597,true
consultas-4-listas-posteo.json,consultas-4-listas-posteo.json,3086.0,No Acotada B1,0.0,18,true
consultas-4-listas-posteo.json,consultas-4-listas-posteo.json,3086.0,No Acotada B2,0.0,18,true
consultas-4-listas-posteo.json,consultas-4-listas-posteo.json,3086.0,SkipList,0.0,23,true
consultas-4-listas-posteo.json,consultas-4-listas-posteo.json,26699.0,Binaria Acotada,0.0,13,true
consultas-4-listas-posteo.json,consultas-4-listas-posteo.json,26699.0,Secuencial B0,3.0994415283203125e-6,5290,true
consultas-4-listas-posteo.json,consultas-4-listas-posteo.json,26699.0,No Acotada B1,9.5367431640625e-7,23,true
consultas-4-listas-posteo.json,consultas-4-listas-posteo.json,26699.0,No Acotada B2,0.0,23,true
consultas-4-listas-posteo.json,consultas-4-listas-posteo.json,26699.0,SkipList,9.5367431640625e-7,23,true
consultas-4-listas-posteo.json,consultas-4-listas-posteo.json,9561.0,Binaria Acotada,0.0,12,true
consultas-4-listas-posteo.json,consultas-4-listas-posteo.json,9561.0,Secuencial B0,1.9073486328125e-6,1886,true
consultas-4-listas-posteo.json,consultas-4-listas-posteo.json,9561.0,No Acotada B1,0.0,20,true
consultas-4-listas-posteo.json,consultas-4-listas-posteo.json,9561.0,No Acotada B2,0.0,20,true
consultas-4-listas-posteo.json,consultas-4-listas-posteo.json,9561.0,SkipList,0.0,20,true
consultas-4-listas-posteo.json,consultas-4-listas-posteo.json,36445.0,Binaria Acotada,1.1920928955078125e-6,13,true
consultas-4-listas-posteo.json,consultas-4-listas-posteo.json,36445.0,Secuencial B0,5.0067901611328125e-6,7290,true
consultas-4-listas-posteo.json,consultas-4-listas-posteo.json,36445.0,No Acotada B1,0.0,24,true
consultas-4-listas-posteo.json,consultas-4-listas-posteo.json,36445.0,No Acotada B2,0.0,24,true
consultas-4-listas-posteo.json,consultas-4-listas-posteo.json,36445.0,SkipList,0.0,30,true
consultas-4-listas-posteo.json,consultas-4-listas-posteo.json,2853.0,Binaria Acotada,0.0,11,true
consultas-4-listas-posteo.json,consultas-4-listas-posteo.json,2853.0,Secuencial B0,9.5367431640625e-7,550,true
consultas-4-listas-posteo.json,consultas-4-listas-posteo.json,2853.0,No Acotada B1,0.0,19,true
consultas-4-listas-posteo.json,consultas-4-listas-posteo.json,2853.0,No Acotada B2,9.5367431640625e-7,19,true
consultas-4-listas-posteo.json,consultas-4-listas-posteo.json,2853.0,SkipList,0.0,22,true
consultas-4-listas-posteo.json,consultas-4-listas-posteo.json,27873.0,Binaria Acotada,1.1920928955078125e-6,10,true
consultas-4-listas-posteo.json,consultas-4-listas-posteo.json,27873.0,Secuencial B0,3.814697265625e-6,5555,true
consultas-4-listas-posteo.json,consultas-4-listas-posteo.json,27873.0,No Acotada B1,0.0,23,true
consultas-4-listas-posteo.json,consultas-4-listas-posteo.json,27873.0,No Acotada B2,0.0,23,true
consultas-4-listas-posteo.json,consultas-4-listas-posteo.json,27873.0,SkipList,0.0,23,true
consultas-4-listas-posteo.json,consultas-4-listas-posteo.json,2216.0,Binaria Acotada,9.5367431640625e-7,10,true
consultas-4-listas-posteo.json,consultas-4-listas-posteo.json,2216.0,Secuencial B0,0.0,418,true
consultas-4-listas-posteo.json,consultas-4-listas-posteo.json,2216.0,No Acotada B1,0.0,15,true
consultas-4-listas-posteo.json,consultas-4-listas-posteo.json,2216.0,No Acotada B2,0.0,15,true
consultas-4-listas-posteo.json,consultas-4-listas-posteo.json,2216.0,SkipList,0.0,21,true
consultas-4-listas-posteo.json,consultas-4-listas-posteo.json,1500.0,Binaria Acotada,9.5367431640625e-7,11,true
consultas-4-listas-posteo.json,consultas-4-listas-posteo.json,1500.0,Secuencial B0,0.0,277,true
consultas-4-listas-posteo.json,consultas-4-listas-posteo.json,1500.0,No Acotada B1,1.1920928955078125e-6,16,true
consultas-4-listas-posteo.json,consultas-4-listas-posteo.json,1500.0,No Acotada B2,0.0,16,true
consultas-4-listas-posteo.json,consultas-4-listas-posteo.json,1500.0,SkipList,9.5367431640625e-7,24,true
consultas-4-listas-posteo.json,consultas-4-listas-posteo.json,48987.0,Binaria Acotada,0.0,9,true
consultas-4-listas-posteo.json,consultas-4-listas-posteo.json,48987.0,Secuencial B0,5.9604644775390625e-6,9785,true
consultas-4-listas-posteo.json,consultas-4-listas-posteo.json,48987.0,No Acotada B1,0.0,25,true
consultas-4-listas-posteo.json,consultas-4-listas-posteo.json,48987.0,No Acotada B2,0.0,25,true
consultas-4-listas-posteo.json,consultas-4-listas-posteo.json,48987.0,SkipList,9.5367431640625e-7,22,true
consultas-4-listas-posteo.json,consultas-4-listas-posteo.json,34304.0,Binaria Acotada,0.0,8,true
consultas-4-listas-posteo.json,consultas-4-listas-posteo.json,34304.0,Secuencial B0,5.0067901611328125e-6,6835,true
consultas-4-listas-posteo.json,consultas-4-listas-posteo.json,34304.0,No Acotada B1,0.0,25,true
consultas-4-listas-posteo.json,consultas-4-listas-posteo.json,34304.0,No Acotada B2,1.1920928955078125e-6,25,true
consultas-4-listas-posteo.json,consultas-4-listas-posteo.json,34304.0,SkipList,0.0,24,true
consultas-4-listas-posteo.json,consultas-4-listas-posteo.json,29599.0,Binaria Acotada,9.5367431640625e-7,12,true
consultas-4-listas-posteo.json,consultas-4-listas-posteo.json,29599.0,Secuencial B0,4.0531158447265625e-6,5890,true
consultas-4-listas-posteo.json,consultas-4-listas-posteo.json,29599.0,No Acotada B1,0.0,25,true
consultas-4-listas-posteo.json,consultas-4-listas-posteo.json,29599.0,No Acotada B2,0.0,25,true
consultas-4-listas-posteo.json,consultas-4-listas-posteo.json,29599.0,SkipList,0.0,30,true
consultas-4-listas-posteo.json,consultas-4-listas-posteo.json,10050.0,Binaria Acotada,0.0,14,true
consultas-4-listas-posteo.json,consultas-4-listas-posteo.json,10050.0,Secuencial B0,1.9073486328125e-6,1971,true
consultas-4-listas-posteo.json,consultas-4-listas-posteo.json,10050.0,No Acotada B1,0.0,21,true
consultas-4-listas-posteo.json,consultas-4-listas-posteo.json,10050.0,No Acotada B2,0.0,21,true
consultas-4-listas-posteo.json,consultas-4-listas-posteo.json,10050.0,SkipList,0.0,26,true
consultas-4-listas-posteo.json,consultas-4-listas-posteo.json,15608.0,Binaria Acotada,9.5367431640625e-7,12,true
consultas-4-listas-posteo.json,consultas-4-listas-posteo.json,15608.0,Secuencial B0,1.9073486328125e-6,3057,true
consultas-4-listas-posteo.json,consultas-4-listas-posteo.json,15608.0,No Acotada B1,0.0,22,true
consultas-4-listas-posteo.json,consultas-4-listas-posteo.json,15608.0,No Acotada B2,0.0,22,true
consultas-4-listas-posteo.json,consultas-4-listas-posteo.json,15608.0,SkipList,1.1920928955078125e-6,25,true
consultas-4-listas-posteo.json,consultas-4-listas-posteo.json,44425.0,Binaria Acotada,0.0,11,true
consultas-4-listas-posteo.json,consultas-4-listas-posteo.json,44425.0,Secuencial B0,5.9604644775390625e-6,8881,true
consultas-4-listas-posteo.json,consultas-4-listas-posteo.json,44425.0,No Acotada B1,9.5367431640625e-7,24,true
consultas-4-listas-posteo.json,consultas-4-listas-posteo.json,44425.0,No Acotada B2,0.0,24,true
consultas-4-listas-posteo.json,consultas-4-listas-posteo.json,44425.0,SkipList,9.5367431640625e-7,26,true
consultas-4-listas-posteo.json,consultas-4-listas-posteo.json,4538.0,Binaria Acotada,0.0,13,true
consultas-4-listas-posteo.json,consultas-4-listas-posteo.json,4538.0,Secuencial B0,0.0,925,true
consultas-4-listas-posteo.json,consultas-4-listas-posteo.json,4538.0,No Acotada B1,0.0,19,true
consultas-4-listas-posteo.json,consultas-4-listas-posteo.json,4538.0,No Acotada B2,0.0,19,true
consultas-4-listas-posteo.json,consultas-4-listas-posteo.json,4538.0,SkipList,0.0,24,true
consultas-4-listas-posteo.json,consultas-4-listas-posteo.json,24041.0,Binaria Acotada,0.0,12,true
consultas-4-listas-posteo.json,consultas-4-listas-posteo.json,24041.0,Secuencial B0,2.86102294921875e-6,4786,true
consultas-4-listas-posteo.json,consultas-4-listas-posteo.json,24041.0,No Acotada B1,0.0,25,true
consultas-4-listas-posteo.json,consultas-4-listas-posteo.json,24041.0,No Acotada B2,0.0,25,true
consultas-4-listas-posteo.json,consultas-4-listas-posteo.json,24041.0,SkipList,0.0,28,true
consultas-4-listas-posteo.json,consultas-4-listas-posteo.json,32504.0,Binaria Acotada,0.0,10,true
consultas-4-listas-posteo.json,consultas-4-listas-posteo.json,32504.0,Secuencial B0,4.0531158447265625e-6,6512,true
consultas-4-listas-posteo.json,consultas-4-listas-posteo.json,32504.0,No Acotada B1,0.0,21,true
consultas-4-listas-posteo.json,consultas-4-listas-posteo.json,32504.0,No Acotada B2,0.0,21,true
consultas-4-listas-posteo.json,consultas-4-listas-posteo.json,32504.0,SkipList,0.0,22,true
consultas-4-listas-posteo.json,consultas-4-listas-posteo.json,26900.0,Binaria Acotada,9.5367431640625e-7,13,true
consultas-4-listas-posteo.json,consultas-4-listas-posteo.json,26900.0,Secuencial B0,3.0994415283203125e-6,5334,true
consultas-4-listas-posteo.json,consultas-4-listas-posteo.json,26900.0,No Acotada B1,0.0,25,true
consultas-4-listas-posteo.json,consultas-4-listas-posteo.json,26900.0,No Acotada B2,0.0,25,true
consultas-4-listas-posteo.json,consultas-4-listas-posteo.json,26900.0,SkipList,0.0,23,true
consultas-4-listas-posteo.json,consultas-4-listas-posteo.json,22724.0,Binaria Acotada,0.0,13,true
consultas-4-listas-posteo.json,consultas-4-listas-posteo.json,22724.0,Secuencial B0,3.0994415283203125e-6,4499,true
consultas-4-listas-posteo.json,consultas-4-listas-posteo.json,22724.0,No Acotada B1,0.0,23,true
consultas-4-listas-posteo.json,consultas-4-listas-posteo.json,22724.0,No Acotada B2,0.0,23,true
consultas-4-listas-posteo.json,consultas-4-listas-posteo.json,22724.0,SkipList,0.0,32,true
consultas-4-listas-posteo.json,consultas-4-listas-posteo.json,13918.0,Binaria Acotada,0.0,10,true
consultas-4-listas-posteo.json,consultas-4-listas-posteo.json,13918.0,Secuencial B0,2.1457672119140625e-6,2704,true
consultas-4-listas-posteo.json,consultas-4-listas-posteo.json,13918.0,No Acotada B1,0.0,23,true
consultas-4-listas-posteo.json,consultas-4-listas-posteo.json,13918.0,No Acotada B2,0.0,23,true
consultas-4-listas-posteo.json,consultas-4-listas-posteo.json,13918.0,SkipList,9.5367431640625e-7,26,true
consultas-4-listas-posteo.json,consultas-4-listas-posteo.json,8778.0,Binaria Acotada,0.0,13,true
consultas-4-listas-posteo.json,consultas-4-listas-posteo.json,8778.0,Secuencial B0,2.1457672119140625e-6,1728,true
consultas-4-listas-posteo.json,consultas-4-listas-posteo.json,8778.0,No Acotada B1,0.0,15,true
consultas-4-listas-posteo.json,consultas-4-listas-posteo.json,8778.0,No Acotada B2,0.0,15,true
consultas-4-listas-posteo.json,consultas-4-listas-posteo.json,8778.0,SkipList,0.0,22,true
consultas-4-listas-posteo.json,consultas-4-listas-posteo.json,9139.0,Binaria Acotada,0.0,14,true
consultas-4-listas-posteo.json,consultas-4-listas-posteo.json,9139.0,Secuencial B0,9.5367431640625e-7,1804,true
consultas-4-listas-posteo.json,consultas-4-listas-posteo.json,9139.0,No Acotada B1,9.5367431640625e-7,19,true
consultas-4-listas-posteo.json,consultas-4-listas-posteo.json,9139.0,No Acotada B2,0.0,19,true
consultas-4-listas-posteo.json,consultas-4-listas-posteo.json,9139.0,SkipList,1.1920928955078125e-6,25,true
consultas-4-listas-posteo.json,consultas-4-listas-posteo.json,39804.0,Binaria Acotada,0.0,8,true
consultas-4-listas-posteo.json,consultas-4-listas-posteo.json,39804.0,Secuencial B0,4.76837158203125e-6,8007,true
consultas-4-listas-posteo.json,consultas-4-listas-posteo.json,39804.0,No Acotada B1,0.0,25,true
consultas-4-listas-posteo.json,consultas-4-listas-posteo.json,39804.0,No Acotada B2,0.0,25,true
consultas-4-listas-posteo.json,consultas-4-listas-posteo.json,39804.0,SkipList,0.0,27,true
consultas-4-listas-posteo.json,consultas-4-listas-posteo.json,6906.0,Binaria Acotada,9.5367431640625e-7,14,true
consultas-4-listas-posteo.json,consultas-4-listas-posteo.json,6906.0,Secuencial B0,9.5367431640625e-7,1390,true
consultas-4-listas-posteo.json,consultas-4-listas-posteo.json,6906.0,No Acotada B1,0.0,21,true
consultas-4-listas-posteo.json,consultas-4-listas-posteo.json,6906.0,No Acotada B2,9.5367431640625e-7,21,true
consultas-4-listas-posteo.json,consultas-4-listas-posteo.json,6906.0,SkipList,0.0,26,true
consultas-4-listas-posteo.json,consultas-4-listas-posteo.json,3896.0,Binaria Acotada,0.0,13,true
consultas-4-listas-posteo.json,consultas-4-listas-posteo.json,3896.0,Secuencial B0,9.5367431640625e-7,784,true
consultas-4-listas-posteo.json,consultas-4-listas-posteo.json,3896.0,No Acotada B1,0.0,15,true
consultas-4-listas-posteo.json,consultas-4-listas-posteo.json,3896.0,No Acotada B2,0.0,15,true
consultas-4-listas-posteo.json,consultas-4-listas-posteo.json,3896.0,SkipList,0.0,28,true
consultas-4-listas-posteo.json,consultas-4-listas-posteo.json,41062.0,Binaria Acotada,9.5367431640625e-7,14,true
consultas-4-listas-posteo.json,consultas-4-listas-posteo.json,41062.0,Secuencial B0,5.0067901611328125e-6,8255,true
consultas-4-listas-posteo.json,consultas-4-listas-posteo.json,41062.0,No Acotada B1,0.0,24,true
consultas-4-listas-posteo.json,consultas-4-listas-posteo.json,41062.0,No Acotada B2,0.0,24,true
consultas-4-listas-posteo.json,consultas-4-listas-posteo.json,41062.0,SkipList,1.1920928955078125e-6,31,true
consultas-4-listas-posteo.json,consultas-4-listas-posteo.json,34474.0,Binaria Acotada,9.5367431640625e-7,13,true
consultas-4-listas-posteo.json,consultas-4-listas-posteo.json,34474.0,Secuencial B0,4.0531158447265625e-6,6871,true
consultas-4-listas-posteo.json,consultas-4-listas-posteo.json,34474.0,No Acotada B1,0.0,25,true
consultas-4-listas-posteo.json,consultas-4-listas-posteo.json,34474.0,No Acotada B2,0.0,25,true
consultas-4-listas-posteo.json,consultas-4-listas-posteo.json,34474.0,SkipList,9.5367431640625e-7,30,true
consultas-4-listas-posteo.json,consultas-4-listas-posteo.json,45077.0,Binaria Acotada,0.0,13,true
consultas-4-listas-posteo.json,consultas-4-listas-posteo.json,45077.0,Secuencial B0,5.0067901611328125e-6,9019,true
consultas-4-listas-posteo.json,consultas-4-listas-posteo.json,45077.0,No Acotada B1,0.0,25,true
consultas-4-listas-posteo.json,consultas-4-listas-posteo.json,45077.0,No Acotada B2,0.0,25,true
consultas-4-listas-posteo.json,consultas-4-listas-posteo.json,45077.0,SkipList,0.0,33,true
consultas-4-listas-posteo.json,consultas-4-listas-posteo.json,25526.0,Binaria Acotada,0.0,10,true
consultas-4-listas-posteo.json,consultas-4-listas-posteo.json,25526.0,Secuencial B0,2.86102294921875e-6,5068,true
consultas-4-listas-posteo.json,consultas-4-listas-posteo.json,25526.0,No Acotada B1,0.0,24,true
consultas-4-listas-posteo.json,consultas-4-listas-posteo.json,25526.0,No Acotada B2,0.0,24,true
consultas-4-listas-posteo.json,consultas-4-listas-posteo.json,25526.0,SkipList,1.1920928955078125e-6,24,true
consultas-4-listas-posteo.json,consultas-4-listas-posteo.json,12985.0,Binaria Acotada,0.0,12,true
consultas-4-listas-posteo.json,consultas-4-listas-posteo.json,12985.0,Secuencial B0,9.5367431640625e-7,2521,true
consultas-4-listas-posteo.json,consultas-4-listas-posteo.json,12985.0,No Acotada B1,0.0,22,true
consultas-4-listas-posteo.json,consultas-4-listas-posteo.json,12985.0,No Acotada B2,0.0,22,true
consultas-4-listas-posteo.json,consultas-4-listas-posteo.json,12985.0,SkipList,0.0,23,true
consultas-4-listas-posteo.json,consultas-4-listas-posteo.json,26948.0,Binaria Acotada,0.0,8,true
consultas-4-listas-posteo.json,consultas-4-listas-posteo.json,26948.0,Secuencial B0,2.86102294921875e-6,5351,true
consultas-4-listas-posteo.json,consultas-4-listas-posteo.json,26948.0,No Acotada B1,0.0,22,true
consultas-4-listas-posteo.json,consultas-4-listas-posteo.json,26948.0,No Acotada B2,0.0,22,true
consultas-4-listas-posteo.json,consultas-4-listas-posteo.json,26948.0,SkipList,1.1920928955078125e-6,27,true
consultas-4-listas-posteo.json,consultas-4-listas-posteo.json,48711.0,Binaria Acotada,0.0,12,true
consultas-4-listas-posteo.json,consultas-4-listas-posteo.json,48711.0,Secuencial B0,5.9604644775390625e-6,9719,true
consultas-4-listas-posteo.json,consultas-4-listas-posteo.json,48711.0,No Acotada B1,0.0,25,true
consultas-4-listas-posteo.json,consultas-4-listas-posteo.json,48711.0,No Acotada B2,0.0,25,true
consultas-4-listas-posteo.json,consultas-4-listas-posteo.json,48711.0,SkipList,0.0,25,true
consultas-4-listas-posteo.json,consultas-4-listas-posteo.json,19971.0,Binaria Acotada,0.0,13,true
consultas-4-listas-posteo.json,consultas-4-listas-posteo.json,19971.0,Secuencial B0,3.0994415283203125e-6,3938,true
consultas-4-listas-posteo.json,consultas-4-listas-posteo.json,19971.0,No Acotada B1,0.0,22,true
consultas-4-listas-posteo.json,consultas-4-listas-posteo.json,19971.0,No Acotada B2,0.0,22,true
consultas-4-listas-posteo.json,consultas-4-listas-posteo.json,19971.0,SkipList,0.0,31,true
consultas-4-listas-posteo.json,consultas-4-listas-posteo.json,37544.0,Binaria Acotada,0.0,13,true
consultas-4-listas-posteo.json,consultas-4-listas-posteo.json,37544.0,Secuencial B0,5.0067901611328125e-6,7530,true
consultas-4-listas-posteo.json,consultas-4-listas-posteo.json,37544.0,No Acotada B1,1.1920928955078125e-6,24,true
consultas-4-listas-posteo.json,consultas-4-listas-posteo.json,37544.0,No Acotada B2,0.0,24,true
consultas-4-listas-posteo.json,consultas-4-listas-posteo.json,37544.0,SkipList,9.5367431640625e-7,41,true
consultas-4-listas-posteo.json,consultas-4-listas-posteo.json,46247.0,Binaria Acotada,0.0,14,true
consultas-4-listas-posteo.json,consultas-4-listas-posteo.json,46247.0,Secuencial B0,5.9604644775390625e-6,9246,true
consultas-4-listas-posteo.json,consultas-4-listas-posteo.json,46247.0,No Acotada B1,0.0,25,true
consultas-4-listas-posteo.json,consultas-4-listas-posteo.json,46247.0,No Acotada B2,9.5367431640625e-7,25,true
consultas-4-listas-posteo.json,consultas-4-listas-posteo.json,46247.0,SkipList,0.0,26,true
consultas-4-listas-posteo.json,consultas-4-listas-posteo.json,48309.0,Binaria Acotada,0.0,11,true
consultas-4-listas-posteo.json,consultas-4-listas-posteo.json,48309.0,Secuencial B0,6.198883056640625e-6,9653,true
consultas-4-listas-posteo.json,consultas-4-listas-posteo.json,48309.0,No Acotada B1,0.0,22,true
consultas-4-listas-posteo.json,consultas-4-listas-posteo.json,48309.0,No Acotada B2,0.0,22,true
consultas-4-listas-posteo.json,consultas-4-listas-posteo.json,48309.0,SkipList,9.5367431640625e-7,35,true
consultas-4-listas-posteo.json,consultas-4-listas-posteo.json,37855.0,Binaria Acotada,0.0,10,true
consultas-4-listas-posteo.json,consultas-4-listas-posteo.json,37855.0,Secuencial B0,5.0067901611328125e-6,7606,true
consultas-4-listas-posteo.json,consultas-4-listas-posteo.json,37855.0,No Acotada B1,0.0,24,true
consultas-4-listas-posteo.json,consultas-4-listas-posteo.json,37855.0,No Acotada B2,0.0,24,true
consultas-4-listas-posteo.json,consultas-4-listas-posteo.json,37855.0,SkipList,0.0,40,true
consultas-4-listas-posteo.json,consultas-4-listas-posteo.json,21832.0,Binaria Acotada,0.0,13,true
consultas-4-listas-posteo.json,consultas-4-listas-posteo.json,21832.0,Secuencial B0,1.9073486328125e-6,4313,true
consultas-4-listas-posteo.json,consultas-4-listas-posteo.json,21832.0,No Acotada B1,0.0,24,true
consultas-4-listas-posteo.json,consultas-4-listas-posteo.json,21832.0,No Acotada B2,0.0,24,true
consultas-4-listas-posteo.json,consultas-4-listas-posteo.json,21832.0,SkipList,0.0,29,true
consultas-4-listas-posteo.json,consultas-4-listas-posteo.json,775.0,Binaria Acotada,9.5367431640625e-7,14,true
consultas-4-listas-posteo.json,consultas-4-listas-posteo.json,775.0,Secuencial B0,0.0,140,true
consultas-4-listas-posteo.json,consultas-4-listas-posteo.json,775.0,No Acotada B1,9.5367431640625e-7,15,true
consultas-4-listas-posteo.json,consultas-4-listas-posteo.json,775.0,No Acotada B2,0.0,15,true
consultas-4-listas-posteo.json,consultas-4-listas-posteo.json,775.0,SkipList,9.5367431640625e-7,22,true
consultas-4-listas-posteo.json,consultas-4-listas-posteo.json,23334.0,Binaria Acotada,0.0,13,true
consultas-4-listas-posteo.json,consultas-4-listas-posteo.json,23334.0,Secuencial B0,3.0994415283203125e-6,4639,true
consultas-4-listas-posteo.json,consultas-4-listas-posteo.json,23334.0,No Acotada B1,0.0,20,true
consultas-4-listas-posteo.json,consultas-4-listas-posteo.json,23334.0,No Acotada B2,0.0,20,true
consultas-4-listas-posteo.json,consultas-4-listas-posteo.json,23334.0,SkipList,0.0,20,true
consultas-4-listas-posteo.json,consultas-4-listas-posteo.json,40686.0,Binaria Acotada,0.0,12,true
consultas-4-listas-posteo.json,consultas-4-listas-posteo.json,40686.0,Secuencial B0,5.0067901611328125e-6,8194,true
consultas-4-listas-posteo.json,consultas-4-listas-posteo.json,40686.0,No Acotada B1,0.0,23,true
consultas-4-listas-posteo.json,consultas-4-listas-posteo.json,40686.0,No Acotada B2,0.0,23,true
consultas-4-listas-posteo.json,consultas-4-listas-posteo.json,40686.0,SkipList,1.1920928955078125e-6,31,true
consultas-4-listas-posteo.json,consultas-4-listas-posteo.json,43299.0,Binaria Acotada,0.0,13,true
consultas-4-listas-posteo.json,consultas-4-listas-posteo.json,43299.0,Secuencial B0,5.0067901611328125e-6,8674,true
consultas-4-listas-posteo.json,consultas-4-listas-posteo.json,43299.0,No Acotada B1,9.5367431640625e-7,23,true
consultas-4-listas-posteo.json,consultas-4-listas-posteo.json,43299.0,No Acotada B2,0.0,23,true
consultas-4-listas-posteo.json,consultas-4-listas-posteo.json,43299.0,SkipList,9.5367431640625e-7,19,true
consultas-4-listas-posteo.json,consultas-4-listas-posteo.json,22391.0,Binaria Acotada,0.0,13,true
consultas-4-listas-posteo.json,consultas-4-listas-posteo.json,22391.0,Secuencial B0,3.0994415283203125e-6,4415,true
consultas-4-listas-posteo.json,consultas-4-listas-posteo.json,22391.0,No Acotada B1,9.5367431640625e-7,19,true
consultas-4-listas-posteo.json,consultas-4-listas-posteo.json,22391.0,No Acotada B2,0.0,19,true
consultas-4-listas-posteo.json,consultas-4-listas-posteo.json,22391.0,SkipList,9.5367431640625e-7,26,true
consultas-4-listas-posteo.json,consultas-4-listas-posteo.json,41091.0,Binaria Acotada,0.0,14,true
consultas-4-listas-posteo.json,consultas-4-listas-posteo.json,41091.0,Secuencial B0,7.152557373046875e-6,8265,true
consultas-4-listas-posteo.json,consultas-4-listas-posteo.json,41091.0,No Acotada B1,0.0,25,true
consultas-4-listas-posteo.json,consultas-4-listas-posteo.json,41091.0,No Acotada B2,0.0,25,true
consultas-4-listas-posteo.json,consultas-4-listas-posteo.json,41091.0,SkipList,0.0,31,true
consultas-4-listas-posteo.json,consultas-4-listas-posteo.json,49807.0,Binaria Acotada,0.0,14,true
consultas-4-listas-posteo.json,consultas-4-listas-posteo.json,49807.0,Secuencial B0,6.9141387939453125e-6,9965,true
consultas-4-listas-posteo.json,consultas-4-listas-posteo.json,49807.0,No Acotada B1,0.0,22,true
consultas-4-listas-posteo.json,consultas-4-listas-posteo.json,49807.0,No Acotada B2,0.0,22,true
consultas-4-listas-posteo.json,consultas-4-listas-posteo.json,49807.0,SkipList,0.0,26,true
consultas-4-listas-posteo.json,consultas-4-listas-posteo.json,45657.0,Binaria Acotada,0.0,10,true
consultas-4-listas-posteo.json,consultas-4-listas-posteo.json,45657.0,Secuencial B0,5.9604644775390625e-6,9130,true
consultas-4-listas-posteo.json,consultas-4-listas-posteo.json,45657.0,No Acotada B1,0.0,25,true
consultas-4-listas-posteo.json,consultas-4-listas-posteo.json,45657.0,No Acotada B2,0.0,25,true
consultas-4-listas-posteo.json,consultas-4-listas-posteo.json,45657.0,SkipList,0.0,24,true
consultas-4-listas-posteo.json,consultas-4-listas-posteo.json,46362.0,Binaria Acotada,0.0,14,true
consultas-4-listas-posteo.json,consultas-4-listas-posteo.json,46362.0,Secuencial B0,5.9604644775390625e-6,9275,true
consultas-4-listas-posteo.json,consultas-4-listas-posteo.json,46362.0,No Acotada B1,1.1920928955078125e-6,23,true
consultas-4-listas-posteo.json,consultas-4-listas-posteo.json,46362.0,No Acotada B2,0.0,23,true
consultas-4-listas-posteo.json,consultas-4-listas-posteo.json,46362.0,SkipList,9.5367431640625e-7,30,true
consultas-4-listas-posteo.json,consultas-4-listas-posteo.json,44929.0,Binaria Acotada,0.0,13,true
consultas-4-listas-posteo.json,consultas-4-listas-posteo.json,44929.0,Secuencial B0,5.9604644775390625e-6,8991,true
consultas-4-listas-posteo.json,consultas-4-listas-posteo.json,44929.0,No Acotada B1,0.0,25,true
consultas-4-listas-posteo.json,consultas-4-listas-posteo.json,44929.0,No Acotada B2,0.0,25,true
consultas-4-listas-posteo.json,consultas-4-listas-posteo.json,44929.0,SkipList,9.5367431640625e-7,30,true
consultas-4-listas-posteo.json,consultas-4-listas-posteo.json,42343.0,Binaria Acotada,0.0,13,true
consultas-4-listas-posteo.json,consultas-4-listas-posteo.json,42343.0,Secuencial B0,4.76837158203125e-6,8498,true
consultas-4-listas-posteo.json,consultas-4-listas-posteo.json,42343.0,No Acotada B1,1.1920928955078125e-6,25,true
consultas-4-listas-posteo.json,consultas-4-listas-posteo.json,42343.0,No Acotada B2,0.0,25,true
consultas-4-listas-posteo.json,consultas-4-listas-posteo.json,42343.0,SkipList,9.5367431640625e-7,27,true
consultas-4-listas-posteo.json,consultas-4-listas-posteo.json,11956.0,Binaria Acotada,0.0,13,true
consultas-4-listas-posteo.json,consultas-4-listas-posteo.json,11956.0,Secuencial B0,1.9073486328125e-6,2324,true
consultas-4-listas-posteo.json,consultas-4-listas-posteo.json,11956.0,No Acotada B1,0.0,23,true
consultas-4-listas-posteo.json,consultas-4-listas-posteo.json,11956.0,No Acotada B2,0.0,23,true
consultas-4-listas-posteo.json,consultas-4-listas-posteo.json,11956.0,SkipList,1.1920928955078125e-6,25,true
consultas-4-listas-posteo.json,consultas-4-listas-posteo.json,26825.0,Binaria Acotada,0.0,13,true
consultas-4-listas-posteo.json,consultas-4-listas-posteo.json,26825.0,Secuencial B0,3.814697265625e-6,5319,true
consultas-4-listas-posteo.json,consultas-4-listas-posteo.json,26825.0,No Acotada B1,0.0,22,true
consultas-4-listas-posteo.json,consultas-4-listas-posteo.json,26825.0,No Acotada B2,0.0,22,true
consultas-4-listas-posteo.json,consultas-4-listas-posteo.json,26825.0,SkipList,0.0,27,true
consultas-4-listas-posteo.json,consultas-4-listas-posteo.json,16149.0,Binaria Acotada,0.0,10,true
consultas-4-listas-posteo.json,consultas-4-listas-posteo.json,16149.0,Secuencial B0,1.9073486328125e-6,3172,true
consultas-4-listas-posteo.json,consultas-4-listas-posteo.json,16149.0,No Acotada B1,0.0,21,true
consultas-4-listas-posteo.json,consultas-4-listas-posteo.json,16149.0,No Acotada B2,0.0,21,true
consultas-4-listas-posteo.json,consultas-4-listas-posteo.json,16149.0,SkipList,1.1920928955078125e-6,21,true
consultas-4-listas-posteo.json,consultas-4-listas-posteo.json,40413.0,Binaria Acotada,0.0,14,true
consultas-4-listas-posteo.json,consultas-4-listas-posteo.json,40413.0,Secuencial B0,5.0067901611328125e-6,8133,true
consultas-4-listas-posteo.json,consultas-4-listas-posteo.json,40413.0,No Acotada B1,0.0,25,true
consultas-4-listas-posteo.json,consultas-4-listas-posteo.json,40413.0,No Acotada B2,0.0,25,true
consultas-4-listas-posteo.json,consultas-4-listas-posteo.json,40413.0,SkipList,0.0,25,true
consultas-4-listas-posteo.json,consultas-4-listas-posteo.json,33713.0,Binaria Acotada,0.0,12,true
consultas-4-listas-posteo.json,consultas-4-listas-posteo.json,33713.0,Secuencial B0,4.0531158447265625e-6,6724,true
consultas-4-listas-posteo.json,consultas-4-listas-posteo.json,33713.0,No Acotada B1,0.0,23,true
consultas-4-listas-posteo.json,consultas-4-listas-posteo.json,33713.0,No Acotada B2,0.0,23,true
consultas-4-listas-posteo.json,consultas-4-listas-posteo.json,33713.0,SkipList,0.0,26,true
consultas-4-listas-posteo.json,consultas-4-listas-posteo.json,20532.0,Binaria Acotada,0.0,10,true
consultas-4-listas-posteo.json,consultas-4-listas-posteo.json,20532.0,Secuencial B0,2.86102294921875e-6,4070,true
consultas-4-listas-posteo.json,consultas-4-listas-posteo.json,20532.0,No Acotada B1,0.0,22,true
consultas-4-listas-posteo.json,consultas-4-listas-posteo.json,20532.0,No Acotada B2,9.5367431640625e-7,22,true
consultas-4-listas-posteo.json,consultas-4-listas-posteo.json,20532.0,SkipList,0.0,36,true
consultas-4-listas-posteo.json,consultas-4-listas-posteo.json,6640.0,Binaria Acotada,0.0,14,true
consultas-4-listas-posteo.json,consultas-4-listas-posteo.json,6640.0,Secuencial B0,1.1920928955078125e-6,1336,true
consultas-4-listas-posteo.json,consultas-4-listas-posteo.json,6640.0,No Acotada B1,9.5367431640625e-7,21,true
consultas-4-listas-posteo.json,consultas-4-listas-posteo.json,6640.0,No Acotada B2,0.0,21,true
consultas-4-listas-posteo.json,consultas-4-listas-posteo.json,6640.0,SkipList,9.5367431640625e-7,28,true
consultas-4-listas-posteo.json,consultas-4-listas-posteo.json,16882.0,Binaria Acotada,0.0,13,true
consultas-4-listas-posteo.json,consultas-4-listas-posteo.json,16882.0,Secuencial B0,3.0994415283203125e-6,3327,true
consultas-4-listas-posteo.json,consultas-4-listas-posteo.json,16882.0,No Acotada B1,0.0,23,true
consultas-4-listas-posteo.json,consultas-4-listas-posteo.json,16882.0,No Acotada B2,9.5367431640625e-7,23,true
consultas-4-listas-posteo.json,consultas-4-listas-posteo.json,16882.0,SkipList,0.0,24,true
consultas-4-listas-posteo.json,consultas-4-listas-posteo.json,22162.0,Binaria Acotada,0.0,13,true
consultas-4-listas-posteo.json,consultas-4-listas-posteo.json,22162.0,Secuencial B0,3.0994415283203125e-6,4371,true
consultas-4-listas-posteo.json,consultas-4-listas-posteo.json,22162.0,No Acotada B1,0.0,23,true
consultas-4-listas-posteo.json,consultas-4-listas-posteo.json,22162.0,No Acotada B2,0.0,23,true
consultas-4-listas-posteo.json,consultas-4-listas-posteo.json,22162.0,SkipList,0.0,20,true
consultas-4-listas-posteo.json,consultas-4-listas-posteo.json,4784.0,Binaria Acotada,0.0,14,true
consultas-4-listas-posteo.json,consultas-4-listas-posteo.json,4784.0,Secuencial B0,9.5367431640625e-7,975,true
consultas-4-listas-posteo.json,consultas-4-listas-posteo.json,4784.0,No Acotada B1,0.0,19,true
consultas-4-listas-posteo.json,consultas-4-listas-posteo.json,4784.0,No Acotada B2,0.0,19,true
consultas-4-listas-posteo.json,consultas-4-listas-posteo.json,4784.0,SkipList,0.0,22,true
consultas-4-listas-posteo.json,consultas-4-listas-posteo.json,11403.0,Binaria Acotada,0.0,11,true
consultas-4-listas-posteo.json,consultas-4-listas-posteo.json,11403.0,Secuencial B0,1.9073486328125e-6,2221,true
consultas-4-listas-posteo.json,consultas-4-listas-posteo.json,11403.0,No Acotada B1,0.0,22,true
consultas-4-listas-posteo.json,consultas-4-listas-posteo.json,11403.0,No Acotada B2,0.0,22,true
consultas-4-listas-posteo.json,consultas-4-listas-posteo.json,11403.0,SkipList,0.0,23,true
consultas-4-listas-posteo.json,consultas-4-listas-posteo.json,17678.0,Binaria Acotada,0.0,9,true
consultas-4-listas-posteo.json,consultas-4-listas-posteo.json,17678.0,Secuencial B0,2.1457672119140625e-6,3494,true
consultas-4-listas-posteo.json,consultas-4-listas-posteo.json,17678.0,No Acotada B1,0.0,22,true
consultas-4-listas-posteo.json,consultas-4-listas-posteo.json,17678.0,No Acotada B2,0.0,22,true
consultas-4-listas-posteo.json,consultas-4-listas-posteo.json,17678.0,SkipList,0.0,27,true
consultas-4-listas-posteo.json,consultas-4-listas-posteo.json,5401.0,Binaria Acotada,9.5367431640625e-7,12,true
consultas-4-listas-posteo.json,consultas-4-listas-posteo.json,5401.0,Secuencial B0,1.1920928955078125e-6,1085,true
consultas-4-listas-posteo.json,consultas-4-listas-posteo.json,5401.0,No Acotada B1,0.0,20,true
consultas-4-listas-posteo.json,consultas-4-listas-posteo.json,5401.0,No Acotada B2,0.0,20,true
consultas-4-listas-posteo.json,consultas-4-listas-posteo.json,5401.0,SkipList,0.0,26,true
consultas-4-listas-posteo.json,consultas-4-listas-posteo.json,37595.0,Binaria Acotada,9.5367431640625e-7,12,true
consultas-4-listas-posteo.json,consultas-4-listas-posteo.json,37595.0,Secuencial B0,7.486343383789062e-5,7536,true
consultas-4-listas-posteo.json,consultas-4-listas-posteo.json,37595.0,No Acotada B1,0.0,21,true
consultas-4-listas-posteo.json,consultas-4-listas-posteo.json,37595.0,No Acotada B2,0.0,21,true
consultas-4-listas-posteo.json,consultas-4-listas-posteo.json,37595.0,SkipList,1.9073486328125e-6,39,true
consultas-4-listas-posteo.json,consultas-4-listas-posteo.json,20922.0,Binaria Acotada,0.0,13,true
consultas-4-listas-posteo.json,consultas-4-listas-posteo.json,20922.0,Secuencial B0,1.5020370483398438e-5,4141,true
consultas-4-listas-posteo.json,consultas-4-listas-posteo.json,20922.0,No Acotada B1,1.1920928955078125e-6,24,true
consultas-4-listas-posteo.json,consultas-4-listas-posteo.json,20922.0,No Acotada B2,0.0,24,true
consultas-4-listas-posteo.json,consultas-4-listas-posteo.json,20922.0,SkipList,1.3828277587890625e-5,25,true
consultas-4-listas-posteo.json,consultas-4-listas-posteo.json,16333.0,Binaria Acotada,1.1920928955078125e-6,12,true
consultas-4-listas-posteo.json,consultas-4-listas-posteo.json,16333.0,Secuencial B0,1.9073486328125e-6,3209,true
consultas-4-listas-posteo.json,consultas-4-listas-posteo.json,16333.0,No Acotada B1,0.0,23,true
consultas-4-listas-posteo.json,consultas-4-listas-posteo.json,16333.0,No Acotada B2,9.5367431640625e-7,23,true
consultas-4-listas-posteo.json,consultas-4-listas-posteo.json,16333.0,SkipList,1.1920928955078125e-6,27,true
consultas-4-listas-posteo.json,consultas-4-listas-posteo.json,44367.0,Binaria Acotada,0.0,14,true
consultas-4-listas-posteo.json,consultas-4-listas-posteo.json,44367.0,Secuencial B0,5.0067901611328125e-6,8866,true
consultas-4-listas-posteo.json,consultas-4-listas-posteo.json,44367.0,No Acotada B1,0.0,25,true
consultas-4-listas-posteo.json,consultas-4-listas-posteo.json,44367.0,No Acotada B2,0.0,25,true
consultas-4-listas-posteo.json,consultas-4-listas-posteo.json,44367.0,SkipList,0.0,29,true
consultas-4-listas-posteo.json,consultas-4-listas-posteo.json,17019.0,Binaria Acotada,0.0,13,true
consultas-4-listas-posteo.json,consultas-4-listas-posteo.json,17019.0,Secuencial B0,2.1457672119140625e-6,3350,true
consultas-4-listas-posteo.json,consultas-4-listas-posteo.json,17019.0,No Acotada B1,0.0,22,true
consultas-4-listas-posteo.json,consultas-4-listas-posteo.json,17019.0,No Acotada B2,0.0,22,true
consultas-4-listas-posteo.json,consultas-4-listas-posteo.json,17019.0,SkipList,0.0,25,true
consultas-4-listas-posteo.json,consultas-4-listas-posteo.json,47865.0,Binaria Acotada,9.5367431640625e-7,13,true
consultas-4-listas-posteo.json,consultas-4-listas-posteo.json,47865.0,Secuencial B0,5.9604644775390625e-6,9573,true
consultas-4-listas-posteo.json,consultas-4-listas-posteo.json,47865.0,No Acotada B1,1.1920928955078125e-6,25,true
consultas-4-listas-posteo.json,consultas-4-listas-posteo.json,47865.0,No Acotada B2,0.0,25,true
consultas-4-listas-posteo.json,consultas-4-listas-posteo.json,47865.0,SkipList,9.5367431640625e-7,34,true
consultas-4-listas-posteo.json,consultas-4-listas-posteo.json,25049.0,Binaria Acotada,9.5367431640625e-7,13,true
consultas-4-listas-posteo.json,consultas-4-listas-posteo.json,25049.0,Secuencial B0,3.0994415283203125e-6,4976,true
consultas-4-listas-posteo.json,consultas-4-listas-posteo.json,25049.0,No Acotada B1,9.5367431640625e-7,25,true
consultas-4-listas-posteo.json,consultas-4-listas-posteo.json,25049.0,No Acotada B2,0.0,25,true
consultas-4-listas-posteo.json,consultas-4-listas-posteo.json,25049.0,SkipList,9.5367431640625e-7,26,true
consultas-4-listas-posteo.json,consultas-4-listas-posteo.json,1274.0,Binaria Acotada,9.5367431640625e-7,13,true
consultas-4-listas-posteo.json,consultas-4-listas-posteo.json,1274.0,Secuencial B0,0.0,235,true
consultas-4-listas-posteo.json,consultas-4-listas-posteo.json,1274.0,No Acotada B1,0.0,15,true
consultas-4-listas-posteo.json,consultas-4-listas-posteo.json,1274.0,No Acotada B2,0.0,15,true
consultas-4-listas-posteo.json,consultas-4-listas-posteo.json,1274.0,SkipList,1.1920928955078125e-6,25,true
consultas-4-listas-posteo.json,consultas-4-listas-posteo.json,15778.0,Binaria Acotada,0.0,13,true
consultas-4-listas-posteo.json,consultas-4-listas-posteo.json,15778.0,Secuencial B0,1.9073486328125e-6,3086,true
consultas-4-listas-posteo.json,consultas-4-listas-posteo.json,15778.0,No Acotada B1,0.0,22,true
consultas-4-listas-posteo.json,consultas-4-listas-posteo.json,15778.0,No Acotada B2,0.0,22,true
consultas-4-listas-posteo.json,consultas-4-listas-posteo.json,15778.0,SkipList,1.1920928955078125e-6,29,true
consultas-4-listas-posteo.json,consultas-4-listas-posteo.json,7505.0,Binaria Acotada,0.0,13,true
consultas-4-listas-posteo.json,consultas-4-listas-posteo.json,7505.0,Secuencial B0,9.5367431640625e-7,1506,true
consultas-4-listas-posteo.json,consultas-4-listas-posteo.json,7505.0,No Acotada B1,0.0,21,true
consultas-4-listas-posteo.json,consultas-4-listas-posteo.json,7505.0,No Acotada B2,9.5367431640625e-7,21,true
consultas-4-listas-posteo.json,consultas-4-listas-posteo.json,7505.0,SkipList,9.5367431640625e-7,35,true
consultas-4-listas-posteo.json,consultas-4-listas-posteo.json,9410.0,Binaria Acotada,0.0,14,true
consultas-4-listas-posteo.json,consultas-4-listas-posteo.json,9410.0,Secuencial B0,2.1457672119140625e-6,1854,true
consultas-4-listas-posteo.json,consultas-4-listas-posteo.json,9410.0,No Acotada B1,0.0,20,true
consultas-4-listas-posteo.json,consultas-4-listas-posteo.json,9410.0,No Acotada B2,9.5367431640625e-7,20,true
consultas-4-listas-posteo.json,consultas-4-listas-posteo.json,9410.0,SkipList,0.0,22,true
consultas-4-listas-posteo.json,consultas-4-listas-posteo.json,18688.0,Binaria Acotada,0.0,11,true
consultas-4-listas-posteo.json,consultas-4-listas-posteo.json,18688.0,Secuencial B0,2.1457672119140625e-6,3695,true
consultas-4-listas-posteo.json,consultas-4-listas-posteo.json,18688.0,No Acotada B1,0.0,23,true
consultas-4-listas-posteo.json,consultas-4-listas-posteo.json,18688.0,No Acotada B2,0.0,23,true
consultas-4-listas-posteo.json,consultas-4-listas-posteo.json,18688.0,SkipList,0.0,25,true
consultas-4-listas-posteo.json,consultas-4-listas-posteo.json,25286.0,Binaria Acotada,0.0,14,true
consultas-4-listas-posteo.json,consultas-4-listas-posteo.json,25286.0,Secuencial B0,3.0994415283203125e-6,5023,true
consultas-4-listas-posteo.json,consultas-4-listas-posteo.json,25286.0,No Acotada B1,0.0,20,true
consultas-4-listas-posteo.json,consultas-4-listas-posteo.json,25286.0,No Acotada B2,0.0,20,true
consultas-4-listas-posteo.json,consultas-4-listas-posteo.json,25286.0,SkipList,0.0,27,true
consultas-4-listas-posteo.json,consultas-4-listas-posteo.json,39339.0,Binaria Acotada,9.5367431640625e-7,12,true
consultas-4-listas-posteo.json,consultas-4-listas-posteo.json,39339.0,Secuencial B0,5.0067901611328125e-6,7925,true
consultas-4-listas-posteo.json,consultas-4-listas-posteo.json,39339.0,No Acotada B1,0.0,24,true
consultas-4-listas-posteo.json,consultas-4-listas-posteo.json,39339.0,No Acotada B2,0.0,24,true
consultas-4-listas-posteo.json,consultas-4-listas-posteo.json,39339.0,SkipList,1.1920928955078125e-6,28,true
consultas-4-listas-posteo.json,consultas-4-listas-posteo.json,5616.0,Binaria Acotada,0.0,12,true
consultas-4-listas-posteo.json,consultas-4-listas-posteo.json,5616.0,Secuencial B0,0.0,1123,true
consultas-4-listas-posteo.json,consultas-4-listas-posteo.json,5616.0,No Acotada B1,0.0,19,true
consultas-4-listas-posteo.json,consultas-4-listas-posteo.json,5616.0,No Acotada B2,0.0,19,true
consultas-4-listas-posteo.json,consultas-4-listas-posteo.json,5616.0,SkipList,9.5367431640625e-7,22,true
consultas-4-listas-posteo.json,consultas-4-listas-posteo.json,29621.0,Binaria Acotada,0.0,12,true
consultas-4-listas-posteo.json,consultas-4-listas-posteo.json,29621.0,Secuencial B0,3.0994415283203125e-6,5900,true
consultas-4-listas-posteo.json,consultas-4-listas-posteo.json,29621.0,No Acotada B1,0.0,25,true
consultas-4-listas-posteo.json,consultas-4-listas-posteo.json,29621.0,No Acotada B2,0.0,25,true
consultas-4-listas-posteo.json,consultas-4-listas-posteo.json,29621.0,SkipList,0.0,26,true
consultas-4-listas-posteo.json,consultas-4-listas-posteo.json,20230.0,Binaria Acotada,1.1920928955078125e-6,10,true
consultas-4-listas-posteo.json,consultas-4-listas-posteo.json,20230.0,Secuencial B0,2.86102294921875e-6,3993,true
consultas-4-listas-posteo.json,consultas-4-listas-posteo.json,20230.0,No Acotada B1,0.0,23,true
consultas-4-listas-posteo.json,consultas-4-listas-posteo.json,20230.0,No Acotada B2,0.0,23,true
consultas-4-listas-posteo.json,consultas-4-listas-posteo.json,20230.0,SkipList,0.0,33,true
consultas-4-listas-posteo.json,consultas-4-listas-posteo.json,43068.0,Binaria Acotada,0.0,13,true
consultas-4-listas-posteo.json,consultas-4-listas-posteo.json,43068.0,Secuencial B0,5.9604644775390625e-6,8635,true
consultas-4-listas-posteo.json,consultas-4-listas-posteo.json,43068.0,No Acotada B1,0.0,22,true
consultas-4-listas-posteo.json,consultas-4-listas-posteo.json,43068.0,No Acotada B2,9.5367431640625e-7,22,true
consultas-4-listas-posteo.json,consultas-4-listas-posteo.json,43068.0,SkipList,0.0,28,true
consultas-4-listas-posteo.json,consultas-4-listas-posteo.json,21570.0,Binaria Acotada,0.0,10,true
consultas-4-listas-posteo.json,consultas-4-listas-posteo.json,21570.0,Secuencial B0,3.0994415283203125e-6,4265,true
consultas-4-listas-posteo.json,consultas-4-listas-posteo.json,21570.0,No Acotada B1,0.0,24,true
consultas-4-listas-posteo.json,consultas-4-listas-posteo.json,21570.0,No Acotada B2,0.0,24,true
consultas-4-listas-posteo.json,consultas-4-listas-posteo.json,21570.0,SkipList,9.5367431640625e-7,26,true
consultas-4-listas-posteo.json,consultas-4-listas-posteo.json,27891.0,Binaria Acotada,0.0,13,true
consultas-4-listas-posteo.json,consultas-4-listas-posteo.json,27891.0,Secuencial B0,4.0531158447265625e-6,5558,true
consultas-4-listas-posteo.json,consultas-4-listas-posteo.json,27891.0,No Acotada B1,0.0,25,true
consultas-4-listas-posteo.json,consultas-4-listas-posteo.json,27891.0,No Acotada B2,0.0,25,true
consultas-4-listas-posteo.json,consultas-4-listas-posteo.json,27891.0,SkipList,9.5367431640625e-7,22,true
consultas-4-listas-posteo.json,consultas-4-listas-posteo.json,3582.0,Binaria Acotada,0.0,13,true
consultas-4-listas-posteo.json,consultas-4-listas-posteo.json,3582.0,Secuencial B0,9.5367431640625e-7,704,true
consultas-4-listas-posteo.json,consultas-4-listas-posteo.json,3582.0,No Acotada B1,0.0,19,true
consultas-4-listas-posteo.json,consultas-4-listas-posteo.json,3582.0,No Acotada B2,1.1920928955078125e-6,19,true
consultas-4-listas-posteo.json,consultas-4-listas-posteo.json,3582.0,SkipList,9.5367431640625e-7,24,true
consultas-4-listas-posteo.json,consultas-4-listas-posteo.json,29655.0,Binaria Acotada,0.0,13,true
consultas-4-listas-posteo.json,consultas-4-listas-posteo.json,29655.0,Secuencial B0,4.0531158447265625e-6,5910,true
consultas-4-listas-posteo.json,consultas-4-listas-posteo.json,29655.0,No Acotada B1,9.5367431640625e-7,22,true
consultas-4-listas-posteo.json,consultas-4-listas-posteo.json,29655.0,No Acotada B2,0.0,22,true
consultas-4-listas-posteo.json,consultas-4-listas-posteo.json,29655.0,SkipList,9.5367431640625e-7,26,true
consultas-4-listas-posteo.json,consultas-4-listas-posteo.json,18568.0,Binaria Acotada,0.0,13,true
consultas-4-listas-posteo.json,consultas-4-listas-posteo.json,18568.0,Secuencial B0,3.0994415283203125e-6,3672,true
consultas-4-listas-posteo.json,consultas-4-listas-posteo.json,18568.0,No Acotada B1,0.0,20,true
consultas-4-listas-posteo.json,consultas-4-listas-posteo.json,18568.0,No Acotada B2,0.0,20,true
consultas-4-listas-posteo.json,consultas-4-listas-posteo.json,18568.0,SkipList,9.5367431640625e-7,26,true
consultas-4-listas-posteo.json,consultas-4-listas-posteo.json,24011.0,Binaria Acotada,0.0,12,true
consultas-4-listas-posteo.json,consultas-4-listas-posteo.json,24011.0,Secuencial B0,3.0994415283203125e-6,4781,true
consultas-4-listas-posteo.json,consultas-4-listas-posteo.json,24011.0,No Acotada B1,0.0,24,true
consultas-4-listas-posteo.json,consultas-4-listas-posteo.json,24011.0,No Acotada B2,0.0,24,true
consultas-4-listas-posteo.json,consultas-4-listas-posteo.json,24011.0,SkipList,0.0,27,true
consultas-4-listas-posteo.json,consultas-4-listas-posteo.json,11441.0,Binaria Acotada,0.0,11,true
consultas-4-listas-posteo.json,consultas-4-listas-posteo.json,11441.0,Secuencial B0,9.5367431640625e-7,2230,true
consultas-4-listas-posteo.json,consultas-4-listas-posteo.json,11441.0,No Acotada B1,0.0,23,true
consultas-4-listas-posteo.json,consultas-4-listas-posteo.json,11441.0,No Acotada B2,0.0,23,true
consultas-4-listas-posteo.json,consultas-4-listas-posteo.json,11441.0,SkipList,9.5367431640625e-7,24,true
consultas-4-listas-posteo.json,consultas-4-listas-posteo.json,742.0,Binaria Acotada,0.0,14,true
consultas-4-listas-posteo.json,consultas-4-listas-posteo.json,742.0,Secuencial B0,0.0,135,true
consultas-4-listas-posteo.json,consultas-4-listas-posteo.json,742.0,No Acotada B1,0.0,12,true
consultas-4-listas-posteo.json,consultas-4-listas-posteo.json,742.0,No Acotada B2,9.5367431640625e-7,12,true
consultas-4-listas-posteo.json,consultas-4-listas-posteo.json,742.0,SkipList,0.0,19,true
consultas-4-listas-posteo.json,consultas-4-listas-posteo.json,23036.0,Binaria Acotada,9.5367431640625e-7,13,true
consultas-4-listas-posteo.json,consultas-4-listas-posteo.json,23036.0,Secuencial B0,3.0994415283203125e-6,4568,true
consultas-4-listas-posteo.json,consultas-4-listas-posteo.json,23036.0,No Acotada B1,0.0,25,true
consultas-4-listas-posteo.json,consultas-4-listas-posteo.json,23036.0,No Acotada B2,0.0,25,true
consultas-4-listas-posteo.json,consultas-4-listas-posteo.json,23036.0,SkipList,9.5367431640625e-7,22,true
consultas-4-listas-posteo.json,consultas-4-listas-posteo.json,25486.0,Binaria Acotada,0.0,11,true
consultas-4-listas-posteo.json,consultas-4-listas-posteo.json,25486.0,Secuencial B0,4.0531158447265625e-6,5062,true
consultas-4-listas-posteo.json,consultas-4-listas-posteo.json,25486.0,No Acotada B1,0.0,22,true
consultas-4-listas-posteo.json,consultas-4-listas-posteo.json,25486.0,No Acotada B2,9.5367431640625e-7,22,true
consultas-4-listas-posteo.json,consultas-4-listas-posteo.json,25486.0,SkipList,0.0,25,true
consultas-4-listas-posteo.json,consultas-4-listas-posteo.json,35072.0,Binaria Acotada,0.0,13,true
consultas-4-listas-posteo.json,consultas-4-listas-posteo.json,35072.0,Secuencial B0,5.0067901611328125e-6,6997,true
consultas-4-listas-posteo.json,consultas-4-listas-posteo.json,35072.0,No Acotada B1,0.0,25,true
consultas-4-listas-posteo.json,consultas-4-listas-posteo.json,35072.0,No Acotada B2,1.1920928955078125e-6,25,true
consultas-4-listas-posteo.json,consultas-4-listas-posteo.json,35072.0,SkipList,0.0,22,true
consultas-4-listas-posteo.json,consultas-4-listas-posteo.json,29557.0,Binaria Acotada,9.5367431640625e-7,13,true
consultas-4-listas-posteo.json,consultas-4-listas-posteo.json,29557.0,Secuencial B0,4.0531158447265625e-6,5881,true
consultas-4-listas-posteo.json,consultas-4-listas-posteo.json,29557.0,No Acotada B1,0.0,24,true
consultas-4-listas-posteo.json,consultas-4-listas-posteo.json,29557.0,No Acotada B2,9.5367431640625e-7,24,true
consultas-4-listas-posteo.json,consultas-4-listas-posteo.json,29557.0,SkipList,0.0,29,true
consultas-4-listas-posteo.json,consultas-4-listas-posteo.json,15800.0,Binaria Acotada,0.0,14,true
consultas-4-listas-posteo.json,consultas-4-listas-posteo.json,15800.0,Secuencial B0,1.9073486328125e-6,3094,true
consultas-4-listas-posteo.json,consultas-4-listas-posteo.json,15800.0,No Acotada B1,0.0,22,true
consultas-4-listas-posteo.json,consultas-4-listas-posteo.json,15800.0,No Acotada B2,0.0,22,true
consultas-4-listas-posteo.json,consultas-4-listas-posteo.json,15800.0,SkipList,0.0,28,true
consultas-4-listas-posteo.json,consultas-4-listas-posteo.json,20323.0,Binaria Acotada,9.5367431640625e-7,13,true
consultas-4-listas-posteo.json,consultas-4-listas-posteo.json,20323.0,Secuencial B0,1.9073486328125e-6,4016,true
consultas-4-listas-posteo.json,consultas-4-listas-posteo.json,20323.0,No Acotada B1,0.0,19,true
consultas-4-listas-posteo.json,consultas-4-listas-posteo.json,20323.0,No Acotada B2,0.0,19,true
consultas-4-listas-posteo.json,consultas-4-listas-posteo.json,20323.0,SkipList,0.0,24,true
consultas-4-listas-posteo.json,consultas-4-listas-posteo.json,28728.0,Binaria Acotada,0.0,9,true
consultas-4-listas-posteo.json,consultas-4-listas-posteo.json,28728.0,Secuencial B0,2.86102294921875e-6,5722,true
consultas-4-listas-posteo.json,consultas-4-listas-posteo.json,28728.0,No Acotada B1,0.0,25,true
consultas-4-listas-posteo.json,consultas-4-listas-posteo.json,28728.0,No Acotada B2,0.0,25,true
consultas-4-listas-posteo.json,consultas-4-listas-posteo.json,28728.0,SkipList,0.0,25,true
consultas-4-listas-posteo.json,consultas-4-listas-posteo.json,11833.0,Binaria Acotada,0.0,12,true
consultas-4-listas-posteo.json,consultas-4-listas-posteo.json,11833.0,Secuencial B0,9.5367431640625e-7,2306,true
consultas-4-listas-posteo.json,consultas-4-listas-posteo.json,11833.0,No Acotada B1,0.0,23,true
consultas-4-listas-posteo.json,consultas-4-listas-posteo.json,11833.0,No Acotada B2,0.0,23,true
consultas-4-listas-posteo.json,consultas-4-listas-posteo.json,11833.0,SkipList,1.1920928955078125e-6,22,true
consultas-4-listas-posteo.json,consultas-3-listas-posteo.json,694.0,Binaria Acotada,0.0,13,false
consultas-4-listas-posteo.json,consultas-3-listas-posteo.json,694.0,Secuencial B0,0.0,127,false
consultas-4-listas-posteo.json,consultas-3-listas-posteo.json,694.0,No Acotada B1,0.0,13,false
consultas-4-listas-posteo.json,consultas-3-listas-posteo.json,694.0,No Acotada B2,0.0,13,false
consultas-4-listas-posteo.json,consultas-3-listas-posteo.json,694.0,SkipList,9.5367431640625e-7,22,false
consultas-4-listas-posteo.json,consultas-3-listas-posteo.json,555.0,Binaria Acotada,0.0,14,false
consultas-4-listas-posteo.json,consultas-3-listas-posteo.json,555.0,Secuencial B0,9.5367431640625e-7,101,false
consultas-4-listas-posteo.json,consultas-3-listas-posteo.json,555.0,No Acotada B1,0.0,13,false
consultas-4-listas-posteo.json,consultas-3-listas-posteo.json,555.0,No Acotada B2,0.0,13,false
consultas-4-listas-posteo.json,consultas-3-listas-posteo.json,555.0,SkipList,0.0,20,false
consultas-4-listas-posteo.json,consultas-3-listas-posteo.json,2078.0,Binaria Acotada,9.5367431640625e-7,13,false
consultas-4-listas-posteo.json,consultas-3-listas-posteo.json,2078.0,Secuencial B0,0.0,396,false
consultas-4-listas-posteo.json,consultas-3-listas-posteo.json,2078.0,No Acotada B1,0.0,17,false
consultas-4-listas-posteo.json,consultas-3-listas-posteo.json,2078.0,No Acotada B2,0.0,17,false
consultas-4-listas-posteo.json,consultas-3-listas-posteo.json,2078.0,SkipList,9.5367431640625e-7,19,false
consultas-4-listas-posteo.json,consultas-3-listas-posteo.json,3674.0,Binaria Acotada,0.0,11,true
consultas-4-listas-posteo.json,consultas-3-listas-posteo.json,3674.0,Secuencial B0,9.5367431640625e-7,727,true
consultas-4-listas-posteo.json,consultas-3-listas-posteo.json,3674.0,No Acotada B1,0.0,16,true
consultas-4-listas-posteo.json,consultas-3-listas-posteo.json,3674.0,No Acotada B2,0.0,16,true
consultas-4-listas-posteo.json,consultas-3-listas-posteo.json,3674.0,SkipList,9.5367431640625e-7,32,true
consultas-4-listas-posteo.json,consultas-3-listas-posteo.json,667.0,Binaria Acotada,0.0,13,false
consultas-4-listas-posteo.json,consultas-3-listas-posteo.json,667.0,Secuencial B0,0.0,123,false
consultas-4-listas-posteo.json,consultas-3-listas-posteo.json,667.0,No Acotada B1,0.0,13,false
consultas-4-listas-posteo.json,consultas-3-listas-posteo.json,667.0,No Acotada B2,9.5367431640625e-7,13,false
consultas-4-listas-posteo.json,consultas-3-listas-posteo.json,667.0,SkipList,0.0,26,false
consultas-4-listas-posteo.json,consultas-3-listas-posteo.json,1144.0,Binaria Acotada,0.0,14,false
consultas-4-listas-posteo.json,consultas-3-listas-posteo.json,1144.0,Secuencial B0,0.0,213,false
consultas-4-listas-posteo.json,consultas-3-listas-posteo.json,1144.0,No Acotada B1,0.0,15,false
consultas-4-listas-posteo.json,consultas-3-listas-posteo.json,1144.0,No Acotada B2,0.0,15,false
consultas-4-listas-posteo.json,consultas-3-listas-posteo.json,1144.0,SkipList,9.5367431640625e-7,20,false
consultas-4-listas-posteo.json,consultas-3-listas-posteo.json,2329.0,Binaria Acotada,0.0,14,false
consultas-4-listas-posteo.json,consultas-3-listas-posteo.json,2329.0,Secuencial B0,0.0,448,false
consultas-4-listas-posteo.json,consultas-3-listas-posteo.json,2329.0,No Acotada B1,9.5367431640625e-7,17,false
consultas-4-listas-posteo.json,consultas-3-listas-posteo.json,2329.0,No Acotada B2,0.0,17,false
consultas-4-listas-posteo.json,consultas-3-listas-posteo.json,2329.0,SkipList,9.5367431640625e-7,24,false
consultas-4-listas-posteo.json,consultas-3-listas-posteo.json,1163.0,Binaria Acotada,0.0,14,false
consultas-4-listas-posteo.json,consultas-3-listas-posteo.json,1163.0,Secuencial B0,0.0,214,false
consultas-4-listas-posteo.json,consultas-3-listas-posteo.json,1163.0,No Acotada B1,0.0,15,false
consultas-4-listas-posteo.json,consultas-3-listas-posteo.json,1163.0,No Acotada B2,0.0,15,false
consultas-4-listas-posteo.json,consultas-3-listas-posteo.json,1163.0,SkipList,0.0,20,false
consultas-4-listas-posteo.json,consultas-3-listas-posteo.json,3398.0,Binaria Acotada,0.0,13,false
consultas-4-listas-posteo.json,consultas-3-listas-posteo.json,3398.0,Secuencial B0,9.5367431640625e-7,669,false
consultas-4-listas-posteo.json,consultas-3-listas-posteo.json,3398.0,No Acotada B1,0.0,19,false
consultas-4-listas-posteo.json,consultas-3-listas-posteo.json,3398.0,No Acotada B2,9.5367431640625e-7,19,false
consultas-4-listas-posteo.json,consultas-3-listas-posteo.json,3398.0,SkipList,0.0,26,false
consultas-4-listas-posteo.json,consultas-3-listas-posteo.json,3291.0,Binaria Acotada,0.0,14,false
consultas-4-listas-posteo.json,consultas-3-listas-posteo.json,3291.0,Secuencial B0,1.1920928955078125e-6,643,false
consultas-4-listas-posteo.json,consultas-3-listas-posteo.json,3291.0,No Acotada B1,0.0,19,false
consultas-4-listas-posteo.json,consultas-3-listas-posteo.json,3291.0,No Acotada B2,0.0,19,false
consultas-4-listas-posteo.json,consultas-3-listas-posteo.json,3291.0,SkipList,0.0,28,false
consultas-4-listas-posteo.json,consultas-3-listas-posteo.json,2283.0,Binaria Acotada,0.0,13,true
consultas-4-listas-posteo.json,consultas-3-listas-posteo.json,2283.0,Secuencial B0,0.0,434,true
consultas-4-listas-posteo.json,consultas-3-listas-posteo.json,2283.0,No Acotada B1,9.5367431640625e-7,16,true
consultas-4-listas-posteo.json,consultas-3-listas-posteo.json,2283.0,No Acotada B2,0.0,16,true
consultas-4-listas-posteo.json,consultas-3-listas-posteo.json,2283.0,SkipList,9.5367431640625e-7,22,true
consultas-4-listas-posteo.json,consultas-3-listas-posteo.json,279.0,Binaria Acotada,0.0,13,false
consultas-4-listas-posteo.json,consultas-3-listas-posteo.json,279.0,Secuencial B0,0.0,50,false
consultas-4-listas-posteo.json,consultas-3-listas-posteo.json,279.0,No Acotada B1,0.0,11,false
consultas-4-listas-posteo.json,consultas-3-listas-posteo.json,279.0,No Acotada B2,0.0,11,false
consultas-4-listas-posteo.json,consultas-3-listas-posteo.json,279.0,SkipList,0.0,24,false
consultas-4-listas-posteo.json,consultas-3-listas-posteo.json,3609.0,Binaria Acotada,9.5367431640625e-7,13,false
consultas-4-listas-posteo.json,consultas-3-listas-posteo.json,3609.0,Secuencial B0,0.0,709,false
consultas-4-listas-posteo.json,consultas-3-listas-posteo.json,3609.0,No Acotada B1,0.0,19,false
consultas-4-listas-posteo.json,consultas-3-listas-posteo.json,3609.0,No Acotada B2,0.0,19,false
consultas-4-listas-posteo.json,consultas-3-listas-posteo.json,3609.0,SkipList,9.5367431640625e-7,28,false
consultas-4-listas-posteo.json,consultas-3-listas-posteo.json,2574.0,Binaria Acotada,0.0,14,false
consultas-4-listas-posteo.json,consultas-3-listas-posteo.json,2574.0,Secuencial B0,0.0,492,false
consultas-4-listas-posteo.json,consultas-3-listas-posteo.json,2574.0,No Acotada B1,0.0,17,false
consultas-4-listas-posteo.json,consultas-3-listas-posteo.json,2574.0,No Acotada B2,0.0,17,false
consultas-4-listas-posteo.json,consultas-3-listas-posteo.json,2574.0,SkipList,9.5367431640625e-7,26,false
consultas-4-listas-posteo.json,consultas-3-listas-posteo.json,1640.0,Binaria Acotada,0.0,14,false
consultas-4-listas-posteo.json,consultas-3-listas-posteo.json,1640.0,Secuencial B0,0.0,307,false
consultas-4-listas-posteo.json,consultas-3-listas-posteo.json,1640.0,No Acotada B1,0.0,17,false
consultas-4-listas-posteo.json,consultas-3-listas-posteo.json,1640.0,No Acotada B2,0.0,17,false
consultas-4-listas-posteo.json,consultas-3-listas-posteo.json,1640.0,SkipList,1.1920928955078125e-6,26,false
consultas-4-listas-posteo.json,consultas-3-listas-posteo.json,849.0,Binaria Acotada,0.0,12,true
consultas-4-listas-posteo.json,consultas-3-listas-posteo.json,849.0,Secuencial B0,9.5367431640625e-7,153,true
consultas-4-listas-posteo.json,consultas-3-listas-posteo.json,849.0,No Acotada B1,0.0,14,true
consultas-4-listas-posteo.json,consultas-3-listas-posteo.json,849.0,No Acotada B2,0.0,14,true
consultas-4-listas-posteo.json,consultas-3-listas-posteo.json,849.0,SkipList,0.0,22,true
consultas-4-listas-posteo.json,consultas-3-listas-posteo.json,611.0,Binaria Acotada,0.0,13,false
consultas-4-listas-posteo.json,consultas-3-listas-posteo.json,611.0,Secuencial B0,0.0,109,false
consultas-4-listas-posteo.json,consultas-3-listas-posteo.json,611.0,No Acotada B1,0.0,13,false
consultas-4-listas-posteo.json,consultas-3-listas-posteo.json,611.0,No Acotada B2,0.0,13,false
consultas-4-listas-posteo.json,consultas-3-listas-posteo.json,611.0,SkipList,0.0,21,false
consultas-4-listas-posteo.json,consultas-3-listas-posteo.json,1193.0,Binaria Acotada,0.0,13,false
consultas-4-listas-posteo.json,consultas-3-listas-posteo.json,1193.0,Secuencial B0,0.0,216,false
consultas-4-listas-posteo.json,consultas-3-listas-posteo.json,1193.0,No Acotada B1,0.0,15,false
consultas-4-listas-posteo.json,consultas-3-listas-posteo.json,1193.0,No Acotada B2,0.0,15,false
consultas-4-listas-posteo.json,consultas-3-listas-posteo.json,1193.0,SkipList,0.0,21,false
consultas-4-listas-posteo.json,consultas-3-listas-posteo.json,3115.0,Binaria Acotada,0.0,14,false
consultas-4-listas-posteo.json,consultas-3-listas-posteo.json,3115.0,Secuencial B0,0.0,604,false
consultas-4-listas-posteo.json,consultas-3-listas-posteo.json,3115.0,No Acotada B1,0.0,19,false
consultas-4-listas-posteo.json,consultas-3-listas-posteo.json,3115.0,No Acotada B2,0.0,19,false
consultas-4-listas-posteo.json,consultas-3-listas-posteo.json,3115.0,SkipList,1.1920928955078125e-6,22,false
consultas-4-listas-posteo.json,consultas-3-listas-posteo.json,1377.0,Binaria Acotada,0.0,14,false
consultas-4-listas-posteo.json,consultas-3-listas-posteo.json,1377.0,Secuencial B0,9.5367431640625e-7,252,false
consultas-4-listas-posteo.json,consultas-3-listas-posteo.json,1377.0,No Acotada B1,0.0,15,false
consultas-4-listas-posteo.json,consultas-3-listas-posteo.json,1377.0,No Acotada B2,0.0,15,false
consultas-4-listas-posteo.json,consultas-3-listas-posteo.json,1377.0,SkipList,0.0,21,false
consultas-4-listas-posteo.json,consultas-3-listas-posteo.json,1105.0,Binaria Acotada,9.5367431640625e-7,14,false
consultas-4-listas-posteo.json,consultas-3-listas-posteo.json,1105.0,Secuencial B0,0.0,203,false
consultas-4-listas-posteo.json,consultas-3-listas-posteo.json,1105.0,No Acotada B1,9.5367431640625e-7,15,false
consultas-4-listas-posteo.json,consultas-3-listas-posteo.json,1105.0,No Acotada B2,0.0,15,false
consultas-4-listas-posteo.json,consultas-3-listas-posteo.json,1105.0,SkipList,1.1920928955078125e-6,22,false
consultas-4-listas-posteo.json,consultas-3-listas-posteo.json,677.0,Binaria Acotada,0.0,12,true
consultas-4-listas-posteo.json,consultas-3-listas-posteo.json,677.0,Secuencial B0,9.5367431640625e-7,123,true
consultas-4-listas-posteo.json,consultas-3-listas-posteo.json,677.0,No Acotada B1,0.0,11,true
consultas-4-listas-posteo.json,consultas-3-listas-posteo.json,677.0,No Acotada B2,0.0,11,true
consultas-4-listas-posteo.json,consultas-3-listas-posteo.json,677.0,SkipList,0.0,26,true
consultas-4-listas-posteo.json,consultas-3-listas-posteo.json,2758.0,Binaria Acotada,0.0,14,false
consultas-4-listas-posteo.json,consultas-3-listas-posteo.json,2758.0,Secuencial B0,0.0,535,false
consultas-4-listas-posteo.json,consultas-3-listas-posteo.json,2758.0,No Acotada B1,9.5367431640625e-7,19,false
consultas-4-listas-posteo.json,consultas-3-listas-posteo.json,2758.0,No Acotada B2,0.0,19,false
consultas-4-listas-posteo.json,consultas-3-listas-posteo.json,2758.0,SkipList,9.5367431640625e-7,23,false
consultas-4-listas-posteo.json,consultas-3-listas-posteo.json,1024.0,Binaria Acotada,0.0,14,false
consultas-4-listas-posteo.json,consultas-3-listas-posteo.json,1024.0,Secuencial B0,0.0,185,false
consultas-4-listas-posteo.json,consultas-3-listas-posteo.json,1024.0,No Acotada B1,0.0,15,false
consultas-4-listas-posteo.json,consultas-3-listas-posteo.json,1024.0,No Acotada B2,9.5367431640625e-7,15,false
consultas-4-listas-posteo.json,consultas-3-listas-posteo.json,1024.0,SkipList,0.0,20,false
consultas-4-listas-posteo.json,consultas-3-listas-posteo.json,1759.0,Binaria Acotada,0.0,11,true
consultas-4-listas-posteo.json,consultas-3-listas-posteo.json,1759.0,Secuencial B0,0.0,326,true
consultas-4-listas-posteo.json,consultas-3-listas-posteo.json,1759.0,No Acotada B1,0.0,17,true
consultas-4-listas-posteo.json,consultas-3-listas-posteo.json,1759.0,No Acotada B2,0.0,17,true
consultas-4-listas-posteo.json,consultas-3-listas-posteo.json,1759.0,SkipList,9.5367431640625e-7,22,true
consultas-4-listas-posteo.json,consultas-3-listas-posteo.json,3388.0,Binaria Acotada,0.0,13,false
consultas-4-listas-posteo.json,consultas-3-listas-posteo.json,3388.0,Secuencial B0,0.0,668,false
consultas-4-listas-posteo.json,consultas-3-listas-posteo.json,3388.0,No Acotada B1,0.0,19,false
consultas-4-listas-posteo.json,consultas-3-listas-posteo.json,3388.0,No Acotada B2,0.0,19,false
consultas-4-listas-posteo.json,consultas-3-listas-posteo.json,3388.0,SkipList,9.5367431640625e-7,26,false
consultas-4-listas-posteo.json,consultas-3-listas-posteo.json,459.0,Binaria Acotada,0.0,13,false
consultas-4-listas-posteo.json,consultas-3-listas-posteo.json,459.0,Secuencial B0,0.0,80,false
consultas-4-listas-posteo.json,consultas-3-listas-posteo.json,459.0,No Acotada B1,0.0,13,false
consultas-4-listas-posteo.json,consultas-3-listas-posteo.json,459.0,No Acotada B2,0.0,13,false
consultas-4-listas-posteo.json,consultas-3-listas-posteo.json,459.0,SkipList,0.0,20,false
consultas-4-listas-posteo.json,consultas-3-listas-posteo.json,554.0,Binaria Acotada,0.0,14,false
consultas-4-listas-posteo.json,consultas-3-listas-posteo.json,554.0,Secuencial B0,0.0,101,false
consultas-4-listas-posteo.json,consultas-3-listas-posteo.json,554.0,No Acotada B1,0.0,13,false
consultas-4-listas-posteo.json,consultas-3-listas-posteo.json,554.0,No Acotada B2,0.0,13,false
consultas-4-listas-posteo.json,consultas-3-listas-posteo.json,554.0,SkipList,0.0,20,false
consultas-4-listas-posteo.json,consultas-3-listas-posteo.json,682.0,Binaria Acotada,0.0,14,false
consultas-4-listas-posteo.json,consultas-3-listas-posteo.json,682.0,Secuencial B0,0.0,125,false
consultas-4-listas-posteo.json,consultas-3-listas-posteo.json,682.0,No Acotada B1,0.0,13,false
consultas-4-listas-posteo.json,consultas-3-listas-posteo.json,682.0,No Acotada B2,0.0,13,false
consultas-4-listas-posteo.json,consultas-3-listas-posteo.json,682.0,SkipList,0.0,21,false
consultas-4-listas-posteo.json,consultas-3-listas-posteo.json,3275.0,Binaria Acotada,0.0,14,false
consultas-4-listas-posteo.json,consultas-3-listas-posteo.json,3275.0,Secuencial B0,1.1920928955078125e-6,639,false
consultas-4-listas-posteo.json,consultas-3-listas-posteo.json,3275.0,No Acotada B1,0.0,19,false
consultas-4-listas-posteo.json,consultas-3-listas-posteo.json,3275.0,No Acotada B2,9.5367431640625e-7,19,false
consultas-4-listas-posteo.json,consultas-3-listas-posteo.json,3275.0,SkipList,0.0,25,false
consultas-4-listas-posteo.json,consultas-3-listas-posteo.json,2635.0,Binaria Acotada,9.5367431640625e-7,13,false
consultas-4-listas-posteo.json,consultas-3-listas-posteo.json,2635.0,Secuencial B0,0.0,503,false
consultas-4-listas-posteo.json,consultas-3-listas-posteo.json,2635.0,No Acotada B1,0.0,17,false
consultas-4-listas-posteo.json,consultas-3-listas-posteo.json,2635.0,No Acotada B2,0.0,17,false
consultas-4-listas-posteo.json,consultas-3-listas-posteo.json,2635.0,SkipList,9.5367431640625e-7,28,false
consultas-4-listas-posteo.json,consultas-3-listas-posteo.json,544.0,Binaria Acotada,0.0,13,false
consultas-4-listas-posteo.json,consultas-3-listas-posteo.json,544.0,Secuencial B0,0.0,99,false
consultas-4-listas-posteo.json,consultas-3-listas-posteo.json,544.0,No Acotada B1,0.0,13,false
consultas-4-listas-posteo.json,consultas-3-listas-posteo.json,544.0,No Acotada B2,9.5367431640625e-7,13,false
consultas-4-listas-posteo.json,consultas-3-listas-posteo.json,544.0,SkipList,0.0,19,false
consultas-4-listas-posteo.json,consultas-3-listas-posteo.json,850.0,Binaria Acotada,9.5367431640625e-7,13,false
consultas-4-listas-posteo.json,consultas-3-listas-posteo.json,850.0,Secuencial B0,0.0,154,false
consultas-4-listas-posteo.json,consultas-3-listas-posteo.json,850.0,No Acotada B1,9.5367431640625e-7,15,false
consultas-4-listas-posteo.json,consultas-3-listas-posteo.json,850.0,No Acotada B2,0.0,15,false
consultas-4-listas-posteo.json,consultas-3-listas-posteo.json,850.0,SkipList,9.5367431640625e-7,22,false
consultas-4-listas-posteo.json,consultas-3-listas-posteo.json,2373.0,Binaria Acotada,0.0,13,false
consultas-4-listas-posteo.json,consultas-3-listas-posteo.json,2373.0,Secuencial B0,1.1920928955078125e-6,459,false
consultas-4-listas-posteo.json,consultas-3-listas-posteo.json,2373.0,No Acotada B1,0.0,17,false
consultas-4-listas-posteo.json,consultas-3-listas-posteo.json,2373.0,No Acotada B2,0.0,17,false
consultas-4-listas-posteo.json,consultas-3-listas-posteo.json,2373.0,SkipList,0.0,23,false
consultas-4-listas-posteo.json,consultas-3-listas-posteo.json,234.0,Binaria Acotada,9.5367431640625e-7,13,false
consultas-4-listas-posteo.json,consultas-3-listas-posteo.json,234.0,Secuencial B0,0.0,40,false
consultas-4-listas-posteo.json,consultas-3-listas-posteo.json,234.0,No Acotada B1,0.0,11,false
consultas-4-listas-posteo.json,consultas-3-listas-posteo.json,234.0,No Acotada B2,0.0,11,false
consultas-4-listas-posteo.json,consultas-3-listas-posteo.json,234.0,SkipList,0.0,20,false
consultas-4-listas-posteo.json,consultas-3-listas-posteo.json,535.0,Binaria Acotada,0.0,13,false
consultas-4-listas-posteo.json,consultas-3-listas-posteo.json,535.0,Secuencial B0,0.0,98,false
consultas-4-listas-posteo.json,consultas-3-listas-posteo.json,535.0,No Acotada B1,0.0,13,false
consultas-4-listas-posteo.json,consultas-3-listas-posteo.json,535.0,No Acotada B2,0.0,13,false
consultas-4-listas-posteo.json,consultas-3-listas-posteo.json,535.0,SkipList,9.5367431640625e-7,26,false
consultas-4-listas-posteo.json,consultas-3-listas-posteo.json,3734.0,Binaria Acotada,0.0,13,true
consultas-4-listas-posteo.json,consultas-3-listas-posteo.json,3734.0,Secuencial B0,9.5367431640625e-7,747,true
consultas-4-listas-posteo.json,consultas-3-listas-posteo.json,3734.0,No Acotada B1,0.0,17,true
consultas-4-listas-posteo.json,consultas-3-listas-posteo.json,3734.0,No Acotada B2,0.0,17,true
consultas-4-listas-posteo.json,consultas-3-listas-posteo.json,3734.0,SkipList,9.5367431640625e-7,27,true
consultas-4-listas-posteo.json,consultas-3-listas-posteo.json,2539.0,Binaria Acotada,0.0,13,false
consultas-4-listas-posteo.json,consultas-3-listas-posteo.json,2539.0,Secuencial B0,0.0,490,false
consultas-4-listas-posteo.json,consultas-3-listas-posteo.json,2539.0,No Acotada B1,0.0,17,false
consultas-4-listas-posteo.json,consultas-3-listas-posteo.json,2539.0,No Acotada B2,0.0,17,false
consultas-4-listas-posteo.json,consultas-3-listas-posteo.json,2539.0,SkipList,0.0,25,false
consultas-4-listas-posteo.json,consultas-3-listas-posteo.json,2711.0,Binaria Acotada,0.0,14,false
consultas-4-listas-posteo.json,consultas-3-listas-posteo.json,2711.0,Secuencial B0,9.5367431640625e-7,525,false
consultas-4-listas-posteo.json,consultas-3-listas-posteo.json,2711.0,No Acotada B1,0.0,19,false
consultas-4-listas-posteo.json,consultas-3-listas-posteo.json,2711.0,No Acotada B2,0.0,19,false
consultas-4-listas-posteo.json,consultas-3-listas-posteo.json,2711.0,SkipList,0.0,32,false
consultas-4-listas-posteo.json,consultas-3-listas-posteo.json,1513.0,Binaria Acotada,9.5367431640625e-7,14,true
consultas-4-listas-posteo.json,consultas-3-listas-posteo.json,1513.0,Secuencial B0,0.0,281,true
consultas-4-listas-posteo.json,consultas-3-listas-posteo.json,1513.0,No Acotada B1,1.1920928955078125e-6,16,true
consultas-4-listas-posteo.json,consultas-3-listas-posteo.json,1513.0,No Acotada B2,0.0,16,true
consultas-4-listas-posteo.json,consultas-3-listas-posteo.json,1513.0,SkipList,9.5367431640625e-7,26,true
consultas-4-listas-posteo.json,consultas-3-listas-posteo.json,919.0,Binaria Acotada,0.0,13,false
consultas-4-listas-posteo.json,consultas-3-listas-posteo.json,919.0,Secuencial B0,9.5367431640625e-7,168,false
consultas-4-listas-posteo.json,consultas-3-listas-posteo.json,919.0,No Acotada B1,0.0,15,false
consultas-4-listas-posteo.json,consultas-3-listas-posteo.json,919.0,No Acotada B2,0.0,15,false
consultas-4-listas-posteo.json,consultas-3-listas-posteo.json,919.0,SkipList,0.0,18,false
consultas-4-listas-posteo.json,consultas-3-listas-posteo.json,339.0,Binaria Acotada,0.0,13,false
consultas-4-listas-posteo.json,consultas-3-listas-posteo.json,339.0,Secuencial B0,0.0,61,false
consultas-4-listas-posteo.json,consultas-3-listas-posteo.json,339.0,No Acotada B1,0.0,11,false
consultas-4-listas-posteo.json,consultas-3-listas-posteo.json,339.0,No Acotada B2,1.1920928955078125e-6,11,false
consultas-4-listas-posteo.json,consultas-3-listas-posteo.json,339.0,SkipList,0.0,26,false
consultas-4-listas-posteo.json,consultas-3-listas-posteo.json,2975.0,Binaria Acotada,0.0,13,false
consultas-4-listas-posteo.json,consultas-3-listas-posteo.json,2975.0,Secuencial B0,9.5367431640625e-7,577,false
consultas-4-listas-posteo.json,consultas-3-listas-posteo.json,2975.0,No Acotada B1,0.0,19,false
consultas-4-listas-posteo.json,consultas-3-listas-posteo.json,2975.0,No Acotada B2,9.5367431640625e-7,19,false
consultas-4-listas-posteo.json,consultas-3-listas-posteo.json,2975.0,SkipList,0.0,21,false
consultas-4-listas-posteo.json,consultas-3-listas-posteo.json,1093.0,Binaria Acotada,9.5367431640625e-7,11,true
consultas-4-listas-posteo.json,consultas-3-listas-posteo.json,1093.0,Secuencial B0,0.0,199,true
consultas-4-listas-posteo.json,consultas-3-listas-posteo.json,1093.0,No Acotada B1,1.1920928955078125e-6,15,true
consultas-4-listas-posteo.json,consultas-3-listas-posteo.json,1093.0,No Acotada B2,0.0,15,true
consultas-4-listas-posteo.json,consultas-3-listas-posteo.json,1093.0,SkipList,9.5367431640625e-7,24,true
consultas-4-listas-posteo.json,consultas-3-listas-posteo.json,3386.0,Binaria Acotada,0.0,13,true
consultas-4-listas-posteo.json,consultas-3-listas-posteo.json,3386.0,Secuencial B0,9.5367431640625e-7,667,true
consultas-4-listas-posteo.json,consultas-3-listas-posteo.json,3386.0,No Acotada B1,0.0,17,true
consultas-4-listas-posteo.json,consultas-3-listas-posteo.json,3386.0,No Acotada B2,9.5367431640625e-7,17,true
consultas-4-listas-posteo.json,consultas-3-listas-posteo.json,3386.0,SkipList,0.0,25,true
consultas-4-listas-posteo.json,consultas-3-listas-posteo.json,1450.0,Binaria Acotada,0.0,14,false
consultas-4-listas-posteo.json,consultas-3-listas-posteo.json,1450.0,Secuencial B0,0.0,268,false
consultas-4-listas-posteo.json,consultas-3-listas-posteo.json,1450.0,No Acotada B1,0.0,17,false
consultas-4-listas-posteo.json,consultas-3-listas-posteo.json,1450.0,No Acotada B2,0.0,17,false
consultas-4-listas-posteo.json,consultas-3-listas-posteo.json,1450.0,SkipList,9.5367431640625e-7,25,false
consultas-4-listas-posteo.json,consultas-3-listas-posteo.json,1824.0,Binaria Acotada,0.0,14,false
consultas-4-listas-posteo.json,consultas-3-listas-posteo.json,1824.0,Secuencial B0,0.0,341,false
consultas-4-listas-posteo.json,consultas-3-listas-posteo.json,1824.0,No Acotada B1,0.0,17,false
consultas-4-listas-posteo.json,consultas-3-listas-posteo.json,1824.0,No Acotada B2,0.0,17,false
consultas-4-listas-posteo.json,consultas-3-listas-posteo.json,1824.0,SkipList,0.0,24,false
consultas-4-listas-posteo.json,consultas-3-listas-posteo.json,274.0,Binaria Acotada,0.0,13,false
consultas-4-listas-posteo.json,consultas-3-listas-posteo.json,274.0,Secuencial B0,0.0,49,false
consultas-4-listas-posteo.json,consultas-3-listas-posteo.json,274.0,No Acotada B1,0.0,11,false
consultas-4-listas-posteo.json,consultas-3-listas-posteo.json,274.0,No Acotada B2,0.0,11,false
consultas-4-listas-posteo.json,consultas-3-listas-posteo.json,274.0,SkipList,9.5367431640625e-7,23,false
consultas-4-listas-posteo.json,consultas-3-listas-posteo.json,1161.0,Binaria Acotada,0.0,14,false
consultas-4-listas-posteo.json,consultas-3-listas-posteo.json,1161.0,Secuencial B0,9.5367431640625e-7,214,false
consultas-4-listas-posteo.json,consultas-3-listas-posteo.json,1161.0,No Acotada B1,0.0,15,false
consultas-4-listas-posteo.json,consultas-3-listas-posteo.json,1161.0,No Acotada B2,0.0,15,false
consultas-4-listas-posteo.json,consultas-3-listas-posteo.json,1161.0,SkipList,0.0,20,false
consultas-4-listas-posteo.json,consultas-3-listas-posteo.json,3529.0,Binaria Acotada,0.0,13,false
consultas-4-listas-posteo.json,consultas-3-listas-posteo.json,3529.0,Secuencial B0,0.0,694,false
consultas-4-listas-posteo.json,consultas-3-listas-posteo.json,3529.0,No Acotada B1,0.0,19,false
consultas-4-listas-posteo.json,consultas-3-listas-posteo.json,3529.0,No Acotada B2,0.0,19,false
consultas-4-listas-posteo.json,consultas-3-listas-posteo.json,3529.0,SkipList,9.5367431640625e-7,29,false
consultas-4-listas-posteo.json,consultas-3-listas-posteo.json,367.0,Binaria Acotada,0.0,14,false
consultas-4-listas-posteo.json,consultas-3-listas-posteo.json,367.0,Secuencial B0,9.5367431640625e-7,63,false
consultas-4-listas-posteo.json,consultas-3-listas-posteo.json,367.0,No Acotada B1,0.0,11,false
consultas-4-listas-posteo.json,consultas-3-listas-posteo.json,367.0,No Acotada B2,0.0,11,false
consultas-4-listas-posteo.json,consultas-3-listas-posteo.json,367.0,SkipList,0.0,28,false
consultas-4-listas-posteo.json,consultas-3-listas-posteo.json,2507.0,Binaria Acotada,9.5367431640625e-7,13,false
consultas-4-listas-posteo.json,consultas-3-listas-posteo.json,2507.0,Secuencial B0,0.0,485,false
consultas-4-listas-posteo.json,consultas-3-listas-posteo.json,2507.0,No Acotada B1,0.0,17,false
consultas-4-listas-posteo.json,consultas-3-listas-posteo.json,2507.0,No Acotada B2,0.0,17,false
consultas-4-listas-posteo.json,consultas-3-listas-posteo.json,2507.0,SkipList,1.1920928955078125e-6,22,false
consultas-4-listas-posteo.json,consultas-3-listas-posteo.json,2821.0,Binaria Acotada,0.0,13,false
consultas-4-listas-posteo.json,consultas-3-listas-posteo.json,2821.0,Secuencial B0,9.5367431640625e-7,544,false
consultas-4-listas-posteo.json,consultas-3-listas-posteo.json,2821.0,No Acotada B1,0.0,19,false
consultas-4-listas-posteo.json,consultas-3-listas-posteo.json,2821.0,No Acotada B2,0.0,19,false
consultas-4-listas-posteo.json,consultas-3-listas-posteo.json,2821.0,SkipList,0.0,23,false
consultas-4-listas-posteo.json,consultas-3-listas-posteo.json,238.0,Binaria Acotada,0.0,13,false
consultas-4-listas-posteo.json,consultas-3-listas-posteo.json,238.0,Secuencial B0,0.0,40,false
consultas-4-listas-posteo.json,consultas-3-listas-posteo.json,238.0,No Acotada B1,9.5367431640625e-7,11,false
consultas-4-listas-posteo.json,consultas-3-listas-posteo.json,238.0,No Acotada B2,0.0,11,false
consultas-4-listas-posteo.json,consultas-3-listas-posteo.json,238.0,SkipList,0.0,20,false
consultas-4-listas-posteo.json,consultas-3-listas-posteo.json,2039.0,Binaria Acotada,0.0,13,false
consultas-4-listas-posteo.json,consultas-3-listas-posteo.json,2039.0,Secuencial B0,0.0,386,false
consultas-4-listas-posteo.json,consultas-3-listas-posteo.json,2039.0,No Acotada B1,0.0,17,false
consultas-4-listas-posteo.json,consultas-3-listas-posteo.json,2039.0,No Acotada B2,0.0,17,false
consultas-4-listas-posteo.json,consultas-3-listas-posteo.json,2039.0,SkipList,0.0,22,false
consultas-4-listas-posteo.json,consultas-3-listas-posteo.json,1276.0,Binaria Acotada,0.0,13,false
consultas-4-listas-posteo.json,consultas-3-listas-posteo.json,1276.0,Secuencial B0,0.0,236,false
consultas-4-listas-posteo.json,consultas-3-listas-posteo.json,1276.0,No Acotada B1,0.0,15,false
consultas-4-listas-posteo.json,consultas-3-listas-posteo.json,1276.0,No Acotada B2,0.0,15,false
consultas-4-listas-posteo.json,consultas-3-listas-posteo.json,1276.0,SkipList,0.0,24,false
consultas-4-listas-posteo.json,consultas-3-listas-posteo.json,3482.0,Binaria Acotada,0.0,14,false
consultas-4-listas-posteo.json,consultas-3-listas-posteo.json,3482.0,Secuencial B0,9.5367431640625e-7,683,false
consultas-4-listas-posteo.json,consultas-3-listas-posteo.json,3482.0,No Acotada B1,0.0,19,false
consultas-4-listas-posteo.json,consultas-3-listas-posteo.json,3482.0,No Acotada B2,0.0,19,false
consultas-4-listas-posteo.json,consultas-3-listas-posteo.json,3482.0,SkipList,0.0,23,false
consultas-4-listas-posteo.json,consultas-3-listas-posteo.json,2512.0,Binaria Acotada,0.0,13,false
consultas-4-listas-posteo.json,consultas-3-listas-posteo.json,2512.0,Secuencial B0,0.0,485,false
consultas-4-listas-posteo.json,consultas-3-listas-posteo.json,2512.0,No Acotada B1,0.0,17,false
consultas-4-listas-posteo.json,consultas-3-listas-posteo.json,2512.0,No Acotada B2,0.0,17,false
consultas-4-listas-posteo.json,consultas-3-listas-posteo.json,2512.0,SkipList,0.0,22,false
consultas-4-listas-posteo.json,consultas-3-listas-posteo.json,267.0,Binaria Acotada,0.0,13,true
consultas-4-listas-posteo.json,consultas-3-listas-posteo.json,267.0,Secuencial B0,0.0,46,true
consultas-4-listas-posteo.json,consultas-3-listas-posteo.json,267.0,No Acotada B1,9.5367431640625e-7,11,true
consultas-4-listas-posteo.json,consultas-3-listas-posteo.json,267.0,No Acotada B2,0.0,11,true
consultas-4-listas-posteo.json,consultas-3-listas-posteo.json,267.0,SkipList,9.5367431640625e-7,21,true
consultas-4-listas-posteo.json,consultas-3-listas-posteo.json,3160.0,Binaria Acotada,0.0,13,false
consultas-4-listas-posteo.json,consultas-3-listas-posteo.json,3160.0,Secuencial B0,9.5367431640625e-7,618,false
consultas-4-listas-posteo.json,consultas-3-listas-posteo.json,3160.0,No Acotada B1,0.0,19,false
consultas-4-listas-posteo.json,consultas-3-listas-posteo.json,3160.0,No Acotada B2,9.5367431640625e-7,19,false
consultas-4-listas-posteo.json,consultas-3-listas-posteo.json,3160.0,SkipList,0.0,21,false
consultas-4-listas-posteo.json,consultas-3-listas-posteo.json,1445.0,Binaria Acotada,1.1920928955078125e-6,14,false
consultas-4-listas-posteo.json,consultas-3-listas-posteo.json,1445.0,Secuencial B0,0.0,267,false
consultas-4-listas-posteo.json,consultas-3-listas-posteo.json,1445.0,No Acotada B1,0.0,17,false
consultas-4-listas-posteo.json,consultas-3-listas-posteo.json,1445.0,No Acotada B2,0.0,17,false
consultas-4-listas-posteo.json,consultas-3-listas-posteo.json,1445.0,SkipList,0.0,24,false
consultas-4-listas-posteo.json,consultas-3-listas-posteo.json,1829.0,Binaria Acotada,0.0,10,true
consultas-4-listas-posteo.json,consultas-3-listas-posteo.json,1829.0,Secuencial B0,0.0,341,true
consultas-4-listas-posteo.json,consultas-3-listas-posteo.json,1829.0,No Acotada B1,0.0,16,true
consultas-4-listas-posteo.json,consultas-3-listas-posteo.json,1829.0,No Acotada B2,0.0,16,true
consultas-4-listas-posteo.json,consultas-3-listas-posteo.json,1829.0,SkipList,0.0,24,true
consultas-4-listas-posteo.json,consultas-3-listas-posteo.json,60.0,Binaria Acotada,0.0,13,false
consultas-4-listas-posteo.json,consultas-3-listas-posteo.json,60.0,Secuencial B0,0.0,12,false
consultas-4-listas-posteo.json,consultas-3-listas-posteo.json,60.0,No Acotada B1,0.0,8,false
consultas-4-listas-posteo.json,consultas-3-listas-posteo.json,60.0,No Acotada B2,9.5367431640625e-7,8,false
consultas-4-listas-posteo.json,consultas-3-listas-posteo.json,60.0,SkipList,0.0,21,false
consultas-4-listas-posteo.json,consultas-3-listas-posteo.json,3520.0,Binaria Acotada,9.5367431640625e-7,14,false
consultas-4-listas-posteo.json,consultas-3-listas-posteo.json,3520.0,Secuencial B0,0.0,692,false
consultas-4-listas-posteo.json,consultas-3-listas-posteo.json,3520.0,No Acotada B1,0.0,19,false
consultas-4-listas-posteo.json,consultas-3-listas-posteo.json,3520.0,No Acotada B2,0.0,19,false
consultas-4-listas-posteo.json,consultas-3-listas-posteo.json,3520.0,SkipList,0.0,27,false
consultas-4-listas-posteo.json,consultas-3-listas-posteo.json,2842.0,Binaria Acotada,0.0,12,true
consultas-4-listas-posteo.json,consultas-3-listas-posteo.json,2842.0,Secuencial B0,0.0,548,true
consultas-4-listas-posteo.json,consultas-3-listas-posteo.json,2842.0,No Acotada B1,0.0,19,true
consultas-4-listas-posteo.json,consultas-3-listas-posteo.json,2842.0,No Acotada B2,0.0,19,true
consultas-4-listas-posteo.json,consultas-3-listas-posteo.json,2842.0,SkipList,0.0,20,true
consultas-4-listas-posteo.json,consultas-3-listas-posteo.json,83.0,Binaria Acotada,0.0,14,false
consultas-4-listas-posteo.json,consultas-3-listas-posteo.json,83.0,Secuencial B0,0.0,18,false
consultas-4-listas-posteo.json,consultas-3-listas-posteo.json,83.0,No Acotada B1,0.0,9,false
consultas-4-listas-posteo.json,consultas-3-listas-posteo.json,83.0,No Acotada B2,0.0,9,false
consultas-4-listas-posteo.json,consultas-3-listas-posteo.json,83.0,SkipList,9.5367431640625e-7,20,false
consultas-4-listas-posteo.json,consultas-3-listas-posteo.json,2907.0,Binaria Acotada,0.0,13,true
consultas-4-listas-posteo.json,consultas-3-listas-posteo.json,2907.0,Secuencial B0,9.5367431640625e-7,566,true
consultas-4-listas-posteo.json,consultas-3-listas-posteo.json,2907.0,No Acotada B1,0.0,19,true
consultas-4-listas-posteo.json,consultas-3-listas-posteo.json,2907.0,No Acotada B2,0.0,19,true
consultas-4-listas-posteo.json,consultas-3-listas-posteo.json,2907.0,SkipList,0.0,19,true
consultas-4-listas-posteo.json,consultas-3-listas-posteo.json,279.0,Binaria Acotada,0.0,13,false
consultas-4-listas-posteo.json,consultas-3-listas-posteo.json,279.0,Secuencial B0,0.0,50,false
consultas-4-listas-posteo.json,consultas-3-listas-posteo.json,279.0,No Acotada B1,9.5367431640625e-7,11,false
consultas-4-listas-posteo.json,consultas-3-listas-posteo.json,279.0,No Acotada B2,0.0,11,false
consultas-4-listas-posteo.json,consultas-3-listas-posteo.json,279.0,SkipList,0.0,24,false
consultas-4-listas-posteo.json,consultas-3-listas-posteo.json,270.0,Binaria Acotada,0.0,14,false
consultas-4-listas-posteo.json,consultas-3-listas-posteo.json,270.0,Secuencial B0,0.0,47,false
consultas-4-listas-posteo.json,consultas-3-listas-posteo.json,270.0,No Acotada B1,0.0,12,false
consultas-4-listas-posteo.json,consultas-3-listas-posteo.json,270.0,No Acotada B2,0.0,12,false
consultas-4-listas-posteo.json,consultas-3-listas-posteo.json,270.0,SkipList,1.1920928955078125e-6,22,false
consultas-4-listas-posteo.json,consultas-3-listas-posteo.json,691.0,Binaria Acotada,0.0,13,false
consultas-4-listas-posteo.json,consultas-3-listas-posteo.json,691.0,Secuencial B0,9.5367431640625e-7,127,false
consultas-4-listas-posteo.json,consultas-3-listas-posteo.json,691.0,No Acotada B1,0.0,13,false
consultas-4-listas-posteo.json,consultas-3-listas-posteo.json,691.0,No Acotada B2,0.0,13,false
consultas-4-listas-posteo.json,consultas-3-listas-posteo.json,691.0,SkipList,0.0,22,false
consultas-4-listas-posteo.json,consultas-3-listas-posteo.json,197.0,Binaria Acotada,0.0,13,false
consultas-4-listas-posteo.json,consultas-3-listas-posteo.json,197.0,Secuencial B0,0.0,36,false
consultas-4-listas-posteo.json,consultas-3-listas-posteo.json,197.0,No Acotada B1,0.0,11,false
consultas-4-listas-posteo.json,consultas-3-listas-posteo.json,197.0,No Acotada B2,9.5367431640625e-7,11,false
consultas-4-listas-posteo.json,consultas-3-listas-posteo.json,197.0,SkipList,0.0,22,false
consultas-4-listas-posteo.json,consultas-3-listas-posteo.json,1271.0,Binaria Acotada,1.1920928955078125e-6,7,true
consultas-4-listas-posteo.json,consultas-3-listas-posteo.json,1271.0,Secuencial B0,0.0,234,true
consultas-4-listas-posteo.json,consultas-3-listas-posteo.json,1271.0,No Acotada B1,0.0,14,true
consultas-4-listas-posteo.json,consultas-3-listas-posteo.json,1271.0,No Acotada B2,0.0,14,true
consultas-4-listas-posteo.json,consultas-3-listas-posteo.json,1271.0,SkipList,9.5367431640625e-7,30,true
consultas-4-listas-posteo.json,consultas-3-listas-posteo.json,1783.0,Binaria Acotada,0.0,13,false
consultas-4-listas-posteo.json,consultas-3-listas-posteo.json,1783.0,Secuencial B0,9.5367431640625e-7,332,false
consultas-4-listas-posteo.json,consultas-3-listas-posteo.json,1783.0,No Acotada B1,0.0,17,false
consultas-4-listas-posteo.json,consultas-3-listas-posteo.json,1783.0,No Acotada B2,9.5367431640625e-7,17,false
consultas-4-listas-posteo.json,consultas-3-listas-posteo.json,1783.0,SkipList,0.0,28,false
consultas-4-listas-posteo.json,consultas-3-listas-posteo.json,2152.0,Binaria Acotada,0.0,13,false
consultas-4-listas-posteo.json,consultas-3-listas-posteo.json,2152.0,Secuencial B0,0.0,412,false
consultas-4-listas-posteo.json,consultas-3-listas-posteo.json,2152.0,No Acotada B1,0.0,17,false
consultas-4-listas-posteo.json,consultas-3-listas-posteo.json,2152.0,No Acotada B2,0.0,17,false
consultas-4-listas-posteo.json,consultas-3-listas-posteo.json,2152.0,SkipList,0.0,20,false
consultas-4-listas-posteo.json,consultas-3-listas-posteo.json,2714.0,Binaria Acotada,0.0,9,true
consultas-4-listas-posteo.json,consultas-3-listas-posteo.json,2714.0,Secuencial B0,0.0,525,true
consultas-4-listas-posteo.json,consultas-3-listas-posteo.json,2714.0,No Acotada B1,9.5367431640625e-7,18,true
consultas-4-listas-posteo.json,consultas-3-listas-posteo.json,2714.0,No Acotada B2,0.0,18,true
consultas-4-listas-posteo.json,consultas-3-listas-posteo.json,2714.0,SkipList,1.1920928955078125e-6,32,true
consultas-4-listas-posteo.json,consultas-3-listas-posteo.json,414.0,Binaria Acotada,0.0,13,false
consultas-4-listas-posteo.json,consultas-3-listas-posteo.json,414.0,Secuencial B0,9.5367431640625e-7,71,false
consultas-4-listas-posteo.json,consultas-3-listas-posteo.json,414.0,No Acotada B1,0.0,13,false
consultas-4-listas-posteo.json,consultas-3-listas-posteo.json,414.0,No Acotada B2,0.0,13,false
consultas-4-listas-posteo.json,consultas-3-listas-posteo.json,414.0,SkipList,0.0,24,false
consultas-4-listas-posteo.json,consultas-3-listas-posteo.json,313.0,Binaria Acotada,0.0,14,false
consultas-4-listas-posteo.json,consultas-3-listas-posteo.json,313.0,Secuencial B0,0.0,57,false
consultas-4-listas-posteo.json,consultas-3-listas-posteo.json,313.0,No Acotada B1,0.0,11,false
consultas-4-listas-posteo.json,consultas-3-listas-posteo.json,313.0,No Acotada B2,0.0,11,false
consultas-4-listas-posteo.json,consultas-3-listas-posteo.json,313.0,SkipList,0.0,25,false
consultas-4-listas-posteo.json,consultas-3-listas-posteo.json,175.0,Binaria Acotada,0.0,13,false
consultas-4-listas-posteo.json,consultas-3-listas-posteo.json,175.0,Secuencial B0,0.0,35,false
consultas-4-listas-posteo.json,consultas-3-listas-posteo.json,175.0,No Acotada B1,0.0,11,false
consultas-4-listas-posteo.json,consultas-3-listas-posteo.json,175.0,No Acotada B2,0.0,11,false
consultas-4-listas-posteo.json,consultas-3-listas-posteo.json,175.0,SkipList,0.0,23,false
consultas-4-listas-posteo.json,consultas-3-listas-posteo.json,1826.0,Binaria Acotada,0.0,14,false
consultas-4-listas-posteo.json,consultas-3-listas-posteo.json,1826.0,Secuencial B0,0.0,341,false
consultas-4-listas-posteo.json,consultas-3-listas-posteo.json,1826.0,No Acotada B1,0.0,17,false
consultas-4-listas-posteo.json,consultas-3-listas-posteo.json,1826.0,No Acotada B2,0.0,17,false
consultas-4-listas-posteo.json,consultas-3-listas-posteo.json,1826.0,SkipList,9.5367431640625e-7,24,false
consultas-4-listas-posteo.json,consultas-3-listas-posteo.json,415.0,Binaria Acotada,0.0,13,false
consultas-4-listas-posteo.json,consultas-3-listas-posteo.json,415.0,Secuencial B0,9.5367431640625e-7,71,false
consultas-4-listas-posteo.json,consultas-3-listas-posteo.json,415.0,No Acotada B1,0.0,13,false
consultas-4-listas-posteo.json,consultas-3-listas-posteo.json,415.0,No Acotada B2,0.0,13,false
consultas-4-listas-posteo.json,consultas-3-listas-posteo.json,415.0,SkipList,0.0,24,false
consultas-4-listas-posteo.json,consultas-3-listas-posteo.json,2957.0,Binaria Acotada,0.0,13,false
consultas-4-listas-posteo.json,consultas-3-listas-posteo.json,2957.0,Secuencial B0,0.0,576,false
consultas-4-listas-posteo.json,consultas-3-listas-posteo.json,2957.0,No Acotada B1,0.0,19,false
consultas-4-listas-posteo.json,consultas-3-listas-posteo.json,2957.0,No Acotada B2,0.0,19,false
consultas-4-listas-posteo.json,consultas-3-listas-posteo.json,2957.0,SkipList,0.0,20,false
consultas-4-listas-posteo.json,consultas-3-listas-posteo.json,2942.0,Binaria Acotada,0.0,13,false
consultas-4-listas-posteo.json,consultas-3-listas-posteo.json,2942.0,Secuencial B0,9.5367431640625e-7,573,false
consultas-4-listas-posteo.json,consultas-3-listas-posteo.json,2942.0,No Acotada B1,0.0,19,false
consultas-4-listas-posteo.json,consultas-3-listas-posteo.json,2942.0,No Acotada B2,0.0,19,false
consultas-4-listas-posteo.json,consultas-3-listas-posteo.json,2942.0,SkipList,0.0,21,false
consultas-4-listas-posteo.json,consultas-3-listas-posteo.json,2830.0,Binaria Acotada,0.0,14,false
consultas-4-listas-posteo.json,consultas-3-listas-posteo.json,2830.0,Secuencial B0,0.0,545,false
consultas-4-listas-posteo.json,consultas-3-listas-posteo.json,2830.0,No Acotada B1,9.5367431640625e-7,19,false
consultas-4-listas-posteo.json,consultas-3-listas-posteo.json,2830.0,No Acotada B2,0.0,19,false
consultas-4-listas-posteo.json,consultas-3-listas-posteo.json,2830.0,SkipList,0.0,17,false
consultas-4-listas-posteo.json,consultas-3-listas-posteo.json,850.0,Binaria Acotada,0.0,13,false
consultas-4-listas-posteo.json,consultas-3-listas-posteo.json,850.0,Secuencial B0,0.0,154,false
consultas-4-listas-posteo.json,consultas-3-listas-posteo.json,850.0,No Acotada B1,0.0,15,false
consultas-4-listas-posteo.json,consultas-3-listas-posteo.json,850.0,No Acotada B2,0.0,15,false
consultas-4-listas-posteo.json,consultas-3-listas-posteo.json,850.0,SkipList,1.1920928955078125e-6,22,false
consultas-4-listas-posteo.json,consultas-3-listas-posteo.json,2629.0,Binaria Acotada,0.0,13,false
consultas-4-listas-posteo.json,consultas-3-listas-posteo.json,2629.0,Secuencial B0,9.5367431640625e-7,503,false
consultas-4-listas-posteo.json,consultas-3-listas-posteo.json,2629.0,No Acotada B1,0.0,17,false
consultas-4-listas-posteo.json,consultas-3-listas-posteo.json,2629.0,No Acotada B2,0.0,17,false
consultas-4-listas-posteo.json,consultas-3-listas-posteo.json,2629.0,SkipList,0.0,28,false
consultas-4-listas-posteo.json,consultas-3-listas-posteo.json,1738.0,Binaria Acotada,0.0,13,false
consultas-4-listas-posteo.json,consultas-3-listas-posteo.json,1738.0,Secuencial B0,0.0,323,false
consultas-4-listas-posteo.json,consultas-3-listas-posteo.json,1738.0,No Acotada B1,0.0,17,false
consultas-4-listas-posteo.json,consultas-3-listas-posteo.json,1738.0,No Acotada B2,0.0,17,false
consultas-4-listas-posteo.json,consultas-3-listas-posteo.json,1738.0,SkipList,1.1920928955078125e-6,23,false
consultas-4-listas-posteo.json,consultas-3-listas-posteo.json,268.0,Binaria Acotada,0.0,14,false
consultas-4-listas-posteo.json,consultas-3-listas-posteo.json,268.0,Secuencial B0,9.5367431640625e-7,47,false
consultas-4-listas-posteo.json,consultas-3-listas-posteo.json,268.0,No Acotada B1,0.0,12,false
consultas-4-listas-posteo.json,consultas-3-listas-posteo.json,268.0,No Acotada B2,0.0,12,false
consultas-4-listas-posteo.json,consultas-3-listas-posteo.json,268.0,SkipList,0.0,22,false
consultas-4-listas-posteo.json,consultas-3-listas-posteo.json,814.0,Binaria Acotada,0.0,14,false
consultas-4-listas-posteo.json,consultas-3-listas-posteo.json,814.0,Secuencial B0,0.0,150,false
consultas-4-listas-posteo.json,consultas-3-listas-posteo.json,814.0,No Acotada B1,0.0,15,false
consultas-4-listas-posteo.json,consultas-3-listas-posteo.json,814.0,No Acotada B2,9.5367431640625e-7,15,false
consultas-4-listas-posteo.json,consultas-3-listas-posteo.json,814.0,SkipList,0.0,26,false
consultas-4-listas-posteo.json,consultas-3-listas-posteo.json,2311.0,Binaria Acotada,0.0,13,false
consultas-4-listas-posteo.json,consultas-3-listas-posteo.json,2311.0,Secuencial B0,0.0,444,false
consultas-4-listas-posteo.json,consultas-3-listas-posteo.json,2311.0,No Acotada B1,0.0,17,false
consultas-4-listas-posteo.json,consultas-3-listas-posteo.json,2311.0,No Acotada B2,0.0,17,false
consultas-4-listas-posteo.json,consultas-3-listas-posteo.json,2311.0,SkipList,0.0,21,false
consultas-4-listas-posteo.json,consultas-3-listas-posteo.json,2434.0,Binaria Acotada,0.0,13,false
consultas-4-listas-posteo.json,consultas-3-listas-posteo.json,2434.0,Secuencial B0,0.0,469,false
consultas-4-listas-posteo.json,consultas-3-listas-posteo.json,2434.0,No Acotada B1,9.5367431640625e-7,17,false
consultas-4-listas-posteo.json,consultas-3-listas-posteo.json,2434.0,No Acotada B2,0.0,17,false
consultas-4-listas-posteo.json,consultas-3-listas-posteo.json,2434.0,SkipList,1.1920928955078125e-6,26,false
consultas-4-listas-posteo.json,consultas-3-listas-posteo.json,3126.0,Binaria Acotada,0.0,13,false
consultas-4-listas-posteo.json,consultas-3-listas-posteo.json,3126.0,Secuencial B0,9.5367431640625e-7,606,false
consultas-4-listas-posteo.json,consultas-3-listas-posteo.json,3126.0,No Acotada B1,0.0,19,false
consultas-4-listas-posteo.json,consultas-3-listas-posteo.json,3126.0,No Acotada B2,0.0,19,false
consultas-4-listas-posteo.json,consultas-3-listas-posteo.json,3126.0,SkipList,0.0,22,false
consultas-4-listas-posteo.json,consultas-3-listas-posteo.json,1856.0,Binaria Acotada,0.0,14,false
consultas-4-listas-posteo.json,consultas-3-listas-posteo.json,1856.0,Secuencial B0,0.0,346,false
consultas-4-listas-posteo.json,consultas-3-listas-posteo.json,1856.0,No Acotada B1,0.0,17,false
consultas-4-listas-posteo.json,consultas-3-listas-posteo.json,1856.0,No Acotada B2,0.0,17,false
consultas-4-listas-posteo.json,consultas-3-listas-posteo.json,1856.0,SkipList,1.1920928955078125e-6,19,false
consultas-4-listas-posteo.json,consultas-3-listas-posteo.json,1268.0,Binaria Acotada,0.0,14,false
consultas-4-listas-posteo.json,consultas-3-listas-posteo.json,1268.0,Secuencial B0,9.5367431640625e-7,233,false
consultas-4-listas-posteo.json,consultas-3-listas-posteo.json,1268.0,No Acotada B1,0.0,15,false
consultas-4-listas-posteo.json,consultas-3-listas-posteo.json,1268.0,No Acotada B2,9.5367431640625e-7,15,false
consultas-4-listas-posteo.json,consultas-3-listas-posteo.json,1268.0,SkipList,0.0,29,false
consultas-4-listas-posteo.json,consultas-3-listas-posteo.json,683.0,Binaria Acotada,0.0,14,true
consultas-4-listas-posteo.json,consultas-3-listas-posteo.json,683.0,Secuencial B0,0.0,125,true
consultas-4-listas-posteo.json,consultas-3-listas-posteo.json,683.0,No Acotada B1,9.5367431640625e-7,13,true
consultas-4-listas-posteo.json,consultas-3-listas-posteo.json,683.0,No Acotada B2,0.0,13,true
consultas-4-listas-posteo.json,consultas-3-listas-posteo.json,683.0,SkipList,0.0,21,true
consultas-4-listas-posteo.json,consultas-3-listas-posteo.json,847.0,Binaria Acotada,0.0,13,true
consultas-4-listas-posteo.json,consultas-3-listas-posteo.json,847.0,Secuencial B0,0.0,152,true
consultas-4-listas-posteo.json,consultas-3-listas-posteo.json,847.0,No Acotada B1,0.0,15,true
consultas-4-listas-posteo.json,consultas-3-listas-posteo.json,847.0,No Acotada B2,0.0,15,true
consultas-4-listas-posteo.json,consultas-3-listas-posteo.json,847.0,SkipList,0.0,21,true
consultas-4-listas-posteo.json,consultas-3-listas-posteo.json,2185.0,Binaria Acotada,0.0,13,false
consultas-4-listas-posteo.json,consultas-3-listas-posteo.json,2185.0,Secuencial B0,9.5367431640625e-7,415,false
consultas-4-listas-posteo.json,consultas-3-listas-posteo.json,2185.0,No Acotada B1,0.0,17,false
consultas-4-listas-posteo.json,consultas-3-listas-posteo.json,2185.0,No Acotada B2,9.5367431640625e-7,17,false
consultas-4-listas-posteo.json,consultas-3-listas-posteo.json,2185.0,SkipList,0.0,20,false
consultas-4-listas-posteo.json,consultas-3-listas-posteo.json,2832.0,Binaria Acotada,0.0,14,false
consultas-4-listas-posteo.json,consultas-3-listas-posteo.json,2832.0,Secuencial B0,1.1920928955078125e-6,545,false
consultas-4-listas-posteo.json,consultas-3-listas-posteo.json,2832.0,No Acotada B1,0.0,19,false
consultas-4-listas-posteo.json,consultas-3-listas-posteo.json,2832.0,No Acotada B2,0.0,19,false
consultas-4-listas-posteo.json,consultas-3-listas-posteo.json,2832.0,SkipList,0.0,17,false
consultas-4-listas-posteo.json,consultas-3-listas-posteo.json,2732.0,Binaria Acotada,0.0,13,false
consultas-4-listas-posteo.json,consultas-3-listas-posteo.json,2732.0,Secuencial B0,0.0,533,false
consultas-4-listas-posteo.json,consultas-3-listas-posteo.json,2732.0,No Acotada B1,0.0,19,false
consultas-4-listas-posteo.json,consultas-3-listas-posteo.json,2732.0,No Acotada B2,0.0,19,false
consultas-4-listas-posteo.json,consultas-3-listas-posteo.json,2732.0,SkipList,0.0,21,false
consultas-4-listas-posteo.json,consultas-3-listas-posteo.json,1221.0,Binaria Acotada,0.0,12,true
consultas-4-listas-posteo.json,consultas-3-listas-posteo.json,1221.0,Secuencial B0,0.0,221,true
consultas-4-listas-posteo.json,consultas-3-listas-posteo.json,1221.0,No Acotada B1,0.0,15,true
consultas-4-listas-posteo.json,consultas-3-listas-posteo.json,1221.0,No Acotada B2,0.0,15,true
consultas-4-listas-posteo.json,consultas-3-listas-posteo.json,1221.0,SkipList,9.5367431640625e-7,22,true
consultas-4-listas-posteo.json,consultas-3-listas-posteo.json,409.0,Binaria Acotada,0.0,13,false
consultas-4-listas-posteo.json,consultas-3-listas-posteo.json,409.0,Secuencial B0,9.5367431640625e-7,71,false
consultas-4-listas-posteo.json,consultas-3-listas-posteo.json,409.0,No Acotada B1,0.0,13,false
consultas-4-listas-posteo.json,consultas-3-listas-posteo.json,409.0,No Acotada B2,0.0,13,false
consultas-4-listas-posteo.json,consultas-3-listas-posteo.json,409.0,SkipList,0.0,24,false
consultas-3-listas-posteo.json,consultas-1-listas-posteo.json,5.0,Binaria Acotada,1.9073486328125e-6,12,true
consultas-3-listas-posteo.json,consultas-1-listas-posteo.json,5.0,Secuencial B0,0.0,10,true
consultas-3-listas-posteo.json,consultas-1-listas-posteo.json,5.0,No Acotada B1,0.0,5,true
consultas-3-listas-posteo.json,consultas-1-listas-posteo.json,5.0,No Acotada B2,9.5367431640625e-7,5,true
consultas-3-listas-posteo.json,consultas-1-listas-posteo.json,5.0,SkipList,9.5367431640625e-7,16,true
consultas-3-listas-posteo.json,consultas-1-listas-posteo.json,12.0,Binaria Acotada,0.0,12,true
consultas-3-listas-posteo.json,consultas-1-listas-posteo.json,12.0,Secuencial B0,0.0,31,true
consultas-3-listas-posteo.json,consultas-1-listas-posteo.json,12.0,No Acotada B1,0.0,9,true
consultas-3-listas-posteo.json,consultas-1-listas-posteo.json,12.0,No Acotada B2,0.0,9,true
consultas-3-listas-posteo.json,consultas-1-listas-posteo.json,12.0,SkipList,0.0,17,true
consultas-3-listas-posteo.json,consultas-1-listas-posteo.json,3.0,Binaria Acotada,0.0,12,true
consultas-3-listas-posteo.json,consultas-1-listas-posteo.json,3.0,Secuencial B0,0.0,5,true
consultas-3-listas-posteo.json,consultas-1-listas-posteo.json,3.0,No Acotada B1,0.0,4,true
consultas-3-listas-posteo.json,consultas-1-listas-posteo.json,3.0,No Acotada B2,0.0,4,true
consultas-3-listas-posteo.json,consultas-1-listas-posteo.json,3.0,SkipList,1.1920928955078125e-6,17,true
consultas-3-listas-posteo.json,consultas-1-listas-posteo.json,2.0,Binaria Acotada,0.0,11,true
consultas-3-listas-posteo.json,consultas-1-listas-posteo.json,2.0,Secuencial B0,0.0,4,true
consultas-3-listas-posteo.json,consultas-1-listas-posteo.json,2.0,No Acotada B1,0.0,4,true
consultas-3-listas-posteo.json,consultas-1-listas-posteo.json,2.0,No Acotada B2,9.5367431640625e-7,4,true
consultas-3-listas-posteo.json,consultas-1-listas-posteo.json,2.0,SkipList,0.0,16,true
consultas-3-listas-posteo.json,consultas-1-listas-posteo.json,4.0,Binaria Acotada,9.5367431640625e-7,10,true
consultas-3-listas-posteo.json,consultas-1-listas-posteo.json,4.0,Secuencial B0,0.0,7,true
consultas-3-listas-posteo.json,consultas-1-listas-posteo.json,4.0,No Acotada B1,0.0,5,true
consultas-3-listas-posteo.json,consultas-1-listas-posteo.json,4.0,No Acotada B2,0.0,5,true
consultas-3-listas-posteo.json,consultas-1-listas-posteo.json,4.0,SkipList,0.0,18,true
consultas-3-listas-posteo.json,consultas-1-listas-posteo.json,3.0,Binaria Acotada,0.0,12,true
consultas-3-listas-posteo.json,consultas-1-listas-posteo.json,3.0,Secuencial B0,0.0,5,true
consultas-3-listas-posteo.json,consultas-1-listas-posteo.json,3.0,No Acotada B1,1.1920928955078125e-6,4,true
consultas-3-listas-posteo.json,consultas-1-listas-posteo.json,3.0,No Acotada B2,0.0,4,true
consultas-3-listas-posteo.json,consultas-1-listas-posteo.json,3.0,SkipList,0.0,17,true
consultas-3-listas-posteo.json,consultas-1-listas-posteo.json,15.0,Binaria Acotada,0.0,8,true
consultas-3-listas-posteo.json,consultas-1-listas-posteo.json,15.0,Secuencial B0,0.0,39,true
consultas-3-listas-posteo.json,consultas-1-listas-posteo.json,15.0,No Acotada B1,0.0,8,true
consultas-3-listas-posteo.json,consultas-1-listas-posteo.json,15.0,No Acotada B2,0.0,8,true
consultas-3-listas-posteo.json,consultas-1-listas-posteo.json,15.0,SkipList,9.5367431640625e-7,17,true
consultas-3-listas-posteo.json,consultas-1-listas-posteo.json,1.0,Binaria Acotada,0.0,12,true
consultas-3-listas-posteo.json,consultas-1-listas-posteo.json,1.0,Secuencial B0,0.0,1,true
consultas-3-listas-posteo.json,consultas-1-listas-posteo.json,1.0,No Acotada B1,0.0,1,true
consultas-3-listas-posteo.json,consultas-1-listas-posteo.json,1.0,No Acotada B2,0.0,1,true
consultas-3-listas-posteo.json,consultas-1-listas-posteo.json,1.0,SkipList,0.0,15,true
consultas-3-listas-posteo.json,consultas-1-listas-posteo.json,4.0,Binaria Acotada,0.0,10,true
consultas-3-listas-posteo.json,consultas-1-listas-posteo.json,4.0,Secuencial B0,0.0,7,true
consultas-3-listas-posteo.json,consultas-1-listas-posteo.json,4.0,No Acotada B1,0.0,5,true
consultas-3-listas-posteo.json,consultas-1-listas-posteo.json,4.0,No Acotada B2,0.0,5,true
consultas-3-listas-posteo.json,consultas-1-listas-posteo.json,4.0,SkipList,0.0,18,true
consultas-3-listas-posteo.json,consultas-1-listas-posteo.json,14.0,Binaria Acotada,0.0,12,true
consultas-3-listas-posteo.json,consultas-1-listas-posteo.json,14.0,Secuencial B0,0.0,36,true
consultas-3-listas-posteo.json,consultas-1-listas-posteo.json,14.0,No Acotada B1,0.0,10,true
consultas-3-listas-posteo.json,consultas-1-listas-posteo.json,14.0,No Acotada B2,0.0,10,true
consultas-3-listas-posteo.json,consultas-1-listas-posteo.json,14.0,SkipList,0.0,16,true
consultas-3-listas-posteo.json,consultas-1-listas-posteo.json,5.0,Binaria Acotada,0.0,12,true
consultas-3-listas-posteo.json,consultas-1-listas-posteo.json,5.0,Secuencial B0,0.0,10,true
consultas-3-listas-posteo.json,consultas-1-listas-posteo.json,5.0,No Acotada B1,0.0,5,true
consultas-3-listas-posteo.json,consultas-1-listas-posteo.json,5.0,No Acotada B2,9.5367431640625e-7,5,true
consultas-3-listas-posteo.json,consultas-1-listas-posteo.json,5.0,SkipList,0.0,16,true
consultas-3-listas-posteo.json,consultas-1-listas-posteo.json,3.0,Binaria Acotada,0.0,12,true
consultas-3-listas-posteo.json,consultas-1-listas-posteo.json,3.0,Secuencial B0,0.0,5,true
consultas-3-listas-posteo.json,consultas-1-listas-posteo.json,3.0,No Acotada B1,0.0,4,true
consultas-3-listas-posteo.json,consultas-1-listas-posteo.json,3.0,No Acotada B2,9.5367431640625e-7,4,true
consultas-3-listas-posteo.json,consultas-1-listas-posteo.json,3.0,SkipList,0.0,17,true
consultas-3-listas-posteo.json,consultas-1-listas-posteo.json,14.0,Binaria Acotada,0.0,12,true
consultas-3-listas-posteo.json,consultas-1-listas-posteo.json,14.0,Secuencial B0,0.0,36,true
consultas-3-listas-posteo.json,consultas-1-listas-posteo.json,14.0,No Acotada B1,0.0,10,true
consultas-3-listas-posteo.json,consultas-1-listas-posteo.json,14.0,No Acotada B2,1.1920928955078125e-6,10,true
consultas-3-listas-posteo.json,consultas-1-listas-posteo.json,14.0,SkipList,0.0,16,true
consultas-3-listas-posteo.json,consultas-1-listas-posteo.json,9.0,Binaria Acotada,0.0,14,false
consultas-3-listas-posteo.json,consultas-1-listas-posteo.json,9.0,Secuencial B0,0.0,24,false
consultas-3-listas-posteo.json,consultas-1-listas-posteo.json,9.0,No Acotada B1,0.0,10,false
consultas-3-listas-posteo.json,consultas-1-listas-posteo.json,9.0,No Acotada B2,9.5367431640625e-7,10,false
consultas-3-listas-posteo.json,consultas-1-listas-posteo.json,9.0,SkipList,9.5367431640625e-7,17,false
consultas-3-listas-posteo.json,consultas-1-listas-posteo.json,3.0,Binaria Acotada,0.0,12,true
consultas-3-listas-posteo.json,consultas-1-listas-posteo.json,3.0,Secuencial B0,0.0,5,true
consultas-3-listas-posteo.json,consultas-1-listas-posteo.json,3.0,No Acotada B1,0.0,4,true
consultas-3-listas-posteo.json,consultas-1-listas-posteo.json,3.0,No Acotada B2,1.1920928955078125e-6,4,true
consultas-3-listas-posteo.json,consultas-1-listas-posteo.json,3.0,SkipList,0.0,17,true
consultas-3-listas-posteo.json,consultas-1-listas-posteo.json,4.0,Binaria Acotada,0.0,10,true
consultas-3-listas-posteo.json,consultas-1-listas-posteo.json,4.0,Secuencial B0,0.0,7,true
consultas-3-listas-posteo.json,consultas-1-listas-posteo.json,4.0,No Acotada B1,0.0,5,true
consultas-3-listas-posteo.json,consultas-1-listas-posteo.json,4.0,No Acotada B2,9.5367431640625e-7,5,true
consultas-3-listas-posteo.json,consultas-1-listas-posteo.json,4.0,SkipList,0.0,18,true
consultas-3-listas-posteo.json,consultas-1-listas-posteo.json,1.0,Binaria Acotada,0.0,12,true
consultas-3-listas-posteo.json,consultas-1-listas-posteo.json,1.0,Secuencial B0,0.0,1,true
consultas-3-listas-posteo.json,consultas-1-listas-posteo.json,1.0,No Acotada B1,0.0,1,true
consultas-3-listas-posteo.json,consultas-1-listas-posteo.json,1.0,No Acotada B2,9.5367431640625e-7,1,true
consultas-3-listas-posteo.json,consultas-1-listas-posteo.json,1.0,SkipList,0.0,15,true
consultas-3-listas-posteo.json,consultas-1-listas-posteo.json,12.0,Binaria Acotada,0.0,12,true
consultas-3-listas-posteo.json,consultas-1-listas-posteo.json,12.0,Secuencial B0,0.0,31,true
consultas-3-listas-posteo.json,consultas-1-listas-posteo.json,12.0,No Acotada B1,0.0,9,true
consultas-3-listas-posteo.json,consultas-1-listas-posteo.json,12.0,No Acotada B2,9.5367431640625e-7,9,true
consultas-3-listas-posteo.json,consultas-1-listas-posteo.json,12.0,SkipList,0.0,17,true
consultas-3-listas-posteo.json,consultas-1-listas-posteo.json,13.0,Binaria Acotada,0.0,11,true
consultas-3-listas-posteo.json,consultas-1-listas-posteo.json,13.0,Secuencial B0,0.0,32,true
consultas-3-listas-posteo.json,consultas-1-listas-posteo.json,13.0,No Acotada B1,9.5367431640625e-7,10,true
consultas-3-listas-posteo.json,consultas-1-listas-posteo.json,13.0,No Acotada B2,0.0,10,true
consultas-3-listas-posteo.json,consultas-1-listas-posteo.json,13.0,SkipList,0.0,18,true
consultas-3-listas-posteo.json,consultas-1-listas-posteo.json,5.0,Binaria Acotada,0.0,12,true
consultas-3-listas-posteo.json,consultas-1-listas-posteo.json,5.0,Secuencial B0,0.0,10,true
consultas-3-listas-posteo.json,consultas-1-listas-posteo.json,5.0,No Acotada B1,9.5367431640625e-7,5,true
consultas-3-listas-posteo.json,consultas-1-listas-posteo.json,5.0,No Acotada B2,0.0,5,true
consultas-3-listas-posteo.json,consultas-1-listas-posteo.json,5.0,SkipList,0.0,16,true
consultas-3-listas-posteo.json,consultas-1-listas-posteo.json,15.0,Binaria Acotada,0.0,8,true
consultas-3-listas-posteo.json,consultas-1-listas-posteo.json,15.0,Secuencial B0,0.0,39,true
consultas-3-listas-posteo.json,consultas-1-listas-posteo.json,15.0,No Acotada B1,9.5367431640625e-7,8,true
consultas-3-listas-posteo.json,consultas-1-listas-posteo.json,15.0,No Acotada B2,0.0,8,true
consultas-3-listas-posteo.json,consultas-1-listas-posteo.json,15.0,SkipList,0.0,17,true
consultas-3-listas-posteo.json,consultas-1-listas-posteo.json,10.0,Binaria Acotada,0.0,11,true
consultas-3-listas-posteo.json,consultas-1-listas-posteo.json,10.0,Secuencial B0,0.0,24,true
consultas-3-listas-posteo.json,consultas-1-listas-posteo.json,10.0,No Acotada B1,0.0,6,true
consultas-3-listas-posteo.json,consultas-1-listas-posteo.json,10.0,No Acotada B2,0.0,6,true
consultas-3-listas-posteo.json,consultas-1-listas-posteo.json,10.0,SkipList,9.5367431640625e-7,17,true
consultas-3-listas-posteo.json,consultas-1-listas-posteo.json,10.0,Binaria Acotada,0.0,11,true
consultas-3-listas-posteo.json,consultas-1-listas-posteo.json,10.0,Secuencial B0,0.0,24,true
consultas-3-listas-posteo.json,consultas-1-listas-posteo.json,10.0,No Acotada B1,0.0,6,true
consultas-3-listas-posteo.json,consultas-1-listas-posteo.json,10.0,No Acotada B2,0.0,6,true
consultas-3-listas-posteo.json,consultas-1-listas-posteo.json,10.0,SkipList,9.5367431640625e-7,17,true
consultas-3-listas-posteo.json,consultas-1-listas-posteo.json,2.0,Binaria Acotada,0.0,11,true
consultas-3-listas-posteo.json,consultas-1-listas-posteo.json,2.0,Secuencial B0,0.0,4,true
consultas-3-listas-posteo.json,consultas-1-listas-posteo.json,2.0,No Acotada B1,0.0,4,true
consultas-3-listas-posteo.json,consultas-1-listas-posteo.json,2.0,No Acotada B2,0.0,4,true
consultas-3-listas-posteo.json,consultas-1-listas-posteo.json,2.0,SkipList,9.5367431640625e-7,16,true
consultas-3-listas-posteo.json,consultas-1-listas-posteo.json,8.0,Binaria Acotada,0.0,12,true
consultas-3-listas-posteo.json,consultas-1-listas-posteo.json,8.0,Secuencial B0,0.0,21,true
consultas-3-listas-posteo.json,consultas-1-listas-posteo.json,8.0,No Acotada B1,0.0,8,true
consultas-3-listas-posteo.json,consultas-1-listas-posteo.json,8.0,No Acotada B2,0.0,8,true
consultas-3-listas-posteo.json,consultas-1-listas-posteo.json,8.0,SkipList,0.0,16,true
consultas-3-listas-posteo.json,consultas-1-listas-posteo.json,9.0,Binaria Acotada,0.0,14,false
consultas-3-listas-posteo.json,consultas-1-listas-posteo.json,9.0,Secuencial B0,9.5367431640625e-7,24,false
consultas-3-listas-posteo.json,consultas-1-listas-posteo.json,9.0,No Acotada B1,0.0,10,false
consultas-3-listas-posteo.json,consultas-1-listas-posteo.json,9.0,No Acotada B2,0.0,10,false
consultas-3-listas-posteo.json,consultas-1-listas-posteo.json,9.0,SkipList,0.0,17,false
consultas-3-listas-posteo.json,consultas-1-listas-posteo.json,2.0,Binaria Acotada,0.0,11,true
consultas-3-listas-posteo.json,consultas-1-listas-posteo.json,2.0,Secuencial B0,0.0,4,true
consultas-3-listas-posteo.json,consultas-1-listas-posteo.json,2.0,No Acotada B1,0.0,4,true
consultas-3-listas-posteo.json,consultas-1-listas-posteo.json,2.0,No Acotada B2,9.5367431640625e-7,4,true
consultas-3-listas-posteo.json,consultas-1-listas-posteo.json,2.0,SkipList,0.0,16,true
consultas-3-listas-posteo.json,consultas-1-listas-posteo.json,6.0,Binaria Acotada,0.0,11,true
consultas-3-listas-posteo.json,consultas-1-listas-posteo.json,6.0,Secuencial B0,0.0,14,true
consultas-3-listas-posteo.json,consultas-1-listas-posteo.json,6.0,No Acotada B1,0.0,6,true
consultas-3-listas-posteo.json,consultas-1-listas-posteo.json,6.0,No Acotada B2,9.5367431640625e-7,6,true
consultas-3-listas-posteo.json,consultas-1-listas-posteo.json,6.0,SkipList,0.0,17,true
consultas-3-listas-posteo.json,consultas-1-listas-posteo.json,7.0,Binaria Acotada,0.0,9,true
consultas-3-listas-posteo.json,consultas-1-listas-posteo.json,7.0,Secuencial B0,0.0,16,true
consultas-3-listas-posteo.json,consultas-1-listas-posteo.json,7.0,No Acotada B1,0.0,8,true
consultas-3-listas-posteo.json,consultas-1-listas-posteo.json,7.0,No Acotada B2,0.0,8,true
consultas-3-listas-posteo.json,consultas-1-listas-posteo.json,7.0,SkipList,0.0,18,true
consultas-3-listas-posteo.json,consultas-1-listas-posteo.json,9.0,Binaria Acotada,0.0,14,false
consultas-3-listas-posteo.json,consultas-1-listas-posteo.json,9.0,Secuencial B0,0.0,24,false
consultas-3-listas-posteo.json,consultas-1-listas-posteo.json,9.0,No Acotada B1,0.0,10,false
consultas-3-listas-posteo.json,consultas-1-listas-posteo.json,9.0,No Acotada B2,0.0,10,false
consultas-3-listas-posteo.json,consultas-1-listas-posteo.json,9.0,SkipList,0.0,17,false
consultas-3-listas-posteo.json,consultas-1-listas-posteo.json,16.0,Binaria Acotada,0.0,12,true
consultas-3-listas-posteo.json,consultas-1-listas-posteo.json,16.0,Secuencial B0,0.0,41,true
consultas-3-listas-posteo.json,consultas-1-listas-posteo.json,16.0,No Acotada B1,0.0,10,true
consultas-3-listas-posteo.json,consultas-1-listas-posteo.json,16.0,No Acotada B2,0.0,10,true
consultas-3-listas-posteo.json,consultas-1-listas-posteo.json,16.0,SkipList,9.5367431640625e-7,18,true
consultas-3-listas-posteo.json,consultas-1-listas-posteo.json,5.0,Binaria Acotada,0.0,12,true
consultas-3-listas-posteo.json,consultas-1-listas-posteo.json,5.0,Secuencial B0,0.0,10,true
consultas-3-listas-posteo.json,consultas-1-listas-posteo.json,5.0,No Acotada B1,0.0,5,true
consultas-3-listas-posteo.json,consultas-1-listas-posteo.json,5.0,No Acotada B2,0.0,5,true
consultas-3-listas-posteo.json,consultas-1-listas-posteo.json,5.0,SkipList,1.1920928955078125e-6,16,true
consultas-3-listas-posteo.json,consultas-1-listas-posteo.json,15.0,Binaria Acotada,0.0,8,true
consultas-3-listas-posteo.json,consultas-1-listas-posteo.json,15.0,Secuencial B0,0.0,39,true
consultas-3-listas-posteo.json,consultas-1-listas-posteo.json,15.0,No Acotada B1,0.0,8,true
consultas-3-listas-posteo.json,consultas-1-listas-posteo.json,15.0,No Acotada B2,0.0,8,true
consultas-3-listas-posteo.json,consultas-1-listas-posteo.json,15.0,SkipList,9.5367431640625e-7,17,true
consultas-3-listas-posteo.json,consultas-1-listas-posteo.json,10.0,Binaria Acotada,0.0,11,true
consultas-3-listas-posteo.json,consultas-1-listas-posteo.json,10.0,Secuencial B0,0.0,24,true
consultas-3-listas-posteo.json,consultas-1-listas-posteo.json,10.0,No Acotada B1,0.0,6,true
consultas-3-listas-posteo.json,consultas-1-listas-posteo.json,10.0,No Acotada B2,0.0,6,true
consultas-3-listas-posteo.json,consultas-1-listas-posteo.json,10.0,SkipList,0.0,17,true
consultas-3-listas-posteo.json,consultas-1-listas-posteo.json,12.0,Binaria Acotada,0.0,12,true
consultas-3-listas-posteo.json,consultas-1-listas-posteo.json,12.0,Secuencial B0,0.0,31,true
consultas-3-listas-posteo.json,consultas-1-listas-posteo.json,12.0,No Acotada B1,0.0,9,true
consultas-3-listas-posteo.json,consultas-1-listas-posteo.json,12.0,No Acotada B2,0.0,9,true
consultas-3-listas-posteo.json,consultas-1-listas-posteo.json,12.0,SkipList,0.0,17,true
consultas-3-listas-posteo.json,consultas-1-listas-posteo.json,10.0,Binaria Acotada,0.0,11,true
consultas-3-listas-posteo.json,consultas-1-listas-posteo.json,10.0,Secuencial B0,0.0,24,true
consultas-3-listas-posteo.json,consultas-1-listas-posteo.json,10.0,No Acotada B1,0.0,6,true
consultas-3-listas-posteo.json,consultas-1-listas-posteo.json,10.0,No Acotada B2,0.0,6,true
consultas-3-listas-posteo.json,consultas-1-listas-posteo.json,10.0,SkipList,9.5367431640625e-7,17,true
consultas-3-listas-posteo.json,consultas-1-listas-posteo.json,11.0,Binaria Acotada,0.0,10,true
consultas-3-listas-posteo.json,consultas-1-listas-posteo.json,11.0,Secuencial B0,0.0,29,true
consultas-3-listas-posteo.json,consultas-1-listas-posteo.json,11.0,No Acotada B1,0.0,8,true
consultas-3-listas-posteo.json,consultas-1-listas-posteo.json,11.0,No Acotada B2,0.0,8,true
consultas-3-listas-posteo.json,consultas-1-listas-posteo.json,11.0,SkipList,9.5367431640625e-7,18,true
consultas-3-listas-posteo.json,consultas-1-listas-posteo.json,11.0,Binaria Acotada,0.0,10,true
consultas-3-listas-posteo.json,consultas-1-listas-posteo.json,11.0,Secuencial B0,0.0,29,true
consultas-3-listas-posteo.json,consultas-1-listas-posteo.json,11.0,No Acotada B1,0.0,8,true
consultas-3-listas-posteo.json,consultas-1-listas-posteo.json,11.0,No Acotada B2,0.0,8,true
consultas-3-listas-posteo.json,consultas-1-listas-posteo.json,11.0,SkipList,9.5367431640625e-7,18,true
consultas-3-listas-posteo.json,consultas-1-listas-posteo.json,12.0,Binaria Acotada,0.0,12,true
consultas-3-listas-posteo.json,consultas-1-listas-posteo.json,12.0,Secuencial B0,0.0,31,true
consultas-3-listas-posteo.json,consultas-1-listas-posteo.json,12.0,No Acotada B1,0.0,9,true
consultas-3-listas-posteo.json,consultas-1-listas-posteo.json,12.0,No Acotada B2,0.0,9,true
consultas-3-listas-posteo.json,consultas-1-listas-posteo.json,12.0,SkipList,9.5367431640625e-7,17,true
consultas-3-listas-posteo.json,consultas-1-listas-posteo.json,13.0,Binaria Acotada,0.0,11,true
consultas-3-listas-posteo.json,consultas-1-listas-posteo.json,13.0,Secuencial B0,0.0,32,true
consultas-3-listas-posteo.json,consultas-1-listas-posteo.json,13.0,No Acotada B1,0.0,10,true
consultas-3-listas-posteo.json,consultas-1-listas-posteo.json,13.0,No Acotada B2,0.0,10,true
consultas-3-listas-posteo.json,consultas-1-listas-posteo.json,13.0,SkipList,1.1920928955078125e-6,18,true
consultas-3-listas-posteo.json,consultas-1-listas-posteo.json,11.0,Binaria Acotada,0.0,10,true
consultas-3-listas-posteo.json,consultas-1-listas-posteo.json,11.0,Secuencial B0,0.0,29,true
consultas-3-listas-posteo.json,consultas-1-listas-posteo.json,11.0,No Acotada B1,0.0,8,true
consultas-3-listas-posteo.json,consultas-1-listas-posteo.json,11.0,No Acotada B2,0.0,8,true
consultas-3-listas-posteo.json,consultas-1-listas-posteo.json,11.0,SkipList,9.5367431640625e-7,18,true
consultas-3-listas-posteo.json,consultas-1-listas-posteo.json,12.0,Binaria Acotada,0.0,12,true
consultas-3-listas-posteo.json,consultas-1-listas-posteo.json,12.0,Secuencial B0,0.0,31,true
consultas-3-listas-posteo.json,consultas-1-listas-posteo.json,12.0,No Acotada B1,0.0,9,true
consultas-3-listas-posteo.json,consultas-1-listas-posteo.json,12.0,No Acotada B2,0.0,9,true
consultas-3-listas-posteo.json,consultas-1-listas-posteo.json,12.0,SkipList,0.0,17,true
consultas-3-listas-posteo.json,consultas-1-listas-posteo.json,3.0,Binaria Acotada,0.0,12,true
consultas-3-listas-posteo.json,consultas-1-listas-posteo.json,3.0,Secuencial B0,0.0,5,true
consultas-3-listas-posteo.json,consultas-1-listas-posteo.json,3.0,No Acotada B1,0.0,4,true
consultas-3-listas-posteo.json,consultas-1-listas-posteo.json,3.0,No Acotada B2,0.0,4,true
consultas-3-listas-posteo.json,consultas-1-listas-posteo.json,3.0,SkipList,0.0,17,true
consultas-3-listas-posteo.json,consultas-1-listas-posteo.json,6.0,Binaria Acotada,0.0,11,true
consultas-3-listas-posteo.json,consultas-1-listas-posteo.json,6.0,Secuencial B0,0.0,14,true
consultas-3-listas-posteo.json,consultas-1-listas-posteo.json,6.0,No Acotada B1,9.5367431640625e-7,6,true
consultas-3-listas-posteo.json,consultas-1-listas-posteo.json,6.0,No Acotada B2,0.0,6,true
consultas-3-listas-posteo.json,consultas-1-listas-posteo.json,6.0,SkipList,0.0,17,true
consultas-3-listas-posteo.json,consultas-1-listas-posteo.json,1.0,Binaria Acotada,0.0,12,true
consultas-3-listas-posteo.json,consultas-1-listas-posteo.json,1.0,Secuencial B0,0.0,1,true
consultas-3-listas-posteo.json,consultas-1-listas-posteo.json,1.0,No Acotada B1,0.0,1,true
consultas-3-listas-posteo.json,consultas-1-listas-posteo.json,1.0,No Acotada B2,0.0,1,true
consultas-3-listas-posteo.json,consultas-1-listas-posteo.json,1.0,SkipList,0.0,15,true
consultas-3-listas-posteo.json,consultas-1-listas-posteo.json,11.0,Binaria Acotada,0.0,10,true
consultas-3-listas-posteo.json,consultas-1-listas-posteo.json,11.0,Secuencial B0,0.0,29,true
consultas-3-listas-posteo.json,consultas-1-listas-posteo.json,11.0,No Acotada B1,0.0,8,true
consultas-3-listas-posteo.json,consultas-1-listas-posteo.json,11.0,No Acotada B2,0.0,8,true
consultas-3-listas-posteo.json,consultas-1-listas-posteo.json,11.0,SkipList,0.0,18,true
consultas-3-listas-posteo.json,consultas-1-listas-posteo.json,7.0,Binaria Acotada,0.0,9,true
consultas-3-listas-posteo.json,consultas-1-listas-posteo.json,7.0,Secuencial B0,0.0,16,true
consultas-3-listas-posteo.json,consultas-1-listas-posteo.json,7.0,No Acotada B1,0.0,8,true
consultas-3-listas-posteo.json,consultas-1-listas-posteo.json,7.0,No Acotada B2,0.0,8,true
consultas-3-listas-posteo.json,consultas-1-listas-posteo.json,7.0,SkipList,0.0,18,true
consultas-3-listas-posteo.json,consultas-1-listas-posteo.json,8.0,Binaria Acotada,0.0,12,true
consultas-3-listas-posteo.json,consultas-1-listas-posteo.json,8.0,Secuencial B0,0.0,21,true
consultas-3-listas-posteo.json,consultas-1-listas-posteo.json,8.0,No Acotada B1,0.0,8,true
consultas-3-listas-posteo.json,consultas-1-listas-posteo.json,8.0,No Acotada B2,0.0,8,true
consultas-3-listas-posteo.json,consultas-1-listas-posteo.json,8.0,SkipList,0.0,16,true
consultas-3-listas-posteo.json,consultas-1-listas-posteo.json,2.0,Binaria Acotada,0.0,11,true
consultas-3-listas-posteo.json,consultas-1-listas-posteo.json,2.0,Secuencial B0,0.0,4,true
consultas-3-listas-posteo.json,consultas-1-listas-posteo.json,2.0,No Acotada B1,0.0,4,true
consultas-3-listas-posteo.json,consultas-1-listas-posteo.json,2.0,No Acotada B2,0.0,4,true
consultas-3-listas-posteo.json,consultas-1-listas-posteo.json,2.0,SkipList,0.0,16,true
consultas-3-listas-posteo.json,consultas-1-listas-posteo.json,16.0,Binaria Acotada,0.0,12,true
consultas-3-listas-posteo.json,consultas-1-listas-posteo.json,16.0,Secuencial B0,0.0,41,true
consultas-3-listas-posteo.json,consultas-1-listas-posteo.json,16.0,No Acotada B1,0.0,10,true
consultas-3-listas-posteo.json,consultas-1-listas-posteo.json,16.0,No Acotada B2,0.0,10,true
consultas-3-listas-posteo.json,consultas-1-listas-posteo.json,16.0,SkipList,0.0,18,true
consultas-3-listas-posteo.json,consultas-1-listas-posteo.json,1.0,Binaria Acotada,0.0,12,true
consultas-3-listas-posteo.json,consultas-1-listas-posteo.json,1.0,Secuencial B0,0.0,1,true
consultas-3-listas-posteo.json,consultas-1-listas-posteo.json,1.0,No Acotada B1,0.0,1,true
consultas-3-listas-posteo.json,consultas-1-listas-posteo.json,1.0,No Acotada B2,0.0,1,true
consultas-3-listas-posteo.json,consultas-1-listas-posteo.json,1.0,SkipList,0.0,15,true
consultas-3-listas-posteo.json,consultas-1-listas-posteo.json,4.0,Binaria Acotada,0.0,10,true
consultas-3-listas-posteo.json,consultas-1-listas-posteo.json,4.0,Secuencial B0,0.0,7,true
consultas-3-listas-posteo.json,consultas-1-listas-posteo.json,4.0,No Acotada B1,0.0,5,true
consultas-3-listas-posteo.json,consultas-1-listas-posteo.json,4.0,No Acotada B2,0.0,5,true
consultas-3-listas-posteo.json,consultas-1-listas-posteo.json,4.0,SkipList,9.5367431640625e-7,18,true
consultas-3-listas-posteo.json,consultas-1-listas-posteo.json,1.0,Binaria Acotada,0.0,12,true
consultas-3-listas-posteo.json,consultas-1-listas-posteo.json,1.0,Secuencial B0,0.0,1,true
consultas-3-listas-posteo.json,consultas-1-listas-posteo.json,1.0,No Acotada B1,0.0,1,true
consultas-3-listas-posteo.json,consultas-1-listas-posteo.json,1.0,No Acotada B2,0.0,1,true
consultas-3-listas-posteo.json,consultas-1-listas-posteo.json,1.0,SkipList,0.0,15,true
consultas-3-listas-posteo.json,consultas-1-listas-posteo.json,8.0,Binaria Acotada,0.0,12,true
consultas-3-listas-posteo.json,consultas-1-listas-posteo.json,8.0,Secuencial B0,0.0,21,true
consultas-3-listas-posteo.json,consultas-1-listas-posteo.json,8.0,No Acotada B1,0.0,8,true
consultas-3-listas-posteo.json,consultas-1-listas-posteo.json,8.0,No Acotada B2,0.0,8,true
consultas-3-listas-posteo.json,consultas-1-listas-posteo.json,8.0,SkipList,9.5367431640625e-7,16,true
consultas-3-listas-posteo.json,consultas-1-listas-posteo.json,5.0,Binaria Acotada,0.0,12,true
consultas-3-listas-posteo.json,consultas-1-listas-posteo.json,5.0,Secuencial B0,0.0,10,true
consultas-3-listas-posteo.json,consultas-1-listas-posteo.json,5.0,No Acotada B1,0.0,5,true
consultas-3-listas-posteo.json,consultas-1-listas-posteo.json,5.0,No Acotada B2,0.0,5,true
consultas-3-listas-posteo.json,consultas-1-listas-posteo.json,5.0,SkipList,9.5367431640625e-7,16,true
consultas-3-listas-posteo.json,consultas-1-listas-posteo.json,12.0,Binaria Acotada,0.0,12,true
consultas-3-listas-posteo.json,consultas-1-listas-posteo.json,12.0,Secuencial B0,0.0,31,true
consultas-3-listas-posteo.json,consultas-1-listas-posteo.json,12.0,No Acotada B1,0.0,9,true
consultas-3-listas-posteo.json,consultas-1-listas-posteo.json,12.0,No Acotada B2,0.0,9,true
consultas-3-listas-posteo.json,consultas-1-listas-posteo.json,12.0,SkipList,9.5367431640625e-7,17,true
consultas-3-listas-posteo.json,consultas-1-listas-posteo.json,6.0,Binaria Acotada,0.0,11,true
consultas-3-listas-posteo.json,consultas-1-listas-posteo.json,6.0,Secuencial B0,0.0,14,true
consultas-3-listas-posteo.json,consultas-1-listas-posteo.json,6.0,No Acotada B1,0.0,6,true
consultas-3-listas-posteo.json,consultas-1-listas-posteo.json,6.0,No Acotada B2,0.0,6,true
consultas-3-listas-posteo.json,consultas-1-listas-posteo.json,6.0,SkipList,9.5367431640625e-7,17,true
consultas-3-listas-posteo.json,consultas-1-listas-posteo.json,5.0,Binaria Acotada,0.0,12,true
consultas-3-listas-posteo.json,consultas-1-listas-posteo.json,5.0,Secuencial B0,0.0,10,true
consultas-3-listas-posteo.json,consultas-1-listas-posteo.json,5.0,No Acotada B1,0.0,5,true
consultas-3-listas-posteo.json,consultas-1-listas-posteo.json,5.0,No Acotada B2,0.0,5,true
consultas-3-listas-posteo.json,consultas-1-listas-posteo.json,5.0,SkipList,1.1920928955078125e-6,16,true
consultas-3-listas-posteo.json,consultas-1-listas-posteo.json,13.0,Binaria Acotada,0.0,11,true
consultas-3-listas-posteo.json,consultas-1-listas-posteo.json,13.0,Secuencial B0,0.0,32,true
consultas-3-listas-posteo.json,consultas-1-listas-posteo.json,13.0,No Acotada B1,0.0,10,true
consultas-3-listas-posteo.json,consultas-1-listas-posteo.json,13.0,No Acotada B2,0.0,10,true
consultas-3-listas-posteo.json,consultas-1-listas-posteo.json,13.0,SkipList,9.5367431640625e-7,18,true
consultas-3-listas-posteo.json,consultas-1-listas-posteo.json,12.0,Binaria Acotada,0.0,12,true
consultas-3-listas-posteo.json,consultas-1-listas-posteo.json,12.0,Secuencial B0,0.0,31,true
consultas-3-listas-posteo.json,consultas-1-listas-posteo.json,12.0,No Acotada B1,0.0,9,true
consultas-3-listas-posteo.json,consultas-1-listas-posteo.json,12.0,No Acotada B2,0.0,9,true
consultas-3-listas-posteo.json,consultas-1-listas-posteo.json,12.0,SkipList,9.5367431640625e-7,17,true
consultas-3-listas-posteo.json,consultas-1-listas-posteo.json,10.0,Binaria Acotada,0.0,11,true
consultas-3-listas-posteo.json,consultas-1-listas-posteo.json,10.0,Secuencial B0,0.0,24,true
consultas-3-listas-posteo.json,consultas-1-listas-posteo.json,10.0,No Acotada B1,0.0,6,true
consultas-3-listas-posteo.json,consultas-1-listas-posteo.json,10.0,No Acotada B2,0.0,6,true
consultas-3-listas-posteo.json,consultas-1-listas-posteo.json,10.0,SkipList,9.5367431640625e-7,17,true
consultas-3-listas-posteo.json,consultas-1-listas-posteo.json,2.0,Binaria Acotada,0.0,11,true
consultas-3-listas-posteo.json,consultas-1-listas-posteo.json,2.0,Secuencial B0,0.0,4,true
consultas-3-listas-posteo.json,consultas-1-listas-posteo.json,2.0,No Acotada B1,0.0,4,true
consultas-3-listas-posteo.json,consultas-1-listas-posteo.json,2.0,No Acotada B2,0.0,4,true
consultas-3-listas-posteo.json,consultas-1-listas-posteo.json,2.0,SkipList,9.5367431640625e-7,16,true
consultas-3-listas-posteo.json,consultas-1-listas-posteo.json,5.0,Binaria Acotada,0.0,12,true
consultas-3-listas-posteo.json,consultas-1-listas-posteo.json,5.0,Secuencial B0,0.0,10,true
consultas-3-listas-posteo.json,consultas-1-listas-posteo.json,5.0,No Acotada B1,0.0,5,true
consultas-3-listas-posteo.json,consultas-1-listas-posteo.json,5.0,No Acotada B2,0.0,5,true
consultas-3-listas-posteo.json,consultas-1-listas-posteo.json,5.0,SkipList,0.0,16,true
consultas-3-listas-posteo.json,consultas-1-listas-posteo.json,6.0,Binaria Acotada,0.0,11,true
consultas-3-listas-posteo.json,consultas-1-listas-posteo.json,6.0,Secuencial B0,0.0,14,true
consultas-3-listas-posteo.json,consultas-1-listas-posteo.json,6.0,No Acotada B1,0.0,6,true
consultas-3-listas-posteo.json,consultas-1-listas-posteo.json,6.0,No Acotada B2,0.0,6,true
consultas-3-listas-posteo.json,consultas-1-listas-posteo.json,6.0,SkipList,0.0,17,true
consultas-3-listas-posteo.json,consultas-1-listas-posteo.json,13.0,Binaria Acotada,0.0,11,true
consultas-3-listas-posteo.json,consultas-1-listas-posteo.json,13.0,Secuencial B0,9.5367431640625e-7,32,true
consultas-3-listas-posteo.json,consultas-1-listas-posteo.json,13.0,No Acotada B1,0.0,10,true
consultas-3-listas-posteo.json,consultas-1-listas-posteo.json,13.0,No Acotada B2,0.0,10,true
consultas-3-listas-posteo.json,consultas-1-listas-posteo.json,13.0,SkipList,0.0,18,true
consultas-3-listas-posteo.json,consultas-1-listas-posteo.json,6.0,Binaria Acotada,0.0,11,true
consultas-3-listas-posteo.json,consultas-1-listas-posteo.json,6.0,Secuencial B0,1.1920928955078125e-6,14,true
consultas-3-listas-posteo.json,consultas-1-listas-posteo.json,6.0,No Acotada B1,0.0,6,true
consultas-3-listas-posteo.json,consultas-1-listas-posteo.json,6.0,No Acotada B2,0.0,6,true
consultas-3-listas-posteo.json,consultas-1-listas-posteo.json,6.0,SkipList,0.0,17,true
consultas-3-listas-posteo.json,consultas-1-listas-posteo.json,15.0,Binaria Acotada,0.0,8,true
consultas-3-listas-posteo.json,consultas-1-listas-posteo.json,15.0,Secuencial B0,9.5367431640625e-7,39,true
consultas-3-listas-posteo.json,consultas-1-listas-posteo.json,15.0,No Acotada B1,0.0,8,true
consultas-3-listas-posteo.json,consultas-1-listas-posteo.json,15.0,No Acotada B2,0.0,8,true
consultas-3-listas-posteo.json,consultas-1-listas-posteo.json,15.0,SkipList,0.0,17,true
consultas-3-listas-posteo.json,consultas-1-listas-posteo.json,13.0,Binaria Acotada,0.0,11,true
consultas-3-listas-posteo.json,consultas-1-listas-posteo.json,13.0,Secuencial B0,9.5367431640625e-7,32,true
consultas-3-listas-posteo.json,consultas-1-listas-posteo.json,13.0,No Acotada B1,0.0,10,true
consultas-3-listas-posteo.json,consultas-1-listas-posteo.json,13.0,No Acotada B2,0.0,10,true
consultas-3-listas-posteo.json,consultas-1-listas-posteo.json,13.0,SkipList,0.0,18,true
consultas-3-listas-posteo.json,consultas-1-listas-posteo.json,10.0,Binaria Acotada,0.0,11,true
consultas-3-listas-posteo.json,consultas-1-listas-posteo.json,10.0,Secuencial B0,0.0,24,true
consultas-3-listas-posteo.json,consultas-1-listas-posteo.json,10.0,No Acotada B1,0.0,6,true
consultas-3-listas-posteo.json,consultas-1-listas-posteo.json,10.0,No Acotada B2,0.0,6,true
consultas-3-listas-posteo.json,consultas-1-listas-posteo.json,10.0,SkipList,0.0,17,true
consultas-3-listas-posteo.json,consultas-1-listas-posteo.json,8.0,Binaria Acotada,0.0,12,true
consultas-3-listas-posteo.json,consultas-1-listas-posteo.json,8.0,Secuencial B0,0.0,21,true
consultas-3-listas-posteo.json,consultas-1-listas-posteo.json,8.0,No Acotada B1,0.0,8,true
consultas-3-listas-posteo.json,consultas-1-listas-posteo.json,8.0,No Acotada B2,0.0,8,true
consultas-3-listas-posteo.json,consultas-1-listas-posteo.json,8.0,SkipList,0.0,16,true
consultas-3-listas-posteo.json,consultas-1-listas-posteo.json,12.0,Binaria Acotada,0.0,12,true
consultas-3-listas-posteo.json,consultas-1-listas-posteo.json,12.0,Secuencial B0,1.1920928955078125e-6,31,true
consultas-3-listas-posteo.json,consultas-1-listas-posteo.json,12.0,No Acotada B1,0.0,9,true
consultas-3-listas-posteo.json,consultas-1-listas-posteo.json,12.0,No Acotada B2,0.0,9,true
consultas-3-listas-posteo.json,consultas-1-listas-posteo.json,12.0,SkipList,0.0,17,true
consultas-3-listas-posteo.json,consultas-1-listas-posteo.json,1.0,Binaria Acotada,0.0,12,true
consultas-3-listas-posteo.json,consultas-1-listas-posteo.json,1.0,Secuencial B0,9.5367431640625e-7,1,true
consultas-3-listas-posteo.json,consultas-1-listas-posteo.json,1.0,No Acotada B1,0.0,1,true
consultas-3-listas-posteo.json,consultas-1-listas-posteo.json,1.0,No Acotada B2,0.0,1,true
consultas-3-listas-posteo.json,consultas-1-listas-posteo.json,1.0,SkipList,0.0,15,true
consultas-3-listas-posteo.json,consultas-1-listas-posteo.json,4.0,Binaria Acotada,0.0,10,true
consultas-3-listas-posteo.json,consultas-1-listas-posteo.json,4.0,Secuencial B0,0.0,7,true
consultas-3-listas-posteo.json,consultas-1-listas-posteo.json,4.0,No Acotada B1,0.0,5,true
consultas-3-listas-posteo.json,consultas-1-listas-posteo.json,4.0,No Acotada B2,0.0,5,true
consultas-3-listas-posteo.json,consultas-1-listas-posteo.json,4.0,SkipList,0.0,18,true
consultas-3-listas-posteo.json,consultas-1-listas-posteo.json,12.0,Binaria Acotada,0.0,12,true
consultas-3-listas-posteo.json,consultas-1-listas-posteo.json,12.0,Secuencial B0,1.1920928955078125e-6,31,true
consultas-3-listas-posteo.json,consultas-1-listas-posteo.json,12.0,No Acotada B1,0.0,9,true
consultas-3-listas-posteo.json,consultas-1-listas-posteo.json,12.0,No Acotada B2,0.0,9,true
consultas-3-listas-posteo.json,consultas-1-listas-posteo.json,12.0,SkipList,0.0,17,true
consultas-3-listas-posteo.json,consultas-1-listas-posteo.json,5.0,Binaria Acotada,0.0,12,true
consultas-3-listas-posteo.json,consultas-1-listas-posteo.json,5.0,Secuencial B0,9.5367431640625e-7,10,true
consultas-3-listas-posteo.json,consultas-1-listas-posteo.json,5.0,No Acotada B1,0.0,5,true
consultas-3-listas-posteo.json,consultas-1-listas-posteo.json,5.0,No Acotada B2,0.0,5,true
consultas-3-listas-posteo.json,consultas-1-listas-posteo.json,5.0,SkipList,0.0,16,true
consultas-3-listas-posteo.json,consultas-1-listas-posteo.json,8.0,Binaria Acotada,0.0,12,true
consultas-3-listas-posteo.json,consultas-1-listas-posteo.json,8.0,Secuencial B0,9.5367431640625e-7,21,true
consultas-3-listas-posteo.json,consultas-1-listas-posteo.json,8.0,No Acotada B1,0.0,8,true
consultas-3-listas-posteo.json,consultas-1-listas-posteo.json,8.0,No Acotada B2,0.0,8,true
consultas-3-listas-posteo.json,consultas-1-listas-posteo.json,8.0,SkipList,0.0,16,true
consultas-3-listas-posteo.json,consultas-1-listas-posteo.json,15.0,Binaria Acotada,0.0,8,true
consultas-3-listas-posteo.json,consultas-1-listas-posteo.json,15.0,Secuencial B0,9.5367431640625e-7,39,true
consultas-3-listas-posteo.json,consultas-1-listas-posteo.json,15.0,No Acotada B1,0.0,8,true
consultas-3-listas-posteo.json,consultas-1-listas-posteo.json,15.0,No Acotada B2,0.0,8,true
consultas-3-listas-posteo.json,consultas-1-listas-posteo.json,15.0,SkipList,0.0,17,true
consultas-3-listas-posteo.json,consultas-1-listas-posteo.json,1.0,Binaria Acotada,0.0,12,true
consultas-3-listas-posteo.json,consultas-1-listas-posteo.json,1.0,Secuencial B0,9.5367431640625e-7,1,true
consultas-3-listas-posteo.json,consultas-1-listas-posteo.json,1.0,No Acotada B1,0.0,1,true
consultas-3-listas-posteo.json,consultas-1-listas-posteo.json,1.0,No Acotada B2,0.0,1,true
consultas-3-listas-posteo.json,consultas-1-listas-posteo.json,1.0,SkipList,9.5367431640625e-7,15,true
consultas-3-listas-posteo.json,consultas-1-listas-posteo.json,3.0,Binaria Acotada,0.0,12,true
consultas-3-listas-posteo.json,consultas-1-listas-posteo.json,3.0,Secuencial B0,0.0,5,true
consultas-3-listas-posteo.json,consultas-1-listas-posteo.json,3.0,No Acotada B1,0.0,4,true
consultas-3-listas-posteo.json,consultas-1-listas-posteo.json,3.0,No Acotada B2,0.0,4,true
consultas-3-listas-posteo.json,consultas-1-listas-posteo.json,3.0,SkipList,9.5367431640625e-7,17,true
consultas-3-listas-posteo.json,consultas-1-listas-posteo.json,5.0,Binaria Acotada,0.0,12,true
consultas-3-listas-posteo.json,consultas-1-listas-posteo.json,5.0,Secuencial B0,9.5367431640625e-7,10,true
consultas-3-listas-posteo.json,consultas-1-listas-posteo.json,5.0,No Acotada B1,0.0,5,true
consultas-3-listas-posteo.json,consultas-1-listas-posteo.json,5.0,No Acotada B2,0.0,5,true
consultas-3-listas-posteo.json,consultas-1-listas-posteo.json,5.0,SkipList,0.0,16,true
consultas-3-listas-posteo.json,consultas-1-listas-posteo.json,4.0,Binaria Acotada,0.0,10,true
consultas-3-listas-posteo.json,consultas-1-listas-posteo.json,4.0,Secuencial B0,9.5367431640625e-7,7,true
consultas-3-listas-posteo.json,consultas-1-listas-posteo.json,4.0,No Acotada B1,0.0,5,true
consultas-3-listas-posteo.json,consultas-1-listas-posteo.json,4.0,No Acotada B2,0.0,5,true
consultas-3-listas-posteo.json,consultas-1-listas-posteo.json,4.0,SkipList,0.0,18,true
consultas-3-listas-posteo.json,consultas-1-listas-posteo.json,10.0,Binaria Acotada,0.0,11,true
consultas-3-listas-posteo.json,consultas-1-listas-posteo.json,10.0,Secuencial B0,9.5367431640625e-7,24,true
consultas-3-listas-posteo.json,consultas-1-listas-posteo.json,10.0,No Acotada B1,0.0,6,true
consultas-3-listas-posteo.json,consultas-1-listas-posteo.json,10.0,No Acotada B2,0.0,6,true
consultas-3-listas-posteo.json,consultas-1-listas-posteo.json,10.0,SkipList,0.0,17,true
consultas-3-listas-posteo.json,consultas-1-listas-posteo.json,7.0,Binaria Acotada,0.0,9,true
consultas-3-listas-posteo.json,consultas-1-listas-posteo.json,7.0,Secuencial B0,0.0,16,true
consultas-3-listas-posteo.json,consultas-1-listas-posteo.json,7.0,No Acotada B1,0.0,8,true
consultas-3-listas-posteo.json,consultas-1-listas-posteo.json,7.0,No Acotada B2,0.0,8,true
consultas-3-listas-posteo.json,consultas-1-listas-posteo.json,7.0,SkipList,0.0,18,true
consultas-3-listas-posteo.json,consultas-1-listas-posteo.json,8.0,Binaria Acotada,0.0,12,true
consultas-3-listas-posteo.json,consultas-1-listas-posteo.json,8.0,Secuencial B0,0.0,21,true
consultas-3-listas-posteo.json,consultas-1-listas-posteo.json,8.0,No Acotada B1,0.0,8,true
consultas-3-listas-posteo.json,consultas-1-listas-posteo.json,8.0,No Acotada B2,0.0,8,true
consultas-3-listas-posteo.json,consultas-1-listas-posteo.json,8.0,SkipList,0.0,16,true
consultas-3-listas-posteo.json,consultas-1-listas-posteo.json,10.0,Binaria Acotada,0.0,11,true
consultas-3-listas-posteo.json,consultas-1-listas-posteo.json,10.0,Secuencial B0,9.5367431640625e-7,24,true
consultas-3-listas-posteo.json,consultas-1-listas-posteo.json,10.0,No Acotada B1,0.0,6,true
consultas-3-listas-posteo.json,consultas-1-listas-posteo.json,10.0,No Acotada B2,0.0,6,true
consultas-3-listas-posteo.json,consultas-1-listas-posteo.json,10.0,SkipList,0.0,17,true
consultas-3-listas-posteo.json,consultas-1-listas-posteo.json,6.0,Binaria Acotada,0.0,11,true
consultas-3-listas-posteo.json,consultas-1-listas-posteo.json,6.0,Secuencial B0,9.5367431640625e-7,14,true
consultas-3-listas-posteo.json,consultas-1-listas-posteo.json,6.0,No Acotada B1,0.0,6,true
consultas-3-listas-posteo.json,consultas-1-listas-posteo.json,6.0,No Acotada B2,0.0,6,true
consultas-3-listas-posteo.json,consultas-1-listas-posteo.json,6.0,SkipList,0.0,17,true
consultas-3-listas-posteo.json,consultas-1-listas-posteo.json,5.0,Binaria Acotada,0.0,12,true
consultas-3-listas-posteo.json,consultas-1-listas-posteo.json,5.0,Secuencial B0,9.5367431640625e-7,10,true
consultas-3-listas-posteo.json,consultas-1-listas-posteo.json,5.0,No Acotada B1,0.0,5,true
consultas-3-listas-posteo.json,consultas-1-listas-posteo.json,5.0,No Acotada B2,0.0,5,true
consultas-3-listas-posteo.json,consultas-1-listas-posteo.json,5.0,SkipList,0.0,16,true
consultas-3-listas-posteo.json,consultas-1-listas-posteo.json,14.0,Binaria Acotada,0.0,12,true
consultas-3-listas-posteo.json,consultas-1-listas-posteo.json,14.0,Secuencial B0,9.5367431640625e-7,36,true
consultas-3-listas-posteo.json,consultas-1-listas-posteo.json,14.0,No Acotada B1,0.0,10,true
consultas-3-listas-posteo.json,consultas-1-listas-posteo.json,14.0,No Acotada B2,0.0,10,true
consultas-3-listas-posteo.json,consultas-1-listas-posteo.json,14.0,SkipList,0.0,16,true
consultas-3-listas-posteo.json,consultas-1-listas-posteo.json,5.0,Binaria Acotada,0.0,12,true
consultas-3-listas-posteo.json,consultas-1-listas-posteo.json,5.0,Secuencial B0,1.1920928955078125e-6,10,true
consultas-3-listas-posteo.json,consultas-1-listas-posteo.json,5.0,No Acotada B1,0.0,5,true
consultas-3-listas-posteo.json,consultas-1-listas-posteo.json,5.0,No Acotada B2,0.0,5,true
consultas-3-listas-posteo.json,consultas-1-listas-posteo.json,5.0,SkipList,9.5367431640625e-7,16,true
consultas-3-listas-posteo.json,consultas-1-listas-posteo.json,4.0,Binaria Acotada,0.0,10,true
consultas-3-listas-posteo.json,consultas-1-listas-posteo.json,4.0,Secuencial B0,0.0,7,true
consultas-3-listas-posteo.json,consultas-1-listas-posteo.json,4.0,No Acotada B1,0.0,5,true
consultas-3-listas-posteo.json,consultas-1-listas-posteo.json,4.0,No Acotada B2,0.0,5,true
consultas-3-listas-posteo.json,consultas-1-listas-posteo.json,4.0,SkipList,9.5367431640625e-7,18,true
consultas-3-listas-posteo.json,consultas-1-listas-posteo.json,6.0,Binaria Acotada,0.0,11,true
consultas-3-listas-posteo.json,consultas-1-listas-posteo.json,6.0,Secuencial B0,0.0,14,true
consultas-3-listas-posteo.json,consultas-1-listas-posteo.json,6.0,No Acotada B1,0.0,6,true
consultas-3-listas-posteo.json,consultas-1-listas-posteo.json,6.0,No Acotada B2,0.0,6,true
consultas-3-listas-posteo.json,consultas-1-listas-posteo.json,6.0,SkipList,9.5367431640625e-7,17,true
consultas-3-listas-posteo.json,consultas-1-listas-posteo.json,11.0,Binaria Acotada,0.0,10,true
consultas-3-listas-posteo.json,consultas-1-listas-posteo.json,11.0,Secuencial B0,0.0,29,true
consultas-3-listas-posteo.json,consultas-1-listas-posteo.json,11.0,No Acotada B1,0.0,8,true
consultas-3-listas-posteo.json,consultas-1-listas-posteo.json,11.0,No Acotada B2,0.0,8,true
consultas-3-listas-posteo.json,consultas-1-listas-posteo.json,11.0,SkipList,9.5367431640625e-7,18,true
consultas-3-listas-posteo.json,consultas-1-listas-posteo.json,4.0,Binaria Acotada,0.0,10,true
consultas-3-listas-posteo.json,consultas-1-listas-posteo.json,4.0,Secuencial B0,0.0,7,true
consultas-3-listas-posteo.json,consultas-1-listas-posteo.json,4.0,No Acotada B1,0.0,5,true
consultas-3-listas-posteo.json,consultas-1-listas-posteo.json,4.0,No Acotada B2,0.0,5,true
consultas-3-listas-posteo.json,consultas-1-listas-posteo.json,4.0,SkipList,9.5367431640625e-7,18,true
consultas-3-listas-posteo.json,consultas-1-listas-posteo.json,4.0,Binaria Acotada,0.0,10,true
consultas-3-listas-posteo.json,consultas-1-listas-posteo.json,4.0,Secuencial B0,0.0,7,true
consultas-3-listas-posteo.json,consultas-1-listas-posteo.json,4.0,No Acotada B1,0.0,5,true
consultas-3-listas-posteo.json,consultas-1-listas-posteo.json,4.0,No Acotada B2,0.0,5,true
consultas-3-listas-posteo.json,consultas-1-listas-posteo.json,4.0,SkipList,1.1920928955078125e-6,18,true
consultas-3-listas-posteo.json,consultas-1-listas-posteo.json,4.0,Binaria Acotada,0.0,10,true
consultas-3-listas-posteo.json,consultas-1-listas-posteo.json,4.0,Secuencial B0,0.0,7,true
consultas-3-listas-posteo.json,consultas-1-listas-posteo.json,4.0,No Acotada B1,0.0,5,true
consultas-3-listas-posteo.json,consultas-1-listas-posteo.json,4.0,No Acotada B2,0.0,5,true
consultas-3-listas-posteo.json,consultas-1-listas-posteo.json,4.0,SkipList,0.0,18,true
consultas-3-listas-posteo.json,consultas-1-listas-posteo.json,3.0,Binaria Acotada,0.0,12,true
consultas-3-listas-posteo.json,consultas-1-listas-posteo.json,3.0,Secuencial B0,0.0,5,true
consultas-3-listas-posteo.json,consultas-1-listas-posteo.json,3.0,No Acotada B1,0.0,4,true
consultas-3-listas-posteo.json,consultas-1-listas-posteo.json,3.0,No Acotada B2,0.0,4,true
consultas-3-listas-posteo.json,consultas-1-listas-posteo.json,3.0,SkipList,9.5367431640625e-7,17,true
consultas-3-listas-posteo.json,consultas-1-listas-posteo.json,12.0,Binaria Acotada,0.0,12,true
consultas-3-listas-posteo.json,consultas-1-listas-posteo.json,12.0,Secuencial B0,0.0,31,true
consultas-3-listas-posteo.json,consultas-1-listas-posteo.json,12.0,No Acotada B1,0.0,9,true
consultas-3-listas-posteo.json,consultas-1-listas-posteo.json,12.0,No Acotada B2,0.0,9,true
consultas-3-listas-posteo.json,consultas-1-listas-posteo.json,12.0,SkipList,0.0,17,true
consultas-3-listas-posteo.json,consultas-1-listas-posteo.json,3.0,Binaria Acotada,0.0,12,true
consultas-3-listas-posteo.json,consultas-1-listas-posteo.json,3.0,Secuencial B0,0.0,5,true
consultas-3-listas-posteo.json,consultas-1-listas-posteo.json,3.0,No Acotada B1,0.0,4,true
consultas-3-listas-posteo.json,consultas-1-listas-posteo.json,3.0,No Acotada B2,0.0,4,true
consultas-3-listas-posteo.json,consultas-1-listas-posteo.json,3.0,SkipList,0.0,17,true
consultas-3-listas-posteo.json,consultas-1-listas-posteo.json,16.0,Binaria Acotada,0.0,12,true
consultas-3-listas-posteo.json,consultas-1-listas-posteo.json,16.0,Secuencial B0,0.0,41,true
consultas-3-listas-posteo.json,consultas-1-listas-posteo.json,16.0,No Acotada B1,0.0,10,true
consultas-3-listas-posteo.json,consultas-1-listas-posteo.json,16.0,No Acotada B2,0.0,10,true
consultas-3-listas-posteo.json,consultas-1-listas-posteo.json,16.0,SkipList,0.0,18,true
consultas-3-listas-posteo.json,consultas-1-listas-posteo.json,14.0,Binaria Acotada,0.0,12,true
consultas-3-listas-posteo.json,consultas-1-listas-posteo.json,14.0,Secuencial B0,0.0,36,true
consultas-3-listas-posteo.json,consultas-1-listas-posteo.json,14.0,No Acotada B1,0.0,10,true
consultas-3-listas-posteo.json,consultas-1-listas-posteo.json,14.0,No Acotada B2,9.5367431640625e-7,10,true
consultas-3-listas-posteo.json,consultas-1-listas-posteo.json,14.0,SkipList,0.0,16,true
consultas-3-listas-posteo.json,consultas-2-listas-posteo.json,200.0,Binaria Acotada,0.0,13,true
consultas-3-listas-posteo.json,consultas-2-listas-posteo.json,200.0,Secuencial B0,9.5367431640625e-7,527,true
consultas-3-listas-posteo.json,consultas-2-listas-posteo.json,200.0,No Acotada B1,0.0,15,true
consultas-3-listas-posteo.json,consultas-2-listas-posteo.json,200.0,No Acotada B2,1.1920928955078125e-6,15,true
consultas-3-listas-posteo.json,consultas-2-listas-posteo.json,200.0,SkipList,0.0,30,true
consultas-3-listas-posteo.json,consultas-2-listas-posteo.json,229.0,Binaria Acotada,0.0,10,true
consultas-3-listas-posteo.json,consultas-2-listas-posteo.json,229.0,Secuencial B0,0.0,594,true
consultas-3-listas-posteo.json,consultas-2-listas-posteo.json,229.0,No Acotada B1,0.0,17,true
consultas-3-listas-posteo.json,consultas-2-listas-posteo.json,229.0,No Acotada B2,0.0,17,true
consultas-3-listas-posteo.json,consultas-2-listas-posteo.json,229.0,SkipList,0.0,20,true
consultas-3-listas-posteo.json,consultas-2-listas-posteo.json,46.0,Binaria Acotada,0.0,11,true
consultas-3-listas-posteo.json,consultas-2-listas-posteo.json,46.0,Secuencial B0,0.0,112,true
consultas-3-listas-posteo.json,consultas-2-listas-posteo.json,46.0,No Acotada B1,0.0,9,true
consultas-3-listas-posteo.json,consultas-2-listas-posteo.json,46.0,No Acotada B2,0.0,9,true
consultas-3-listas-posteo.json,consultas-2-listas-posteo.json,46.0,SkipList,0.0,17,true
consultas-3-listas-posteo.json,consultas-2-listas-posteo.json,186.0,Binaria Acotada,0.0,13,true
consultas-3-listas-posteo.json,consultas-2-listas-posteo.json,186.0,Secuencial B0,0.0,483,true
consultas-3-listas-posteo.json,consultas-2-listas-posteo.json,186.0,No Acotada B1,9.5367431640625e-7,17,true
consultas-3-listas-posteo.json,consultas-2-listas-posteo.json,186.0,No Acotada B2,0.0,17,true
consultas-3-listas-posteo.json,consultas-2-listas-posteo.json,186.0,SkipList,9.5367431640625e-7,22,true
consultas-3-listas-posteo.json,consultas-2-listas-posteo.json,58.0,Binaria Acotada,0.0,11,true
consultas-3-listas-posteo.json,consultas-2-listas-posteo.json,58.0,Secuencial B0,0.0,139,true
consultas-3-listas-posteo.json,consultas-2-listas-posteo.json,58.0,No Acotada B1,0.0,11,true
consultas-3-listas-posteo.json,consultas-2-listas-posteo.json,58.0,No Acotada B2,0.0,11,true
consultas-3-listas-posteo.json,consultas-2-listas-posteo.json,58.0,SkipList,0.0,21,true
consultas-3-listas-posteo.json,consultas-2-listas-posteo.json,183.0,Binaria Acotada,0.0,10,true
consultas-3-listas-posteo.json,consultas-2-listas-posteo.json,183.0,Secuencial B0,0.0,475,true
consultas-3-listas-posteo.json,consultas-2-listas-posteo.json,183.0,No Acotada B1,9.5367431640625e-7,15,true
consultas-3-listas-posteo.json,consultas-2-listas-posteo.json,183.0,No Acotada B2,0.0,15,true
consultas-3-listas-posteo.json,consultas-2-listas-posteo.json,183.0,SkipList,0.0,19,true
consultas-3-listas-posteo.json,consultas-2-listas-posteo.json,208.0,Binaria Acotada,0.0,11,true
consultas-3-listas-posteo.json,consultas-2-listas-posteo.json,208.0,Secuencial B0,9.5367431640625e-7,557,true
consultas-3-listas-posteo.json,consultas-2-listas-posteo.json,208.0,No Acotada B1,0.0,15,true
consultas-3-listas-posteo.json,consultas-2-listas-posteo.json,208.0,No Acotada B2,0.0,15,true
consultas-3-listas-posteo.json,consultas-2-listas-posteo.json,208.0,SkipList,0.0,24,true
consultas-3-listas-posteo.json,consultas-2-listas-posteo.json,212.0,Binaria Acotada,0.0,12,true
consultas-3-listas-posteo.json,consultas-2-listas-posteo.json,212.0,Secuencial B0,0.0,567,true
consultas-3-listas-posteo.json,consultas-2-listas-posteo.json,212.0,No Acotada B1,9.5367431640625e-7,16,true
consultas-3-listas-posteo.json,consultas-2-listas-posteo.json,212.0,No Acotada B2,0.0,16,true
consultas-3-listas-posteo.json,consultas-2-listas-posteo.json,212.0,SkipList,9.5367431640625e-7,23,true
consultas-3-listas-posteo.json,consultas-2-listas-posteo.json,162.0,Binaria Acotada,0.0,13,true
consultas-3-listas-posteo.json,consultas-2-listas-posteo.json,162.0,Secuencial B0,9.5367431640625e-7,407,true
consultas-3-listas-posteo.json,consultas-2-listas-posteo.json,162.0,No Acotada B1,0.0,14,true
consultas-3-listas-posteo.json,consultas-2-listas-posteo.json,162.0,No Acotada B2,9.5367431640625e-7,14,true
consultas-3-listas-posteo.json,consultas-2-listas-posteo.json,162.0,SkipList,0.0,25,true
consultas-3-listas-posteo.json,consultas-2-listas-posteo.json,72.0,Binaria Acotada,0.0,13,true
consultas-3-listas-posteo.json,consultas-2-listas-posteo.json,72.0,Secuencial B0,0.0,186,true
consultas-3-listas-posteo.json,consultas-2-listas-posteo.json,72.0,No Acotada B1,0.0,15,true
consultas-3-listas-posteo.json,consultas-2-listas-posteo.json,72.0,No Acotada B2,0.0,15,true
consultas-3-listas-posteo.json,consultas-2-listas-posteo.json,72.0,SkipList,0.0,21,true
consultas-3-listas-posteo.json,consultas-2-listas-posteo.json,36.0,Binaria Acotada,0.0,12,true
consultas-3-listas-posteo.json,consultas-2-listas-posteo.json,36.0,Secuencial B0,0.0,89,true
consultas-3-listas-posteo.json,consultas-2-listas-posteo.json,36.0,No Acotada B1,0.0,12,true
consultas-3-listas-posteo.json,consultas-2-listas-posteo.json,36.0,No Acotada B2,0.0,12,true
consultas-3-listas-posteo.json,consultas-2-listas-posteo.json,36.0,SkipList,1.1920928955078125e-6,21,true
consultas-3-listas-posteo.json,consultas-2-listas-posteo.json,32.0,Binaria Acotada,0.0,12,true
consultas-3-listas-posteo.json,consultas-2-listas-posteo.json,32.0,Secuencial B0,0.0,79,true
consultas-3-listas-posteo.json,consultas-2-listas-posteo.json,32.0,No Acotada B1,0.0,9,true
consultas-3-listas-posteo.json,consultas-2-listas-posteo.json,32.0,No Acotada B2,0.0,9,true
consultas-3-listas-posteo.json,consultas-2-listas-posteo.json,32.0,SkipList,0.0,19,true
consultas-3-listas-posteo.json,consultas-2-listas-posteo.json,144.0,Binaria Acotada,9.5367431640625e-7,11,true
consultas-3-listas-posteo.json,consultas-2-listas-posteo.json,144.0,Secuencial B0,0.0,354,true
consultas-3-listas-posteo.json,consultas-2-listas-posteo.json,144.0,No Acotada B1,0.0,15,true
consultas-3-listas-posteo.json,consultas-2-listas-posteo.json,144.0,No Acotada B2,0.0,15,true
consultas-3-listas-posteo.json,consultas-2-listas-posteo.json,144.0,SkipList,1.1920928955078125e-6,27,true
consultas-3-listas-posteo.json,consultas-2-listas-posteo.json,3.0,Binaria Acotada,0.0,12,true
consultas-3-listas-posteo.json,consultas-2-listas-posteo.json,3.0,Secuencial B0,9.5367431640625e-7,5,true
consultas-3-listas-posteo.json,consultas-2-listas-posteo.json,3.0,No Acotada B1,0.0,4,true
consultas-3-listas-posteo.json,consultas-2-listas-posteo.json,3.0,No Acotada B2,0.0,4,true
consultas-3-listas-posteo.json,consultas-2-listas-posteo.json,3.0,SkipList,0.0,17,true
consultas-3-listas-posteo.json,consultas-2-listas-posteo.json,237.0,Binaria Acotada,0.0,13,true
consultas-3-listas-posteo.json,consultas-2-listas-posteo.json,237.0,Secuencial B0,9.5367431640625e-7,608,true
consultas-3-listas-posteo.json,consultas-2-listas-posteo.json,237.0,No Acotada B1,0.0,19,true
consultas-3-listas-posteo.json,consultas-2-listas-posteo.json,237.0,No Acotada B2,0.0,19,true
consultas-3-listas-posteo.json,consultas-2-listas-posteo.json,237.0,SkipList,0.0,21,true
consultas-3-listas-posteo.json,consultas-2-listas-posteo.json,234.0,Binaria Acotada,0.0,12,true
consultas-3-listas-posteo.json,consultas-2-listas-posteo.json,234.0,Secuencial B0,9.5367431640625e-7,601,true
consultas-3-listas-posteo.json,consultas-2-listas-posteo.json,234.0,No Acotada B1,0.0,17,true
consultas-3-listas-posteo.json,consultas-2-listas-posteo.json,234.0,No Acotada B2,0.0,17,true
consultas-3-listas-posteo.json,consultas-2-listas-posteo.json,234.0,SkipList,0.0,24,true
consultas-3-listas-posteo.json,consultas-2-listas-posteo.json,228.0,Binaria Acotada,0.0,14,false
consultas-3-listas-posteo.json,consultas-2-listas-posteo.json,228.0,Secuencial B0,0.0,594,false
consultas-3-listas-posteo.json,consultas-2-listas-posteo.json,228.0,No Acotada B1,0.0,19,false
consultas-3-listas-posteo.json,consultas-2-listas-posteo.json,228.0,No Acotada B2,0.0,19,false
consultas-3-listas-posteo.json,consultas-2-listas-posteo.json,228.0,SkipList,0.0,20,false
consultas-3-listas-posteo.json,consultas-2-listas-posteo.json,85.0,Binaria Acotada,0.0,12,true
consultas-3-listas-posteo.json,consultas-2-listas-posteo.json,85.0,Secuencial B0,9.5367431640625e-7,216,true
consultas-3-listas-posteo.json,consultas-2-listas-posteo.json,85.0,No Acotada B1,0.0,12,true
consultas-3-listas-posteo.json,consultas-2-listas-posteo.json,85.0,No Acotada B2,0.0,12,true
consultas-3-listas-posteo.json,consultas-2-listas-posteo.json,85.0,SkipList,0.0,27,true
consultas-3-listas-posteo.json,consultas-2-listas-posteo.json,200.0,Binaria Acotada,0.0,13,true
consultas-3-listas-posteo.json,consultas-2-listas-posteo.json,200.0,Secuencial B0,0.0,527,true
consultas-3-listas-posteo.json,consultas-2-listas-posteo.json,200.0,No Acotada B1,9.5367431640625e-7,15,true
consultas-3-listas-posteo.json,consultas-2-listas-posteo.json,200.0,No Acotada B2,0.0,15,true
consultas-3-listas-posteo.json,consultas-2-listas-posteo.json,200.0,SkipList,5.0067901611328125e-6,30,true
consultas-3-listas-posteo.json,consultas-2-listas-posteo.json,11.0,Binaria Acotada,9.5367431640625e-7,10,true
consultas-3-listas-posteo.json,consultas-2-listas-posteo.json,11.0,Secuencial B0,0.0,29,true
consultas-3-listas-posteo.json,consultas-2-listas-posteo.json,11.0,No Acotada B1,0.0,8,true
consultas-3-listas-posteo.json,consultas-2-listas-posteo.json,11.0,No Acotada B2,0.0,8,true
consultas-3-listas-posteo.json,consultas-2-listas-posteo.json,11.0,SkipList,0.0,18,true
consultas-3-listas-posteo.json,consultas-2-listas-posteo.json,98.0,Binaria Acotada,0.0,12,true
consultas-3-listas-posteo.json,consultas-2-listas-posteo.json,98.0,Secuencial B0,9.5367431640625e-7,245,true
consultas-3-listas-posteo.json,consultas-2-listas-posteo.json,98.0,No Acotada B1,0.0,14,true
consultas-3-listas-posteo.json,consultas-2-listas-posteo.json,98.0,No Acotada B2,0.0,14,true
consultas-3-listas-posteo.json,consultas-2-listas-posteo.json,98.0,SkipList,0.0,28,true
consultas-3-listas-posteo.json,consultas-2-listas-posteo.json,153.0,Binaria Acotada,0.0,11,true
consultas-3-listas-posteo.json,consultas-2-listas-posteo.json,153.0,Secuencial B0,0.0,382,true
consultas-3-listas-posteo.json,consultas-2-listas-posteo.json,153.0,No Acotada B1,0.0,10,true
consultas-3-listas-posteo.json,consultas-2-listas-posteo.json,153.0,No Acotada B2,0.0,10,true
consultas-3-listas-posteo.json,consultas-2-listas-posteo.json,153.0,SkipList,9.5367431640625e-7,27,true
consultas-3-listas-posteo.json,consultas-2-listas-posteo.json,83.0,Binaria Acotada,0.0,9,true
consultas-3-listas-posteo.json,consultas-2-listas-posteo.json,83.0,Secuencial B0,9.5367431640625e-7,213,true
consultas-3-listas-posteo.json,consultas-2-listas-posteo.json,83.0,No Acotada B1,0.0,14,true
consultas-3-listas-posteo.json,consultas-2-listas-posteo.json,83.0,No Acotada B2,9.5367431640625e-7,14,true
consultas-3-listas-posteo.json,consultas-2-listas-posteo.json,83.0,SkipList,0.0,26,true
consultas-3-listas-posteo.json,consultas-2-listas-posteo.json,45.0,Binaria Acotada,9.5367431640625e-7,14,true
consultas-3-listas-posteo.json,consultas-2-listas-posteo.json,45.0,Secuencial B0,0.0,111,true
consultas-3-listas-posteo.json,consultas-2-listas-posteo.json,45.0,No Acotada B1,0.0,13,true
consultas-3-listas-posteo.json,consultas-2-listas-posteo.json,45.0,No Acotada B2,0.0,13,true
consultas-3-listas-posteo.json,consultas-2-listas-posteo.json,45.0,SkipList,0.0,22,true
consultas-3-listas-posteo.json,consultas-2-listas-posteo.json,28.0,Binaria Acotada,0.0,10,true
consultas-3-listas-posteo.json,consultas-2-listas-posteo.json,28.0,Secuencial B0,0.0,67,true
consultas-3-listas-posteo.json,consultas-2-listas-posteo.json,28.0,No Acotada B1,0.0,11,true
consultas-3-listas-posteo.json,consultas-2-listas-posteo.json,28.0,No Acotada B2,0.0,11,true
consultas-3-listas-posteo.json,consultas-2-listas-posteo.json,28.0,SkipList,0.0,18,true
consultas-3-listas-posteo.json,consultas-2-listas-posteo.json,77.0,Binaria Acotada,0.0,12,true
consultas-3-listas-posteo.json,consultas-2-listas-posteo.json,77.0,Secuencial B0,0.0,192,true
consultas-3-listas-posteo.json,consultas-2-listas-posteo.json,77.0,No Acotada B1,0.0,9,true
consultas-3-listas-posteo.json,consultas-2-listas-posteo.json,77.0,No Acotada B2,0.0,9,true
consultas-3-listas-posteo.json,consultas-2-listas-posteo.json,77.0,SkipList,1.1920928955078125e-6,22,true
consultas-3-listas-posteo.json,consultas-2-listas-posteo.json,143.0,Binaria Acotada,0.0,12,true
consultas-3-listas-posteo.json,consultas-2-listas-posteo.json,143.0,Secuencial B0,9.5367431640625e-7,352,true
consultas-3-listas-posteo.json,consultas-2-listas-posteo.json,143.0,No Acotada B1,0.0,16,true
consultas-3-listas-posteo.json,consultas-2-listas-posteo.json,143.0,No Acotada B2,9.5367431640625e-7,16,true
consultas-3-listas-posteo.json,consultas-2-listas-posteo.json,143.0,SkipList,0.0,26,true
consultas-3-listas-posteo.json,consultas-2-listas-posteo.json,168.0,Binaria Acotada,9.5367431640625e-7,12,true
consultas-3-listas-posteo.json,consultas-2-listas-posteo.json,168.0,Secuencial B0,0.0,425,true
consultas-3-listas-posteo.json,consultas-2-listas-posteo.json,168.0,No Acotada B1,0.0,16,true
consultas-3-listas-posteo.json,consultas-2-listas-posteo.json,168.0,No Acotada B2,0.0,16,true
consultas-3-listas-posteo.json,consultas-2-listas-posteo.json,168.0,SkipList,0.0,18,true
consultas-3-listas-posteo.json,consultas-2-listas-posteo.json,80.0,Binaria Acotada,0.0,10,true
consultas-3-listas-posteo.json,consultas-2-listas-posteo.json,80.0,Secuencial B0,0.0,202,true
consultas-3-listas-posteo.json,consultas-2-listas-posteo.json,80.0,No Acotada B1,0.0,11,true
consultas-3-listas-posteo.json,consultas-2-listas-posteo.json,80.0,No Acotada B2,9.5367431640625e-7,11,true
consultas-3-listas-posteo.json,consultas-2-listas-posteo.json,80.0,SkipList,0.0,24,true
consultas-3-listas-posteo.json,consultas-2-listas-posteo.json,77.0,Binaria Acotada,0.0,12,true
consultas-3-listas-posteo.json,consultas-2-listas-posteo.json,77.0,Secuencial B0,0.0,192,true
consultas-3-listas-posteo.json,consultas-2-listas-posteo.json,77.0,No Acotada B1,0.0,9,true
consultas-3-listas-posteo.json,consultas-2-listas-posteo.json,77.0,No Acotada B2,0.0,9,true
consultas-3-listas-posteo.json,consultas-2-listas-posteo.json,77.0,SkipList,0.0,22,true
consultas-3-listas-posteo.json,consultas-2-listas-posteo.json,107.0,Binaria Acotada,0.0,14,true
consultas-3-listas-posteo.json,consultas-2-listas-posteo.json,107.0,Secuencial B0,0.0,272,true
consultas-3-listas-posteo.json,consultas-2-listas-posteo.json,107.0,No Acotada B1,0.0,17,true
consultas-3-listas-posteo.json,consultas-2-listas-posteo.json,107.0,No Acotada B2,0.0,17,true
consultas-3-listas-posteo.json,consultas-2-listas-posteo.json,107.0,SkipList,0.0,34,true
consultas-3-listas-posteo.json,consultas-2-listas-posteo.json,7.0,Binaria Acotada,0.0,9,true
consultas-3-listas-posteo.json,consultas-2-listas-posteo.json,7.0,Secuencial B0,0.0,16,true
consultas-3-listas-posteo.json,consultas-2-listas-posteo.json,7.0,No Acotada B1,0.0,8,true
consultas-3-listas-posteo.json,consultas-2-listas-posteo.json,7.0,No Acotada B2,0.0,8,true
consultas-3-listas-posteo.json,consultas-2-listas-posteo.json,7.0,SkipList,9.5367431640625e-7,18,true
consultas-3-listas-posteo.json,consultas-2-listas-posteo.json,217.0,Binaria Acotada,0.0,12,true
consultas-3-listas-posteo.json,consultas-2-listas-posteo.json,217.0,Secuencial B0,1.1920928955078125e-6,576,true
consultas-3-listas-posteo.json,consultas-2-listas-posteo.json,217.0,No Acotada B1,0.0,18,true
consultas-3-listas-posteo.json,consultas-2-listas-posteo.json,217.0,No Acotada B2,9.5367431640625e-7,18,true
consultas-3-listas-posteo.json,consultas-2-listas-posteo.json,217.0,SkipList,0.0,25,true
consultas-3-listas-posteo.json,consultas-2-listas-posteo.json,108.0,Binaria Acotada,0.0,8,true
consultas-3-listas-posteo.json,consultas-2-listas-posteo.json,108.0,Secuencial B0,0.0,273,true
consultas-3-listas-posteo.json,consultas-2-listas-posteo.json,108.0,No Acotada B1,0.0,15,true
consultas-3-listas-posteo.json,consultas-2-listas-posteo.json,108.0,No Acotada B2,0.0,15,true
consultas-3-listas-posteo.json,consultas-2-listas-posteo.json,108.0,SkipList,0.0,35,true
consultas-3-listas-posteo.json,consultas-2-listas-posteo.json,118.0,Binaria Acotada,0.0,12,true
consultas-3-listas-posteo.json,consultas-2-listas-posteo.json,118.0,Secuencial B0,0.0,294,true
consultas-3-listas-posteo.json,consultas-2-listas-posteo.json,118.0,No Acotada B1,0.0,14,true
consultas-3-listas-posteo.json,consultas-2-listas-posteo.json,118.0,No Acotada B2,0.0,14,true
consultas-3-listas-posteo.json,consultas-2-listas-posteo.json,118.0,SkipList,0.0,23,true
consultas-3-listas-posteo.json,consultas-2-listas-posteo.json,228.0,Binaria Acotada,0.0,14,false
consultas-3-listas-posteo.json,consultas-2-listas-posteo.json,228.0,Secuencial B0,0.0,594,false
consultas-3-listas-posteo.json,consultas-2-listas-posteo.json,228.0,No Acotada B1,9.5367431640625e-7,19,false
consultas-3-listas-posteo.json,consultas-2-listas-posteo.json,228.0,No Acotada B2,0.0,19,false
consultas-3-listas-posteo.json,consultas-2-listas-posteo.json,228.0,SkipList,1.1920928955078125e-6,20,false
consultas-3-listas-posteo.json,consultas-2-listas-posteo.json,42.0,Binaria Acotada,0.0,13,true
consultas-3-listas-posteo.json,consultas-2-listas-posteo.json,42.0,Secuencial B0,0.0,103,true
consultas-3-listas-posteo.json,consultas-2-listas-posteo.json,42.0,No Acotada B1,0.0,13,true
consultas-3-listas-posteo.json,consultas-2-listas-posteo.json,42.0,No Acotada B2,9.5367431640625e-7,13,true
consultas-3-listas-posteo.json,consultas-2-listas-posteo.json,42.0,SkipList,0.0,20,true
consultas-3-listas-posteo.json,consultas-2-listas-posteo.json,18.0,Binaria Acotada,9.5367431640625e-7,12,true
consultas-3-listas-posteo.json,consultas-2-listas-posteo.json,18.0,Secuencial B0,0.0,45,true
consultas-3-listas-posteo.json,consultas-2-listas-posteo.json,18.0,No Acotada B1,0.0,10,true
consultas-3-listas-posteo.json,consultas-2-listas-posteo.json,18.0,No Acotada B2,0.0,10,true
consultas-3-listas-posteo.json,consultas-2-listas-posteo.json,18.0,SkipList,0.0,20,true
consultas-3-listas-posteo.json,consultas-2-listas-posteo.json,124.0,Binaria Acotada,0.0,13,true
consultas-3-listas-posteo.json,consultas-2-listas-posteo.json,124.0,Secuencial B0,0.0,305,true
consultas-3-listas-posteo.json,consultas-2-listas-posteo.json,124.0,No Acotada B1,0.0,16,true
consultas-3-listas-posteo.json,consultas-2-listas-posteo.json,124.0,No Acotada B2,0.0,16,true
consultas-3-listas-posteo.json,consultas-2-listas-posteo.json,124.0,SkipList,9.5367431640625e-7,23,true
consultas-3-listas-posteo.json,consultas-2-listas-posteo.json,8.0,Binaria Acotada,0.0,12,true
consultas-3-listas-posteo.json,consultas-2-listas-posteo.json,8.0,Secuencial B0,0.0,21,true
consultas-3-listas-posteo.json,consultas-2-listas-posteo.json,8.0,No Acotada B1,0.0,8,true
consultas-3-listas-posteo.json,consultas-2-listas-posteo.json,8.0,No Acotada B2,0.0,8,true
consultas-3-listas-posteo.json,consultas-2-listas-posteo.json,8.0,SkipList,9.5367431640625e-7,16,true
consultas-3-listas-posteo.json,consultas-2-listas-posteo.json,88.0,Binaria Acotada,0.0,10,true
consultas-3-listas-posteo.json,consultas-2-listas-posteo.json,88.0,Secuencial B0,0.0,223,true
consultas-3-listas-posteo.json,consultas-2-listas-posteo.json,88.0,No Acotada B1,0.0,10,true
consultas-3-listas-posteo.json,consultas-2-listas-posteo.json,88.0,No Acotada B2,0.0,10,true
consultas-3-listas-posteo.json,consultas-2-listas-posteo.json,88.0,SkipList,9.5367431640625e-7,27,true
consultas-3-listas-posteo.json,consultas-2-listas-posteo.json,221.0,Binaria Acotada,0.0,14,false
consultas-3-listas-posteo.json,consultas-2-listas-posteo.json,221.0,Secuencial B0,9.5367431640625e-7,584,false
consultas-3-listas-posteo.json,consultas-2-listas-posteo.json,221.0,No Acotada B1,0.0,19,false
consultas-3-listas-posteo.json,consultas-2-listas-posteo.json,221.0,No Acotada B2,0.0,19,false
consultas-3-listas-posteo.json,consultas-2-listas-posteo.json,221.0,SkipList,0.0,19,false
consultas-3-listas-posteo.json,consultas-2-listas-posteo.json,122.0,Binaria Acotada,0.0,10,true
consultas-3-listas-posteo.json,consultas-2-listas-posteo.json,122.0,Secuencial B0,9.5367431640625e-7,301,true
consultas-3-listas-posteo.json,consultas-2-listas-posteo.json,122.0,No Acotada B1,0.0,16,true
consultas-3-listas-posteo.json,consultas-2-listas-posteo.json,122.0,No Acotada B2,0.0,16,true
consultas-3-listas-posteo.json,consultas-2-listas-posteo.json,122.0,SkipList,0.0,21,true
consultas-3-listas-posteo.json,consultas-2-listas-posteo.json,149.0,Binaria Acotada,0.0,9,true
consultas-3-listas-posteo.json,consultas-2-listas-posteo.json,149.0,Secuencial B0,0.0,370,true
consultas-3-listas-posteo.json,consultas-2-listas-posteo.json,149.0,No Acotada B1,0.0,15,true
consultas-3-listas-posteo.json,consultas-2-listas-posteo.json,149.0,No Acotada B2,0.0,15,true
consultas-3-listas-posteo.json,consultas-2-listas-posteo.json,149.0,SkipList,0.0,28,true
consultas-3-listas-posteo.json,consultas-2-listas-posteo.json,32.0,Binaria Acotada,0.0,12,true
consultas-3-listas-posteo.json,consultas-2-listas-posteo.json,32.0,Secuencial B0,0.0,79,true
consultas-3-listas-posteo.json,consultas-2-listas-posteo.json,32.0,No Acotada B1,0.0,9,true
consultas-3-listas-posteo.json,consultas-2-listas-posteo.json,32.0,No Acotada B2,0.0,9,true
consultas-3-listas-posteo.json,consultas-2-listas-posteo.json,32.0,SkipList,9.5367431640625e-7,19,true
consultas-3-listas-posteo.json,consultas-2-listas-posteo.json,64.0,Binaria Acotada,0.0,11,true
consultas-3-listas-posteo.json,consultas-2-listas-posteo.json,64.0,Secuencial B0,0.0,169,true
consultas-3-listas-posteo.json,consultas-2-listas-posteo.json,64.0,No Acotada B1,0.0,13,true
consultas-3-listas-posteo.json,consultas-2-listas-posteo.json,64.0,No Acotada B2,0.0,13,true
consultas-3-listas-posteo.json,consultas-2-listas-posteo.json,64.0,SkipList,0.0,19,true
consultas-3-listas-posteo.json,consultas-2-listas-posteo.json,227.0,Binaria Acotada,0.0,13,true
consultas-3-listas-posteo.json,consultas-2-listas-posteo.json,227.0,Secuencial B0,0.0,593,true
consultas-3-listas-posteo.json,consultas-2-listas-posteo.json,227.0,No Acotada B1,0.0,18,true
consultas-3-listas-posteo.json,consultas-2-listas-posteo.json,227.0,No Acotada B2,0.0,18,true
consultas-3-listas-posteo.json,consultas-2-listas-posteo.json,227.0,SkipList,9.5367431640625e-7,22,true
consultas-3-listas-posteo.json,consultas-2-listas-posteo.json,19.0,Binaria Acotada,0.0,10,true
consultas-3-listas-posteo.json,consultas-2-listas-posteo.json,19.0,Secuencial B0,0.0,47,true
consultas-3-listas-posteo.json,consultas-2-listas-posteo.json,19.0,No Acotada B1,0.0,7,true
consultas-3-listas-posteo.json,consultas-2-listas-posteo.json,19.0,No Acotada B2,0.0,7,true
consultas-3-listas-posteo.json,consultas-2-listas-posteo.json,19.0,SkipList,0.0,19,true
consultas-3-listas-posteo.json,consultas-2-listas-posteo.json,144.0,Binaria Acotada,0.0,11,true
consultas-3-listas-posteo.json,consultas-2-listas-posteo.json,144.0,Secuencial B0,9.5367431640625e-7,354,true
consultas-3-listas-posteo.json,consultas-2-listas-posteo.json,144.0,No Acotada B1,0.0,15,true
consultas-3-listas-posteo.json,consultas-2-listas-posteo.json,144.0,No Acotada B2,1.1920928955078125e-6,15,true
consultas-3-listas-posteo.json,consultas-2-listas-posteo.json,144.0,SkipList,0.0,27,true
consultas-3-listas-posteo.json,consultas-2-listas-posteo.json,56.0,Binaria Acotada,9.5367431640625e-7,9,true
consultas-3-listas-posteo.json,consultas-2-listas-posteo.json,56.0,Secuencial B0,0.0,136,true
consultas-3-listas-posteo.json,consultas-2-listas-posteo.json,56.0,No Acotada B1,0.0,14,true
consultas-3-listas-posteo.json,consultas-2-listas-posteo.json,56.0,No Acotada B2,0.0,14,true
consultas-3-listas-posteo.json,consultas-2-listas-posteo.json,56.0,SkipList,0.0,19,true
consultas-3-listas-posteo.json,consultas-2-listas-posteo.json,138.0,Binaria Acotada,0.0,11,true
consultas-3-listas-posteo.json,consultas-2-listas-posteo.json,138.0,Secuencial B0,0.0,336,true
consultas-3-listas-posteo.json,consultas-2-listas-posteo.json,138.0,No Acotada B1,0.0,15,true
consultas-3-listas-posteo.json,consultas-2-listas-posteo.json,138.0,No Acotada B2,0.0,15,true
consultas-3-listas-posteo.json,consultas-2-listas-posteo.json,138.0,SkipList,0.0,25,true
consultas-3-listas-posteo.json,consultas-2-listas-posteo.json,76.0,Binaria Acotada,0.0,11,true
consultas-3-listas-posteo.json,consultas-2-listas-posteo.json,76.0,Secuencial B0,0.0,189,true
consultas-3-listas-posteo.json,consultas-2-listas-posteo.json,76.0,No Acotada B1,9.5367431640625e-7,14,true
consultas-3-listas-posteo.json,consultas-2-listas-posteo.json,76.0,No Acotada B2,0.0,14,true
consultas-3-listas-posteo.json,consultas-2-listas-posteo.json,76.0,SkipList,0.0,21,true
consultas-3-listas-posteo.json,consultas-2-listas-posteo.json,212.0,Binaria Acotada,0.0,12,true
consultas-3-listas-posteo.json,consultas-2-listas-posteo.json,212.0,Secuencial B0,9.5367431640625e-7,567,true
consultas-3-listas-posteo.json,consultas-2-listas-posteo.json,212.0,No Acotada B1,0.0,16,true
consultas-3-listas-posteo.json,consultas-2-listas-posteo.json,212.0,No Acotada B2,1.1920928955078125e-6,16,true
consultas-3-listas-posteo.json,consultas-2-listas-posteo.json,212.0,SkipList,0.0,23,true
consultas-3-listas-posteo.json,consultas-2-listas-posteo.json,79.0,Binaria Acotada,0.0,11,true
consultas-3-listas-posteo.json,consultas-2-listas-posteo.json,79.0,Secuencial B0,0.0,197,true
consultas-3-listas-posteo.json,consultas-2-listas-posteo.json,79.0,No Acotada B1,0.0,12,true
consultas-3-listas-posteo.json,consultas-2-listas-posteo.json,79.0,No Acotada B2,0.0,12,true
consultas-3-listas-posteo.json,consultas-2-listas-posteo.json,79.0,SkipList,0.0,23,true
consultas-3-listas-posteo.json,consultas-2-listas-posteo.json,226.0,Binaria Acotada,0.0,11,true
consultas-3-listas-posteo.json,consultas-2-listas-posteo.json,226.0,Secuencial B0,9.5367431640625e-7,590,true
consultas-3-listas-posteo.json,consultas-2-listas-posteo.json,226.0,No Acotada B1,0.0,15,true
consultas-3-listas-posteo.json,consultas-2-listas-posteo.json,226.0,No Acotada B2,0.0,15,true
consultas-3-listas-posteo.json,consultas-2-listas-posteo.json,226.0,SkipList,0.0,22,true
consultas-3-listas-posteo.json,consultas-2-listas-posteo.json,56.0,Binaria Acotada,0.0,9,true
consultas-3-listas-posteo.json,consultas-2-listas-posteo.json,56.0,Secuencial B0,0.0,136,true
consultas-3-listas-posteo.json,consultas-2-listas-posteo.json,56.0,No Acotada B1,0.0,14,true
consultas-3-listas-posteo.json,consultas-2-listas-posteo.json,56.0,No Acotada B2,0.0,14,true
consultas-3-listas-posteo.json,consultas-2-listas-posteo.json,56.0,SkipList,0.0,19,true
consultas-3-listas-posteo.json,consultas-2-listas-posteo.json,47.0,Binaria Acotada,0.0,13,true
consultas-3-listas-posteo.json,consultas-2-listas-posteo.json,47.0,Secuencial B0,0.0,115,true
consultas-3-listas-posteo.json,consultas-2-listas-posteo.json,47.0,No Acotada B1,9.5367431640625e-7,11,true
consultas-3-listas-posteo.json,consultas-2-listas-posteo.json,47.0,No Acotada B2,0.0,11,true
consultas-3-listas-posteo.json,consultas-2-listas-posteo.json,47.0,SkipList,1.1920928955078125e-6,18,true
consultas-3-listas-posteo.json,consultas-2-listas-posteo.json,32.0,Binaria Acotada,0.0,12,true
consultas-3-listas-posteo.json,consultas-2-listas-posteo.json,32.0,Secuencial B0,0.0,79,true
consultas-3-listas-posteo.json,consultas-2-listas-posteo.json,32.0,No Acotada B1,0.0,9,true
consultas-3-listas-posteo.json,consultas-2-listas-posteo.json,32.0,No Acotada B2,0.0,9,true
consultas-3-listas-posteo.json,consultas-2-listas-posteo.json,32.0,SkipList,9.5367431640625e-7,19,true
consultas-3-listas-posteo.json,consultas-2-listas-posteo.json,199.0,Binaria Acotada,0.0,9,true
consultas-3-listas-posteo.json,consultas-2-listas-posteo.json,199.0,Secuencial B0,9.5367431640625e-7,521,true
consultas-3-listas-posteo.json,consultas-2-listas-posteo.json,199.0,No Acotada B1,0.0,17,true
consultas-3-listas-posteo.json,consultas-2-listas-posteo.json,199.0,No Acotada B2,0.0,17,true
consultas-3-listas-posteo.json,consultas-2-listas-posteo.json,199.0,SkipList,0.0,29,true
consultas-3-listas-posteo.json,consultas-2-listas-posteo.json,130.0,Binaria Acotada,0.0,11,true
consultas-3-listas-posteo.json,consultas-2-listas-posteo.json,130.0,Secuencial B0,0.0,314,true
consultas-3-listas-posteo.json,consultas-2-listas-posteo.json,130.0,No Acotada B1,0.0,15,true
consultas-3-listas-posteo.json,consultas-2-listas-posteo.json,130.0,No Acotada B2,0.0,15,true
consultas-3-listas-posteo.json,consultas-2-listas-posteo.json,130.0,SkipList,0.0,24,true
consultas-3-listas-posteo.json,consultas-2-listas-posteo.json,95.0,Binaria Acotada,0.0,7,true
consultas-3-listas-posteo.json,consultas-2-listas-posteo.json,95.0,Secuencial B0,0.0,234,true
consultas-3-listas-posteo.json,consultas-2-listas-posteo.json,95.0,No Acotada B1,0.0,14,true
consultas-3-listas-posteo.json,consultas-2-listas-posteo.json,95.0,No Acotada B2,9.5367431640625e-7,14,true
consultas-3-listas-posteo.json,consultas-2-listas-posteo.json,95.0,SkipList,0.0,26,true
consultas-3-listas-posteo.json,consultas-2-listas-posteo.json,26.0,Binaria Acotada,0.0,11,true
consultas-3-listas-posteo.json,consultas-2-listas-posteo.json,26.0,Secuencial B0,0.0,60,true
consultas-3-listas-posteo.json,consultas-2-listas-posteo.json,26.0,No Acotada B1,0.0,9,true
consultas-3-listas-posteo.json,consultas-2-listas-posteo.json,26.0,No Acotada B2,0.0,9,true
consultas-3-listas-posteo.json,consultas-2-listas-posteo.json,26.0,SkipList,0.0,21,true
consultas-3-listas-posteo.json,consultas-2-listas-posteo.json,182.0,Binaria Acotada,0.0,11,true
consultas-3-listas-posteo.json,consultas-2-listas-posteo.json,182.0,Secuencial B0,9.5367431640625e-7,471,true
consultas-3-listas-posteo.json,consultas-2-listas-posteo.json,182.0,No Acotada B1,0.0,14,true
consultas-3-listas-posteo.json,consultas-2-listas-posteo.json,182.0,No Acotada B2,0.0,14,true
consultas-3-listas-posteo.json,consultas-2-listas-posteo.json,182.0,SkipList,0.0,28,true
consultas-3-listas-posteo.json,consultas-2-listas-posteo.json,151.0,Binaria Acotada,0.0,10,true
consultas-3-listas-posteo.json,consultas-2-listas-posteo.json,151.0,Secuencial B0,0.0,376,true
consultas-3-listas-posteo.json,consultas-2-listas-posteo.json,151.0,No Acotada B1,0.0,15,true
consultas-3-listas-posteo.json,consultas-2-listas-posteo.json,151.0,No Acotada B2,0.0,15,true
consultas-3-listas-posteo.json,consultas-2-listas-posteo.json,151.0,SkipList,9.5367431640625e-7,26,true
consultas-3-listas-posteo.json,consultas-2-listas-posteo.json,5.0,Binaria Acotada,9.5367431640625e-7,12,true
consultas-3-listas-posteo.json,consultas-2-listas-posteo.json,5.0,Secuencial B0,0.0,10,true
consultas-3-listas-posteo.json,consultas-2-listas-posteo.json,5.0,No Acotada B1,0.0,5,true
consultas-3-listas-posteo.json,consultas-2-listas-posteo.json,5.0,No Acotada B2,0.0,5,true
consultas-3-listas-posteo.json,consultas-2-listas-posteo.json,5.0,SkipList,0.0,16,true
consultas-3-listas-posteo.json,consultas-2-listas-posteo.json,69.0,Binaria Acotada,0.0,14,true
consultas-3-listas-posteo.json,consultas-2-listas-posteo.json,69.0,Secuencial B0,0.0,179,true
consultas-3-listas-posteo.json,consultas-2-listas-posteo.json,69.0,No Acotada B1,1.1920928955078125e-6,13,true
consultas-3-listas-posteo.json,consultas-2-listas-posteo.json,69.0,No Acotada B2,0.0,13,true
consultas-3-listas-posteo.json,consultas-2-listas-posteo.json,69.0,SkipList,9.5367431640625e-7,21,true
consultas-3-listas-posteo.json,consultas-2-listas-posteo.json,28.0,Binaria Acotada,0.0,10,true
consultas-3-listas-posteo.json,consultas-2-listas-posteo.json,28.0,Secuencial B0,9.5367431640625e-7,67,true
consultas-3-listas-posteo.json,consultas-2-listas-posteo.json,28.0,No Acotada B1,0.0,11,true
consultas-3-listas-posteo.json,consultas-2-listas-posteo.json,28.0,No Acotada B2,0.0,11,true
consultas-3-listas-posteo.json,consultas-2-listas-posteo.json,28.0,SkipList,0.0,18,true
consultas-3-listas-posteo.json,consultas-2-listas-posteo.json,215.0,Binaria Acotada,0.0,12,true
consultas-3-listas-posteo.json,consultas-2-listas-posteo.json,215.0,Secuencial B0,0.0,571,true
consultas-3-listas-posteo.json,consultas-2-listas-posteo.json,215.0,No Acotada B1,0.0,17,true
consultas-3-listas-posteo.json,consultas-2-listas-posteo.json,215.0,No Acotada B2,0.0,17,true
consultas-3-listas-posteo.json,consultas-2-listas-posteo.json,215.0,SkipList,0.0,26,true
consultas-3-listas-posteo.json,consultas-2-listas-posteo.json,103.0,Binaria Acotada,0.0,11,true
consultas-3-listas-posteo.json,consultas-2-listas-posteo.json,103.0,Secuencial B0,0.0,258,true
consultas-3-listas-posteo.json,consultas-2-listas-posteo.json,103.0,No Acotada B1,0.0,17,true
consultas-3-listas-posteo.json,consultas-2-listas-posteo.json,103.0,No Acotada B2,0.0,17,true
consultas-3-listas-posteo.json,consultas-2-listas-posteo.json,103.0,SkipList,0.0,31,true
consultas-3-listas-posteo.json,consultas-2-listas-posteo.json,236.0,Binaria Acotada,9.5367431640625e-7,12,true
consultas-3-listas-posteo.json,consultas-2-listas-posteo.json,236.0,Secuencial B0,0.0,607,true
consultas-3-listas-posteo.json,consultas-2-listas-posteo.json,236.0,No Acotada B1,0.0,14,true
consultas-3-listas-posteo.json,consultas-2-listas-posteo.json,236.0,No Acotada B2,0.0,14,true
consultas-3-listas-posteo.json,consultas-2-listas-posteo.json,236.0,SkipList,9.5367431640625e-7,26,true
consultas-3-listas-posteo.json,consultas-2-listas-posteo.json,125.0,Binaria Acotada,0.0,11,true
consultas-3-listas-posteo.json,consultas-2-listas-posteo.json,125.0,Secuencial B0,9.5367431640625e-7,306,true
consultas-3-listas-posteo.json,consultas-2-listas-posteo.json,125.0,No Acotada B1,0.0,15,true
consultas-3-listas-posteo.json,consultas-2-listas-posteo.json,125.0,No Acotada B2,0.0,15,true
consultas-3-listas-posteo.json,consultas-2-listas-posteo.json,125.0,SkipList,0.0,24,true
consultas-3-listas-posteo.json,consultas-2-listas-posteo.json,93.0,Binaria Acotada,0.0,14,true
consultas-3-listas-posteo.json,consultas-2-listas-posteo.json,93.0,Secuencial B0,0.0,233,true
consultas-3-listas-posteo.json,consultas-2-listas-posteo.json,93.0,No Acotada B1,0.0,15,true
consultas-3-listas-posteo.json,consultas-2-listas-posteo.json,93.0,No Acotada B2,0.0,15,true
consultas-3-listas-posteo.json,consultas-2-listas-posteo.json,93.0,SkipList,0.0,25,true
consultas-3-listas-posteo.json,consultas-2-listas-posteo.json,66.0,Binaria Acotada,0.0,13,false
consultas-3-listas-posteo.json,consultas-2-listas-posteo.json,66.0,Secuencial B0,0.0,173,false
consultas-3-listas-posteo.json,consultas-2-listas-posteo.json,66.0,No Acotada B1,0.0,15,false
consultas-3-listas-posteo.json,consultas-2-listas-posteo.json,66.0,No Acotada B2,0.0,15,false
consultas-3-listas-posteo.json,consultas-2-listas-posteo.json,66.0,SkipList,0.0,19,false
consultas-3-listas-posteo.json,consultas-2-listas-posteo.json,41.0,Binaria Acotada,0.0,11,true
consultas-3-listas-posteo.json,consultas-2-listas-posteo.json,41.0,Secuencial B0,0.0,99,true
consultas-3-listas-posteo.json,consultas-2-listas-posteo.json,41.0,No Acotada B1,0.0,11,true
consultas-3-listas-posteo.json,consultas-2-listas-posteo.json,41.0,No Acotada B2,1.1920928955078125e-6,11,true
consultas-3-listas-posteo.json,consultas-2-listas-posteo.json,41.0,SkipList,0.0,21,true
consultas-3-listas-posteo.json,consultas-2-listas-posteo.json,52.0,Binaria Acotada,0.0,13,true
consultas-3-listas-posteo.json,consultas-2-listas-posteo.json,52.0,Secuencial B0,0.0,124,true
consultas-3-listas-posteo.json,consultas-2-listas-posteo.json,52.0,No Acotada B1,9.5367431640625e-7,11,true
consultas-3-listas-posteo.json,consultas-2-listas-posteo.json,52.0,No Acotada B2,0.0,11,true
consultas-3-listas-posteo.json,consultas-2-listas-posteo.json,52.0,SkipList,9.5367431640625e-7,20,true
consultas-3-listas-posteo.json,consultas-2-listas-posteo.json,192.0,Binaria Acotada,0.0,13,true
consultas-3-listas-posteo.json,consultas-2-listas-posteo.json,192.0,Secuencial B0,9.5367431640625e-7,495,true
consultas-3-listas-posteo.json,consultas-2-listas-posteo.json,192.0,No Acotada B1,0.0,13,true
consultas-3-listas-posteo.json,consultas-2-listas-posteo.json,192.0,No Acotada B2,9.5367431640625e-7,13,true
consultas-3-listas-posteo.json,consultas-2-listas-posteo.json,192.0,SkipList,0.0,23,true
consultas-3-listas-posteo.json,consultas-2-listas-posteo.json,186.0,Binaria Acotada,1.1920928955078125e-6,13,true
consultas-3-listas-posteo.json,consultas-2-listas-posteo.json,186.0,Secuencial B0,0.0,483,true
consultas-3-listas-posteo.json,consultas-2-listas-posteo.json,186.0,No Acotada B1,0.0,17,true
consultas-3-listas-posteo.json,consultas-2-listas-posteo.json,186.0,No Acotada B2,0.0,17,true
consultas-3-listas-posteo.json,consultas-2-listas-posteo.json,186.0,SkipList,9.5367431640625e-7,22,true
consultas-3-listas-posteo.json,consultas-2-listas-posteo.json,98.0,Binaria Acotada,0.0,12,true
consultas-3-listas-posteo.json,consultas-2-listas-posteo.json,98.0,Secuencial B0,9.5367431640625e-7,245,true
consultas-3-listas-posteo.json,consultas-2-listas-posteo.json,98.0,No Acotada B1,0.0,14,true
consultas-3-listas-posteo.json,consultas-2-listas-posteo.json,98.0,No Acotada B2,0.0,14,true
consultas-3-listas-posteo.json,consultas-2-listas-posteo.json,98.0,SkipList,0.0,28,true
consultas-3-listas-posteo.json,consultas-2-listas-posteo.json,65.0,Binaria Acotada,1.1920928955078125e-6,13,false
consultas-3-listas-posteo.json,consultas-2-listas-posteo.json,65.0,Secuencial B0,0.0,173,false
consultas-3-listas-posteo.json,consultas-2-listas-posteo.json,65.0,No Acotada B1,0.0,15,false
consultas-3-listas-posteo.json,consultas-2-listas-posteo.json,65.0,No Acotada B2,0.0,15,false
consultas-3-listas-posteo.json,consultas-2-listas-posteo.json,65.0,SkipList,0.0,19,false
consultas-3-listas-posteo.json,consultas-2-listas-posteo.json,129.0,Binaria Acotada,0.0,13,false
consultas-3-listas-posteo.json,consultas-2-listas-posteo.json,129.0,Secuencial B0,0.0,314,false
consultas-3-listas-posteo.json,consultas-2-listas-posteo.json,129.0,No Acotada B1,0.0,17,false
consultas-3-listas-posteo.json,consultas-2-listas-posteo.json,129.0,No Acotada B2,0.0,17,false
consultas-3-listas-posteo.json,consultas-2-listas-posteo.json,129.0,SkipList,9.5367431640625e-7,24,false
consultas-3-listas-posteo.json,consultas-2-listas-posteo.json,79.0,Binaria Acotada,0.0,11,true
consultas-3-listas-posteo.json,consultas-2-listas-posteo.json,79.0,Secuencial B0,0.0,197,true
consultas-3-listas-posteo.json,consultas-2-listas-posteo.json,79.0,No Acotada B1,0.0,12,true
consultas-3-listas-posteo.json,consultas-2-listas-posteo.json,79.0,No Acotada B2,9.5367431640625e-7,12,true
consultas-3-listas-posteo.json,consultas-2-listas-posteo.json,79.0,SkipList,0.0,23,true
consultas-3-listas-posteo.json,consultas-2-listas-posteo.json,88.0,Binaria Acotada,0.0,10,true
consultas-3-listas-posteo.json,consultas-2-listas-posteo.json,88.0,Secuencial B0,0.0,223,true
consultas-3-listas-posteo.json,consultas-2-listas-posteo.json,88.0,No Acotada B1,0.0,10,true
consultas-3-listas-posteo.json,consultas-2-listas-posteo.json,88.0,No Acotada B2,0.0,10,true
consultas-3-listas-posteo.json,consultas-2-listas-posteo.json,88.0,SkipList,0.0,27,true
consultas-3-listas-posteo.json,consultas-2-listas-posteo.json,163.0,Binaria Acotada,0.0,9,true
consultas-3-listas-posteo.json,consultas-2-listas-posteo.json,163.0,Secuencial B0,0.0,409,true
consultas-3-listas-posteo.json,consultas-2-listas-posteo.json,163.0,No Acotada B1,0.0,16,true
consultas-3-listas-posteo.json,consultas-2-listas-posteo.json,163.0,No Acotada B2,9.5367431640625e-7,16,true
consultas-3-listas-posteo.json,consultas-2-listas-posteo.json,163.0,SkipList,0.0,26,true
consultas-3-listas-posteo.json,consultas-2-listas-posteo.json,124.0,Binaria Acotada,9.5367431640625e-7,13,true
consultas-3-listas-posteo.json,consultas-2-listas-posteo.json,124.0,Secuencial B0,0.0,305,true
consultas-3-listas-posteo.json,consultas-2-listas-posteo.json,124.0,No Acotada B1,9.5367431640625e-7,16,true
consultas-3-listas-posteo.json,consultas-2-listas-posteo.json,124.0,No Acotada B2,0.0,16,true
consultas-3-listas-posteo.json,consultas-2-listas-posteo.json,124.0,SkipList,0.0,23,true
consultas-3-listas-posteo.json,consultas-2-listas-posteo.json,216.0,Binaria Acotada,0.0,10,true
consultas-3-listas-posteo.json,consultas-2-listas-posteo.json,216.0,Secuencial B0,1.1920928955078125e-6,573,true
consultas-3-listas-posteo.json,consultas-2-listas-posteo.json,216.0,No Acotada B1,0.0,13,true
consultas-3-listas-posteo.json,consultas-2-listas-posteo.json,216.0,No Acotada B2,0.0,13,true
consultas-3-listas-posteo.json,consultas-2-listas-posteo.json,216.0,SkipList,0.0,27,true
consultas-3-listas-posteo.json,consultas-2-listas-posteo.json,49.0,Binaria Acotada,0.0,13,true
consultas-3-listas-posteo.json,consultas-2-listas-posteo.json,49.0,Secuencial B0,0.0,120,true
consultas-3-listas-posteo.json,consultas-2-listas-posteo.json,49.0,No Acotada B1,0.0,10,true
consultas-3-listas-posteo.json,consultas-2-listas-posteo.json,49.0,No Acotada B2,0.0,10,true
consultas-3-listas-posteo.json,consultas-2-listas-posteo.json,49.0,SkipList,0.0,20,true
consultas-3-listas-posteo.json,consultas-2-listas-posteo.json,114.0,Binaria Acotada,0.0,12,true
consultas-3-listas-posteo.json,consultas-2-listas-posteo.json,114.0,Secuencial B0,0.0,288,true
consultas-3-listas-posteo.json,consultas-2-listas-posteo.json,114.0,No Acotada B1,0.0,16,true
consultas-3-listas-posteo.json,consultas-2-listas-posteo.json,114.0,No Acotada B2,0.0,16,true
consultas-3-listas-posteo.json,consultas-2-listas-posteo.json,114.0,SkipList,9.5367431640625e-7,24,true
consultas-3-listas-posteo.json,consultas-2-listas-posteo.json,21.0,Binaria Acotada,0.0,11,true
consultas-3-listas-posteo.json,consultas-2-listas-posteo.json,21.0,Secuencial B0,9.5367431640625e-7,53,true
consultas-3-listas-posteo.json,consultas-2-listas-posteo.json,21.0,No Acotada B1,0.0,10,true
consultas-3-listas-posteo.json,consultas-2-listas-posteo.json,21.0,No Acotada B2,0.0,10,true
consultas-3-listas-posteo.json,consultas-2-listas-posteo.json,21.0,SkipList,0.0,17,true
consultas-3-listas-posteo.json,consultas-2-listas-posteo.json,235.0,Binaria Acotada,0.0,9,true
consultas-3-listas-posteo.json,consultas-2-listas-posteo.json,235.0,Secuencial B0,0.0,604,true
consultas-3-listas-posteo.json,consultas-2-listas-posteo.json,235.0,No Acotada B1,9.5367431640625e-7,18,true
consultas-3-listas-posteo.json,consultas-2-listas-posteo.json,235.0,No Acotada B2,0.0,18,true
consultas-3-listas-posteo.json,consultas-2-listas-posteo.json,235.0,SkipList,0.0,25,true
consultas-3-listas-posteo.json,consultas-2-listas-posteo.json,209.0,Binaria Acotada,0.0,12,true
consultas-3-listas-posteo.json,consultas-2-listas-posteo.json,209.0,Secuencial B0,9.5367431640625e-7,561,true
consultas-3-listas-posteo.json,consultas-2-listas-posteo.json,209.0,No Acotada B1,0.0,17,true
consultas-3-listas-posteo.json,consultas-2-listas-posteo.json,209.0,No Acotada B2,0.0,17,true
consultas-3-listas-posteo.json,consultas-2-listas-posteo.json,209.0,SkipList,0.0,25,true
consultas-3-listas-posteo.json,consultas-2-listas-posteo.json,40.0,Binaria Acotada,0.0,9,true
consultas-3-listas-posteo.json,consultas-2-listas-posteo.json,40.0,Secuencial B0,0.0,97,true
consultas-3-listas-posteo.json,consultas-2-listas-posteo.json,40.0,No Acotada B1,0.0,12,true
consultas-3-listas-posteo.json,consultas-2-listas-posteo.json,40.0,No Acotada B2,0.0,12,true
consultas-3-listas-posteo.json,consultas-2-listas-posteo.json,40.0,SkipList,1.1920928955078125e-6,20,true
consultas-3-listas-posteo.json,consultas-2-listas-posteo.json,185.0,Binaria Acotada,0.0,11,true
consultas-3-listas-posteo.json,consultas-2-listas-posteo.json,185.0,Secuencial B0,9.5367431640625e-7,479,true
consultas-3-listas-posteo.json,consultas-2-listas-posteo.json,185.0,No Acotada B1,0.0,12,true
consultas-3-listas-posteo.json,consultas-2-listas-posteo.json,185.0,No Acotada B2,0.0,12,true
consultas-3-listas-posteo.json,consultas-2-listas-posteo.json,185.0,SkipList,0.0,21,true
consultas-3-listas-posteo.json,consultas-2-listas-posteo.json,110.0,Binaria Acotada,0.0,12,true
consultas-3-listas-posteo.json,consultas-2-listas-posteo.json,110.0,Secuencial B0,0.0,278,true
consultas-3-listas-posteo.json,consultas-2-listas-posteo.json,110.0,No Acotada B1,0.0,14,true
consultas-3-listas-posteo.json,consultas-2-listas-posteo.json,110.0,No Acotada B2,0.0,14,true
consultas-3-listas-posteo.json,consultas-2-listas-posteo.json,110.0,SkipList,1.1920928955078125e-6,20,true
consultas-3-listas-posteo.json,consultas-2-listas-posteo.json,141.0,Binaria Acotada,0.0,11,true
consultas-3-listas-posteo.json,consultas-2-listas-posteo.json,141.0,Secuencial B0,9.5367431640625e-7,344,true
consultas-3-listas-posteo.json,consultas-2-listas-posteo.json,141.0,No Acotada B1,0.0,15,true
consultas-3-listas-posteo.json,consultas-2-listas-posteo.json,141.0,No Acotada B2,9.5367431640625e-7,15,true
consultas-3-listas-posteo.json,consultas-2-listas-posteo.json,141.0,SkipList,0.0,24,true
consultas-3-listas-posteo.json,consultas-2-listas-posteo.json,208.0,Binaria Acotada,9.5367431640625e-7,11,true
consultas-3-listas-posteo.json,consultas-2-listas-posteo.json,208.0,Secuencial B0,0.0,557,true
consultas-3-listas-posteo.json,consultas-2-listas-posteo.json,208.0,No Acotada B1,0.0,15,true
consultas-3-listas-posteo.json,consultas-2-listas-posteo.json,208.0,No Acotada B2,0.0,15,true
consultas-3-listas-posteo.json,consultas-2-listas-posteo.json,208.0,SkipList,0.0,24,true
consultas-3-listas-posteo.json,consultas-2-listas-posteo.json,21.0,Binaria Acotada,0.0,11,true
consultas-3-listas-posteo.json,consultas-2-listas-posteo.json,21.0,Secuencial B0,0.0,53,true
consultas-3-listas-posteo.json,consultas-2-listas-posteo.json,21.0,No Acotada B1,0.0,10,true
consultas-3-listas-posteo.json,consultas-2-listas-posteo.json,21.0,No Acotada B2,0.0,10,true
consultas-3-listas-posteo.json,consultas-2-listas-posteo.json,21.0,SkipList,0.0,17,true
consultas-3-listas-posteo.json,consultas-2-listas-posteo.json,80.0,Binaria Acotada,0.0,10,true
consultas-3-listas-posteo.json,consultas-2-listas-posteo.json,80.0,Secuencial B0,0.0,202,true
consultas-3-listas-posteo.json,consultas-2-listas-posteo.json,80.0,No Acotada B1,0.0,11,true
consultas-3-listas-posteo.json,consultas-2-listas-posteo.json,80.0,No Acotada B2,0.0,11,true
consultas-3-listas-posteo.json,consultas-2-listas-posteo.json,80.0,SkipList,0.0,24,true
consultas-3-listas-posteo.json,consultas-2-listas-posteo.json,65.0,Binaria Acotada,0.0,13,false
consultas-3-listas-posteo.json,consultas-2-listas-posteo.json,65.0,Secuencial B0,9.5367431640625e-7,173,false
consultas-3-listas-posteo.json,consultas-2-listas-posteo.json,65.0,No Acotada B1,0.0,15,false
consultas-3-listas-posteo.json,consultas-2-listas-posteo.json,65.0,No Acotada B2,0.0,15,false
consultas-3-listas-posteo.json,consultas-2-listas-posteo.json,65.0,SkipList,0.0,19,false
consultas-3-listas-posteo.json,consultas-2-listas-posteo.json,89.0,Binaria Acotada,0.0,12,true
consultas-3-listas-posteo.json,consultas-2-listas-posteo.json,89.0,Secuencial B0,0.0,225,true
consultas-3-listas-posteo.json,consultas-2-listas-posteo.json,89.0,No Acotada B1,0.0,14,true
consultas-3-listas-posteo.json,consultas-2-listas-posteo.json,89.0,No Acotada B2,9.5367431640625e-7,14,true
consultas-3-listas-posteo.json,consultas-2-listas-posteo.json,89.0,SkipList,0.0,28,true
consultas-3-listas-posteo.json,consultas-2-listas-posteo.json,79.0,Binaria Acotada,0.0,11,true
consultas-3-listas-posteo.json,consultas-2-listas-posteo.json,79.0,Secuencial B0,0.0,197,true
consultas-3-listas-posteo.json,consultas-2-listas-posteo.json,79.0,No Acotada B1,0.0,12,true
consultas-3-listas-posteo.json,consultas-2-listas-posteo.json,79.0,No Acotada B2,0.0,12,true
consultas-3-listas-posteo.json,consultas-2-listas-posteo.json,79.0,SkipList,9.5367431640625e-7,23,true
consultas-3-listas-posteo.json,consultas-4-listas-posteo.json,39835.0,Binaria Acotada,9.5367431640625e-7,14,false
consultas-3-listas-posteo.json,consultas-4-listas-posteo.json,39835.0,Secuencial B0,6.9141387939453125e-6,10000,false
consultas-3-listas-posteo.json,consultas-4-listas-posteo.json,39835.0,No Acotada B1,0.0,25,false
consultas-3-listas-posteo.json,consultas-4-listas-posteo.json,39835.0,No Acotada B2,0.0,25,false
consultas-3-listas-posteo.json,consultas-4-listas-posteo.json,39835.0,SkipList,9.5367431640625e-7,28,false
consultas-3-listas-posteo.json,consultas-4-listas-posteo.json,37103.0,Binaria Acotada,0.0,14,false
consultas-3-listas-posteo.json,consultas-4-listas-posteo.json,37103.0,Secuencial B0,6.9141387939453125e-6,10000,false
consultas-3-listas-posteo.json,consultas-4-listas-posteo.json,37103.0,No Acotada B1,0.0,25,false
consultas-3-listas-posteo.json,consultas-4-listas-posteo.json,37103.0,No Acotada B2,0.0,25,false
consultas-3-listas-posteo.json,consultas-4-listas-posteo.json,37103.0,SkipList,1.1920928955078125e-6,28,false
consultas-3-listas-posteo.json,consultas-4-listas-posteo.json,20584.0,Binaria Acotada,0.0,14,false
consultas-3-listas-posteo.json,consultas-4-listas-posteo.json,20584.0,Secuencial B0,6.9141387939453125e-6,10000,false
consultas-3-listas-posteo.json,consultas-4-listas-posteo.json,20584.0,No Acotada B1,0.0,25,false
consultas-3-listas-posteo.json,consultas-4-listas-posteo.json,20584.0,No Acotada B2,9.5367431640625e-7,25,false
consultas-3-listas-posteo.json,consultas-4-listas-posteo.json,20584.0,SkipList,0.0,28,false
consultas-3-listas-posteo.json,consultas-4-listas-posteo.json,11036.0,Binaria Acotada,0.0,14,false
consultas-3-listas-posteo.json,consultas-4-listas-posteo.json,11036.0,Secuencial B0,7.152557373046875e-6,10000,false
consultas-3-listas-posteo.json,consultas-4-listas-posteo.json,11036.0,No Acotada B1,0.0,25,false
consultas-3-listas-posteo.json,consultas-4-listas-posteo.json,11036.0,No Acotada B2,0.0,25,false
consultas-3-listas-posteo.json,consultas-4-listas-posteo.json,11036.0,SkipList,9.5367431640625e-7,28,false
consultas-3-listas-posteo.json,consultas-4-listas-posteo.json,3086.0,Binaria Acotada,0.0,11,true
consultas-3-listas-posteo.json,consultas-4-listas-posteo.json,3086.0,Secuencial B0,5.0067901611328125e-6,8116,true
consultas-3-listas-posteo.json,consultas-4-listas-posteo.json,3086.0,No Acotada B1,0.0,22,true
consultas-3-listas-posteo.json,consultas-4-listas-posteo.json,3086.0,No Acotada B2,0.0,22,true
consultas-3-listas-posteo.json,consultas-4-listas-posteo.json,3086.0,SkipList,1.1920928955078125e-6,31,true
consultas-3-listas-posteo.json,consultas-4-listas-posteo.json,26699.0,Binaria Acotada,0.0,14,false
consultas-3-listas-posteo.json,consultas-4-listas-posteo.json,26699.0,Secuencial B0,6.9141387939453125e-6,10000,false
consultas-3-listas-posteo.json,consultas-4-listas-posteo.json,26699.0,No Acotada B1,9.5367431640625e-7,25,false
consultas-3-listas-posteo.json,consultas-4-listas-posteo.json,26699.0,No Acotada B2,0.0,25,false
consultas-3-listas-posteo.json,consultas-4-listas-posteo.json,26699.0,SkipList,9.5367431640625e-7,28,false
consultas-3-listas-posteo.json,consultas-4-listas-posteo.json,9561.0,Binaria Acotada,0.0,14,false
consultas-3-listas-posteo.json,consultas-4-listas-posteo.json,9561.0,Secuencial B0,7.152557373046875e-6,10000,false
consultas-3-listas-posteo.json,consultas-4-listas-posteo.json,9561.0,No Acotada B1,0.0,25,false
consultas-3-listas-posteo.json,consultas-4-listas-posteo.json,9561.0,No Acotada B2,0.0,25,false
consultas-3-listas-posteo.json,consultas-4-listas-posteo.json,9561.0,SkipList,0.0,28,false
consultas-3-listas-posteo.json,consultas-4-listas-posteo.json,36445.0,Binaria Acotada,0.0,14,false
consultas-3-listas-posteo.json,consultas-4-listas-posteo.json,36445.0,Secuencial B0,5.0067901611328125e-6,10000,false
consultas-3-listas-posteo.json,consultas-4-listas-posteo.json,36445.0,No Acotada B1,0.0,25,false
consultas-3-listas-posteo.json,consultas-4-listas-posteo.json,36445.0,No Acotada B2,0.0,25,false
consultas-3-listas-posteo.json,consultas-4-listas-posteo.json,36445.0,SkipList,0.0,28,false
consultas-3-listas-posteo.json,consultas-4-listas-posteo.json,2853.0,Binaria Acotada,0.0,12,true
consultas-3-listas-posteo.json,consultas-4-listas-posteo.json,2853.0,Secuencial B0,5.0067901611328125e-6,7510,true
consultas-3-listas-posteo.json,consultas-4-listas-posteo.json,2853.0,No Acotada B1,0.0,22,true
consultas-3-listas-posteo.json,consultas-4-listas-posteo.json,2853.0,No Acotada B2,0.0,22,true
consultas-3-listas-posteo.json,consultas-4-listas-posteo.json,2853.0,SkipList,0.0,26,true
consultas-3-listas-posteo.json,consultas-4-listas-posteo.json,27873.0,Binaria Acotada,0.0,14,false
consultas-3-listas-posteo.json,consultas-4-listas-posteo.json,27873.0,Secuencial B0,6.9141387939453125e-6,10000,false
consultas-3-listas-posteo.json,consultas-4-listas-posteo.json,27873.0,No Acotada B1,0.0,25,false
consultas-3-listas-posteo.json,consultas-4-listas-posteo.json,27873.0,No Acotada B2,0.0,25,false
consultas-3-listas-posteo.json,consultas-4-listas-posteo.json,27873.0,SkipList,0.0,28,false
consultas-3-listas-posteo.json,consultas-4-listas-posteo.json,2216.0,Binaria Acotada,0.0,12,true
consultas-3-listas-posteo.json,consultas-4-listas-posteo.json,2216.0,Secuencial B0,3.814697265625e-6,5831,true
consultas-3-listas-posteo.json,consultas-4-listas-posteo.json,2216.0,No Acotada B1,0.0,22,true
consultas-3-listas-posteo.json,consultas-4-listas-posteo.json,2216.0,No Acotada B2,0.0,22,true
consultas-3-listas-posteo.json,consultas-4-listas-posteo.json,2216.0,SkipList,9.5367431640625e-7,26,true
consultas-3-listas-posteo.json,consultas-4-listas-posteo.json,1500.0,Binaria Acotada,0.0,13,true
consultas-3-listas-posteo.json,consultas-4-listas-posteo.json,1500.0,Secuencial B0,1.9073486328125e-6,3967,true
consultas-3-listas-posteo.json,consultas-4-listas-posteo.json,1500.0,No Acotada B1,1.1920928955078125e-6,16,true
consultas-3-listas-posteo.json,consultas-4-listas-posteo.json,1500.0,No Acotada B2,0.0,16,true
consultas-3-listas-posteo.json,consultas-4-listas-posteo.json,1500.0,SkipList,9.5367431640625e-7,25,true
consultas-3-listas-posteo.json,consultas-4-listas-posteo.json,48987.0,Binaria Acotada,0.0,14,false
consultas-3-listas-posteo.json,consultas-4-listas-posteo.json,48987.0,Secuencial B0,5.9604644775390625e-6,10000,false
consultas-3-listas-posteo.json,consultas-4-listas-posteo.json,48987.0,No Acotada B1,9.5367431640625e-7,25,false
consultas-3-listas-posteo.json,consultas-4-listas-posteo.json,48987.0,No Acotada B2,0.0,25,false
consultas-3-listas-posteo.json,consultas-4-listas-posteo.json,48987.0,SkipList,1.1920928955078125e-6,28,false
consultas-3-listas-posteo.json,consultas-4-listas-posteo.json,34304.0,Binaria Acotada,0.0,14,false
consultas-3-listas-posteo.json,consultas-4-listas-posteo.json,34304.0,Secuencial B0,6.9141387939453125e-6,10000,false
consultas-3-listas-posteo.json,consultas-4-listas-posteo.json,34304.0,No Acotada B1,0.0,25,false
consultas-3-listas-posteo.json,consultas-4-listas-posteo.json,34304.0,No Acotada B2,0.0,25,false
consultas-3-listas-posteo.json,consultas-4-listas-posteo.json,34304.0,SkipList,0.0,28,false
consultas-3-listas-posteo.json,consultas-4-listas-posteo.json,29599.0,Binaria Acotada,0.0,14,false
consultas-3-listas-posteo.json,consultas-4-listas-posteo.json,29599.0,Secuencial B0,5.9604644775390625e-6,10000,false
consultas-3-listas-posteo.json,consultas-4-listas-posteo.json,29599.0,No Acotada B1,0.0,25,false
consultas-3-listas-posteo.json,consultas-4-listas-posteo.json,29599.0,No Acotada B2,0.0,25,false
consultas-3-listas-posteo.json,consultas-4-listas-posteo.json,29599.0,SkipList,9.5367431640625e-7,28,false
consultas-3-listas-posteo.json,consultas-4-listas-posteo.json,10050.0,Binaria Acotada,0.0,14,false
consultas-3-listas-posteo.json,consultas-4-listas-posteo.json,10050.0,Secuencial B0,6.9141387939453125e-6,10000,false
consultas-3-listas-posteo.json,consultas-4-listas-posteo.json,10050.0,No Acotada B1,0.0,25,false
consultas-3-listas-posteo.json,consultas-4-listas-posteo.json,10050.0,No Acotada B2,0.0,25,false
consultas-3-listas-posteo.json,consultas-4-listas-posteo.json,10050.0,SkipList,0.0,28,false
consultas-3-listas-posteo.json,consultas-4-listas-posteo.json,15608.0,Binaria Acotada,0.0,14,false
consultas-3-listas-posteo.json,consultas-4-listas-posteo.json,15608.0,Secuencial B0,5.9604644775390625e-6,10000,false
consultas-3-listas-posteo.json,consultas-4-listas-posteo.json,15608.0,No Acotada B1,0.0,25,false
consultas-3-listas-posteo.json,consultas-4-listas-posteo.json,15608.0,No Acotada B2,0.0,25,false
consultas-3-listas-posteo.json,consultas-4-listas-posteo.json,15608.0,SkipList,0.0,28,false
consultas-3-listas-posteo.json,consultas-4-listas-posteo.json,44425.0,Binaria Acotada,0.0,14,false
consultas-3-listas-posteo.json,consultas-4-listas-posteo.json,44425.0,Secuencial B0,5.9604644775390625e-6,10000,false
consultas-3-listas-posteo.json,consultas-4-listas-posteo.json,44425.0,No Acotada B1,0.0,25,false
consultas-3-listas-posteo.json,consultas-4-listas-posteo.json,44425.0,No Acotada B2,0.0,25,false
consultas-3-listas-posteo.json,consultas-4-listas-posteo.json,44425.0,SkipList,9.5367431640625e-7,28,false
consultas-3-listas-posteo.json,consultas-4-listas-posteo.json,4538.0,Binaria Acotada,0.0,14,false
consultas-3-listas-posteo.json,consultas-4-listas-posteo.json,4538.0,Secuencial B0,5.9604644775390625e-6,10000,false
consultas-3-listas-posteo.json,consultas-4-listas-posteo.json,4538.0,No Acotada B1,0.0,25,false
consultas-3-listas-posteo.json,consultas-4-listas-posteo.json,4538.0,No Acotada B2,0.0,25,false
consultas-3-listas-posteo.json,consultas-4-listas-posteo.json,4538.0,SkipList,0.0,28,false
consultas-3-listas-posteo.json,consultas-4-listas-posteo.json,24041.0,Binaria Acotada,0.0,14,false
consultas-3-listas-posteo.json,consultas-4-listas-posteo.json,24041.0,Secuencial B0,6.9141387939453125e-6,10000,false
consultas-3-listas-posteo.json,consultas-4-listas-posteo.json,24041.0,No Acotada B1,0.0,25,false
consultas-3-listas-posteo.json,consultas-4-listas-posteo.json,24041.0,No Acotada B2,0.0,25,false
consultas-3-listas-posteo.json,consultas-4-listas-posteo.json,24041.0,SkipList,0.0,28,false
consultas-3-listas-posteo.json,consultas-4-listas-posteo.json,32504.0,Binaria Acotada,0.0,14,false
consultas-3-listas-posteo.json,consultas-4-listas-posteo.json,32504.0,Secuencial B0,6.198883056640625e-6,10000,false
consultas-3-listas-posteo.json,consultas-4-listas-posteo.json,32504.0,No Acotada B1,9.5367431640625e-7,25,false
consultas-3-listas-posteo.json,consultas-4-listas-posteo.json,32504.0,No Acotada B2,0.0,25,false
consultas-3-listas-posteo.json,consultas-4-listas-posteo.json,32504.0,SkipList,9.5367431640625e-7,28,false
consultas-3-listas-posteo.json,consultas-4-listas-posteo.json,26900.0,Binaria Acotada,0.0,14,false
consultas-3-listas-posteo.json,consultas-4-listas-posteo.json,26900.0,Secuencial B0,6.9141387939453125e-6,10000,false
consultas-3-listas-posteo.json,consultas-4-listas-posteo.json,26900.0,No Acotada B1,0.0,25,false
consultas-3-listas-posteo.json,consultas-4-listas-posteo.json,26900.0,No Acotada B2,0.0,25,false
consultas-3-listas-posteo.json,consultas-4-listas-posteo.json,26900.0,SkipList,0.0,28,false
consultas-3-listas-posteo.json,consultas-4-listas-posteo.json,22724.0,Binaria Acotada,0.0,14,false
consultas-3-listas-posteo.json,consultas-4-listas-posteo.json,22724.0,Secuencial B0,5.9604644775390625e-6,10000,false
consultas-3-listas-posteo.json,consultas-4-listas-posteo.json,22724.0,No Acotada B1,0.0,25,false
consultas-3-listas-posteo.json,consultas-4-listas-posteo.json,22724.0,No Acotada B2,0.0,25,false
consultas-3-listas-posteo.json,consultas-4-listas-posteo.json,22724.0,SkipList,0.0,28,false
consultas-3-listas-posteo.json,consultas-4-listas-posteo.json,13918.0,Binaria Acotada,9.5367431640625e-7,14,false
consultas-3-listas-posteo.json,consultas-4-listas-posteo.json,13918.0,Secuencial B0,6.198883056640625e-6,10000,false
consultas-3-listas-posteo.json,consultas-4-listas-posteo.json,13918.0,No Acotada B1,0.0,25,false
consultas-3-listas-posteo.json,consultas-4-listas-posteo.json,13918.0,No Acotada B2,0.0,25,false
consultas-3-listas-posteo.json,consultas-4-listas-posteo.json,13918.0,SkipList,9.5367431640625e-7,28,false
consultas-3-listas-posteo.json,consultas-4-listas-posteo.json,8778.0,Binaria Acotada,0.0,14,false
consultas-3-listas-posteo.json,consultas-4-listas-posteo.json,8778.0,Secuencial B0,5.9604644775390625e-6,10000,false
consultas-3-listas-posteo.json,consultas-4-listas-posteo.json,8778.0,No Acotada B1,0.0,25,false
consultas-3-listas-posteo.json,consultas-4-listas-posteo.json,8778.0,No Acotada B2,0.0,25,false
consultas-3-listas-posteo.json,consultas-4-listas-posteo.json,8778.0,SkipList,0.0,28,false
consultas-3-listas-posteo.json,consultas-4-listas-posteo.json,9139.0,Binaria Acotada,1.1920928955078125e-6,14,false
consultas-3-listas-posteo.json,consultas-4-listas-posteo.json,9139.0,Secuencial B0,5.9604644775390625e-6,10000,false
consultas-3-listas-posteo.json,consultas-4-listas-posteo.json,9139.0,No Acotada B1,0.0,25,false
consultas-3-listas-posteo.json,consultas-4-listas-posteo.json,9139.0,No Acotada B2,0.0,25,false
consultas-3-listas-posteo.json,consultas-4-listas-posteo.json,9139.0,SkipList,9.5367431640625e-7,28,false
consultas-3-listas-posteo.json,consultas-4-listas-posteo.json,39804.0,Binaria Acotada,0.0,14,false
consultas-3-listas-posteo.json,consultas-4-listas-posteo.json,39804.0,Secuencial B0,6.9141387939453125e-6,10000,false
consultas-3-listas-posteo.json,consultas-4-listas-posteo.json,39804.0,No Acotada B1,0.0,25,false
consultas-3-listas-posteo.json,consultas-4-listas-posteo.json,39804.0,No Acotada B2,1.1920928955078125e-6,25,false
consultas-3-listas-posteo.json,consultas-4-listas-posteo.json,39804.0,SkipList,0.0,28,false
consultas-3-listas-posteo.json,consultas-4-listas-posteo.json,6906.0,Binaria Acotada,0.0,14,false
consultas-3-listas-posteo.json,consultas-4-listas-posteo.json,6906.0,Secuencial B0,5.9604644775390625e-6,10000,false
consultas-3-listas-posteo.json,consultas-4-listas-posteo.json,6906.0,No Acotada B1,0.0,25,false
consultas-3-listas-posteo.json,consultas-4-listas-posteo.json,6906.0,No Acotada B2,0.0,25,false
consultas-3-listas-posteo.json,consultas-4-listas-posteo.json,6906.0,SkipList,9.5367431640625e-7,28,false
consultas-3-listas-posteo.json,consultas-4-listas-posteo.json,3896.0,Binaria Acotada,0.0,14,false
consultas-3-listas-posteo.json,consultas-4-listas-posteo.json,3896.0,Secuencial B0,7.152557373046875e-6,10000,false
consultas-3-listas-posteo.json,consultas-4-listas-posteo.json,3896.0,No Acotada B1,0.0,25,false
consultas-3-listas-posteo.json,consultas-4-listas-posteo.json,3896.0,No Acotada B2,0.0,25,false
consultas-3-listas-posteo.json,consultas-4-listas-posteo.json,3896.0,SkipList,0.0,28,false
consultas-3-listas-posteo.json,consultas-4-listas-posteo.json,41062.0,Binaria Acotada,0.0,14,false
consultas-3-listas-posteo.json,consultas-4-listas-posteo.json,41062.0,Secuencial B0,5.9604644775390625e-6,10000,false
consultas-3-listas-posteo.json,consultas-4-listas-posteo.json,41062.0,No Acotada B1,0.0,25,false
consultas-3-listas-posteo.json,consultas-4-listas-posteo.json,41062.0,No Acotada B2,0.0,25,false
consultas-3-listas-posteo.json,consultas-4-listas-posteo.json,41062.0,SkipList,0.0,28,false
consultas-3-listas-posteo.json,consultas-4-listas-posteo.json,34474.0,Binaria Acotada,0.0,14,false
consultas-3-listas-posteo.json,consultas-4-listas-posteo.json,34474.0,Secuencial B0,5.9604644775390625e-6,10000,false
consultas-3-listas-posteo.json,consultas-4-listas-posteo.json,34474.0,No Acotada B1,0.0,25,false
consultas-3-listas-posteo.json,consultas-4-listas-posteo.json,34474.0,No Acotada B2,0.0,25,false
consultas-3-listas-posteo.json,consultas-4-listas-posteo.json,34474.0,SkipList,0.0,28,false
consultas-3-listas-posteo.json,consultas-4-listas-posteo.json,45077.0,Binaria Acotada,0.0,14,false
consultas-3-listas-posteo.json,consultas-4-listas-posteo.json,45077.0,Secuencial B0,6.198883056640625e-6,10000,false
consultas-3-listas-posteo.json,consultas-4-listas-posteo.json,45077.0,No Acotada B1,0.0,25,false
consultas-3-listas-posteo.json,consultas-4-listas-posteo.json,45077.0,No Acotada B2,0.0,25,false
consultas-3-listas-posteo.json,consultas-4-listas-posteo.json,45077.0,SkipList,0.0,28,false
consultas-3-listas-posteo.json,consultas-4-listas-posteo.json,25526.0,Binaria Acotada,9.5367431640625e-7,14,false
consultas-3-listas-posteo.json,consultas-4-listas-posteo.json,25526.0,Secuencial B0,7.152557373046875e-6,10000,false
consultas-3-listas-posteo.json,consultas-4-listas-posteo.json,25526.0,No Acotada B1,0.0,25,false
consultas-3-listas-posteo.json,consultas-4-listas-posteo.json,25526.0,No Acotada B2,9.5367431640625e-7,25,false
consultas-3-listas-posteo.json,consultas-4-listas-posteo.json,25526.0,SkipList,0.0,28,false
consultas-3-listas-posteo.json,consultas-4-listas-posteo.json,12985.0,Binaria Acotada,0.0,14,false
consultas-3-listas-posteo.json,consultas-4-listas-posteo.json,12985.0,Secuencial B0,5.9604644775390625e-6,10000,false
consultas-3-listas-posteo.json,consultas-4-listas-posteo.json,12985.0,No Acotada B1,0.0,25,false
consultas-3-listas-posteo.json,consultas-4-listas-posteo.json,12985.0,No Acotada B2,0.0,25,false
consultas-3-listas-posteo.json,consultas-4-listas-posteo.json,12985.0,SkipList,0.0,28,false
consultas-3-listas-posteo.json,consultas-4-listas-posteo.json,26948.0,Binaria Acotada,9.5367431640625e-7,14,false
consultas-3-listas-posteo.json,consultas-4-listas-posteo.json,26948.0,Secuencial B0,5.9604644775390625e-6,10000,false
consultas-3-listas-posteo.json,consultas-4-listas-posteo.json,26948.0,No Acotada B1,0.0,25,false
consultas-3-listas-posteo.json,consultas-4-listas-posteo.json,26948.0,No Acotada B2,0.0,25,false
consultas-3-listas-posteo.json,consultas-4-listas-posteo.json,26948.0,SkipList,0.0,28,false
consultas-3-listas-posteo.json,consultas-4-listas-posteo.json,48711.0,Binaria Acotada,0.0,14,false
consultas-3-listas-posteo.json,consultas-4-listas-posteo.json,48711.0,Secuencial B0,6.198883056640625e-6,10000,false
consultas-3-listas-posteo.json,consultas-4-listas-posteo.json,48711.0,No Acotada B1,0.0,25,false
consultas-3-listas-posteo.json,consultas-4-listas-posteo.json,48711.0,No Acotada B2,0.0,25,false
consultas-3-listas-posteo.json,consultas-4-listas-posteo.json,48711.0,SkipList,0.0,28,false
consultas-3-listas-posteo.json,consultas-4-listas-posteo.json,19971.0,Binaria Acotada,0.0,14,false
consultas-3-listas-posteo.json,consultas-4-listas-posteo.json,19971.0,Secuencial B0,6.9141387939453125e-6,10000,false
consultas-3-listas-posteo.json,consultas-4-listas-posteo.json,19971.0,No Acotada B1,0.0,25,false
consultas-3-listas-posteo.json,consultas-4-listas-posteo.json,19971.0,No Acotada B2,0.0,25,false
consultas-3-listas-posteo.json,consultas-4-listas-posteo.json,19971.0,SkipList,0.0,28,false
consultas-3-listas-posteo.json,consultas-4-listas-posteo.json,37544.0,Binaria Acotada,0.0,14,false
consultas-3-listas-posteo.json,consultas-4-listas-posteo.json,37544.0,Secuencial B0,5.9604644775390625e-6,10000,false
consultas-3-listas-posteo.json,consultas-4-listas-posteo.json,37544.0,No Acotada B1,0.0,25,false
consultas-3-listas-posteo.json,consultas-4-listas-posteo.json,37544.0,No Acotada B2,0.0,25,false
consultas-3-listas-posteo.json,consultas-4-listas-posteo.json,37544.0,SkipList,0.0,28,false
consultas-3-listas-posteo.json,consultas-4-listas-posteo.json,46247.0,Binaria Acotada,0.0,14,false
consultas-3-listas-posteo.json,consultas-4-listas-posteo.json,46247.0,Secuencial B0,5.9604644775390625e-6,10000,false
consultas-3-listas-posteo.json,consultas-4-listas-posteo.json,46247.0,No Acotada B1,0.0,25,false
consultas-3-listas-posteo.json,consultas-4-listas-posteo.json,46247.0,No Acotada B2,0.0,25,false
consultas-3-listas-posteo.json,consultas-4-listas-posteo.json,46247.0,SkipList,9.5367431640625e-7,28,false
consultas-3-listas-posteo.json,consultas-4-listas-posteo.json,48309.0,Binaria Acotada,0.0,14,false
consultas-3-listas-posteo.json,consultas-4-listas-posteo.json,48309.0,Secuencial B0,6.9141387939453125e-6,10000,false
consultas-3-listas-posteo.json,consultas-4-listas-posteo.json,48309.0,No Acotada B1,0.0,25,false
consultas-3-listas-posteo.json,consultas-4-listas-posteo.json,48309.0,No Acotada B2,1.1920928955078125e-6,25,false
consultas-3-listas-posteo.json,consultas-4-listas-posteo.json,48309.0,SkipList,0.0,28,false
consultas-3-listas-posteo.json,consultas-4-listas-posteo.json,37855.0,Binaria Acotada,9.5367431640625e-7,14,false
consultas-3-listas-posteo.json,consultas-4-listas-posteo.json,37855.0,Secuencial B0,5.9604644775390625e-6,10000,false
consultas-3-listas-posteo.json,consultas-4-listas-posteo.json,37855.0,No Acotada B1,0.0,25,false
consultas-3-listas-posteo.json,consultas-4-listas-posteo.json,37855.0,No Acotada B2,0.0,25,false
consultas-3-listas-posteo.json,consultas-4-listas-posteo.json,37855.0,SkipList,9.5367431640625e-7,28,false
consultas-3-listas-posteo.json,consultas-4-listas-posteo.json,21832.0,Binaria Acotada,0.0,14,false
consultas-3-listas-posteo.json,consultas-4-listas-posteo.json,21832.0,Secuencial B0,5.9604644775390625e-6,10000,false
consultas-3-listas-posteo.json,consultas-4-listas-posteo.json,21832.0,No Acotada B1,9.5367431640625e-7,25,false
consultas-3-listas-posteo.json,consultas-4-listas-posteo.json,21832.0,No Acotada B2,0.0,25,false
consultas-3-listas-posteo.json,consultas-4-listas-posteo.json,21832.0,SkipList,9.5367431640625e-7,28,false
consultas-3-listas-posteo.json,consultas-4-listas-posteo.json,775.0,Binaria Acotada,0.0,12,true
consultas-3-listas-posteo.json,consultas-4-listas-posteo.json,775.0,Secuencial B0,1.9073486328125e-6,2007,true
consultas-3-listas-posteo.json,consultas-4-listas-posteo.json,775.0,No Acotada B1,0.0,18,true
consultas-3-listas-posteo.json,consultas-4-listas-posteo.json,775.0,No Acotada B2,1.1920928955078125e-6,18,true
consultas-3-listas-posteo.json,consultas-4-listas-posteo.json,775.0,SkipList,0.0,22,true
consultas-3-listas-posteo.json,consultas-4-listas-posteo.json,23334.0,Binaria Acotada,0.0,14,false
consultas-3-listas-posteo.json,consultas-4-listas-posteo.json,23334.0,Secuencial B0,5.9604644775390625e-6,10000,false
consultas-3-listas-posteo.json,consultas-4-listas-posteo.json,23334.0,No Acotada B1,0.0,25,false
consultas-3-listas-posteo.json,consultas-4-listas-posteo.json,23334.0,No Acotada B2,0.0,25,false
consultas-3-listas-posteo.json,consultas-4-listas-posteo.json,23334.0,SkipList,9.5367431640625e-7,28,false
consultas-3-listas-posteo.json,consultas-4-listas-posteo.json,40686.0,Binaria Acotada,0.0,14,false
consultas-3-listas-posteo.json,consultas-4-listas-posteo.json,40686.0,Secuencial B0,7.152557373046875e-6,10000,false
consultas-3-listas-posteo.json,consultas-4-listas-posteo.json,40686.0,No Acotada B1,0.0,25,false
consultas-3-listas-posteo.json,consultas-4-listas-posteo.json,40686.0,No Acotada B2,0.0,25,false
consultas-3-listas-posteo.json,consultas-4-listas-posteo.json,40686.0,SkipList,9.5367431640625e-7,28,false
consultas-3-listas-posteo.json,consultas-4-listas-posteo.json,43299.0,Binaria Acotada,0.0,14,false
consultas-3-listas-posteo.json,consultas-4-listas-posteo.json,43299.0,Secuencial B0,7.152557373046875e-6,10000,false
consultas-3-listas-posteo.json,consultas-4-listas-posteo.json,43299.0,No Acotada B1,0.0,25,false
consultas-3-listas-posteo.json,consultas-4-listas-posteo.json,43299.0,No Acotada B2,9.5367431640625e-7,25,false
consultas-3-listas-posteo.json,consultas-4-listas-posteo.json,43299.0,SkipList,0.0,28,false
consultas-3-listas-posteo.json,consultas-4-listas-posteo.json,22391.0,Binaria Acotada,9.5367431640625e-7,14,false
consultas-3-listas-posteo.json,consultas-4-listas-posteo.json,22391.0,Secuencial B0,5.9604644775390625e-6,10000,false
consultas-3-listas-posteo.json,consultas-4-listas-posteo.json,22391.0,No Acotada B1,0.0,25,false
consultas-3-listas-posteo.json,consultas-4-listas-posteo.json,22391.0,No Acotada B2,0.0,25,false
consultas-3-listas-posteo.json,consultas-4-listas-posteo.json,22391.0,SkipList,9.5367431640625e-7,28,false
consultas-3-listas-posteo.json,consultas-4-listas-posteo.json,41091.0,Binaria Acotada,0.0,14,false
consultas-3-listas-posteo.json,consultas-4-listas-posteo.json,41091.0,Secuencial B0,7.152557373046875e-6,10000,false
consultas-3-listas-posteo.json,consultas-4-listas-posteo.json,41091.0,No Acotada B1,0.0,25,false
consultas-3-listas-posteo.json,consultas-4-listas-posteo.json,41091.0,No Acotada B2,9.5367431640625e-7,25,false
consultas-3-listas-posteo.json,consultas-4-listas-posteo.json,41091.0,SkipList,0.0,28,false
consultas-3-listas-posteo.json,consultas-4-listas-posteo.json,49807.0,Binaria Acotada,9.5367431640625e-7,14,false
consultas-3-listas-posteo.json,consultas-4-listas-posteo.json,49807.0,Secuencial B0,5.9604644775390625e-6,10000,false
consultas-3-listas-posteo.json,consultas-4-listas-posteo.json,49807.0,No Acotada B1,0.0,25,false
consultas-3-listas-posteo.json,consultas-4-listas-posteo.json,49807.0,No Acotada B2,0.0,25,false
consultas-3-listas-posteo.json,consultas-4-listas-posteo.json,49807.0,SkipList,9.5367431640625e-7,28,false
consultas-3-listas-posteo.json,consultas-4-listas-posteo.json,45657.0,Binaria Acotada,0.0,14,false
consultas-3-listas-posteo.json,consultas-4-listas-posteo.json,45657.0,Secuencial B0,6.9141387939453125e-6,10000,false
consultas-3-listas-posteo.json,consultas-4-listas-posteo.json,45657.0,No Acotada B1,0.0,25,false
consultas-3-listas-posteo.json,consultas-4-listas-posteo.json,45657.0,No Acotada B2,9.5367431640625e-7,25,false
consultas-3-listas-posteo.json,consultas-4-listas-posteo.json,45657.0,SkipList,0.0,28,false
consultas-3-listas-posteo.json,consultas-4-listas-posteo.json,46362.0,Binaria Acotada,1.1920928955078125e-6,14,false
consultas-3-listas-posteo.json,consultas-4-listas-posteo.json,46362.0,Secuencial B0,5.9604644775390625e-6,10000,false
consultas-3-listas-posteo.json,consultas-4-listas-posteo.json,46362.0,No Acotada B1,0.0,25,false
consultas-3-listas-posteo.json,consultas-4-listas-posteo.json,46362.0,No Acotada B2,0.0,25,false
consultas-3-listas-posteo.json,consultas-4-listas-posteo.json,46362.0,SkipList,0.0,28,false
consultas-3-listas-posteo.json,consultas-4-listas-posteo.json,44929.0,Binaria Acotada,0.0,14,false
consultas-3-listas-posteo.json,consultas-4-listas-posteo.json,44929.0,Secuencial B0,5.9604644775390625e-6,10000,false
consultas-3-listas-posteo.json,consultas-4-listas-posteo.json,44929.0,No Acotada B1,0.0,25,false
consultas-3-listas-posteo.json,consultas-4-listas-posteo.json,44929.0,No Acotada B2,0.0,25,false
consultas-3-listas-posteo.json,consultas-4-listas-posteo.json,44929.0,SkipList,0.0,28,false
consultas-3-listas-posteo.json,consultas-4-listas-posteo.json,42343.0,Binaria Acotada,0.0,14,false
consultas-3-listas-posteo.json,consultas-4-listas-posteo.json,42343.0,Secuencial B0,5.9604644775390625e-6,10000,false
consultas-3-listas-posteo.json,consultas-4-listas-posteo.json,42343.0,No Acotada B1,0.0,25,false
consultas-3-listas-posteo.json,consultas-4-listas-posteo.json,42343.0,No Acotada B2,0.0,25,false
consultas-3-listas-posteo.json,consultas-4-listas-posteo.json,42343.0,SkipList,0.0,28,false
consultas-3-listas-posteo.json,consultas-4-listas-posteo.json,11956.0,Binaria Acotada,0.0,14,false
consultas-3-listas-posteo.json,consultas-4-listas-posteo.json,11956.0,Secuencial B0,6.9141387939453125e-6,10000,false
consultas-3-listas-posteo.json,consultas-4-listas-posteo.json,11956.0,No Acotada B1,0.0,25,false
consultas-3-listas-posteo.json,consultas-4-listas-posteo.json,11956.0,No Acotada B2,9.5367431640625e-7,25,false
consultas-3-listas-posteo.json,consultas-4-listas-posteo.json,11956.0,SkipList,0.0,28,false
consultas-3-listas-posteo.json,consultas-4-listas-posteo.json,26825.0,Binaria Acotada,0.0,14,false
consultas-3-listas-posteo.json,consultas-4-listas-posteo.json,26825.0,Secuencial B0,6.198883056640625e-6,10000,false
consultas-3-listas-posteo.json,consultas-4-listas-posteo.json,26825.0,No Acotada B1,0.0,25,false
consultas-3-listas-posteo.json,consultas-4-listas-posteo.json,26825.0,No Acotada B2,0.0,25,false
consultas-3-listas-posteo.json,consultas-4-listas-posteo.json,26825.0,SkipList,9.5367431640625e-7,28,false
consultas-3-listas-posteo.json,consultas-4-listas-posteo.json,16149.0,Binaria Acotada,0.0,14,false
consultas-3-listas-posteo.json,consultas-4-listas-posteo.json,16149.0,Secuencial B0,6.9141387939453125e-6,10000,false
consultas-3-listas-posteo.json,consultas-4-listas-posteo.json,16149.0,No Acotada B1,0.0,25,false
consultas-3-listas-posteo.json,consultas-4-listas-posteo.json,16149.0,No Acotada B2,9.5367431640625e-7,25,false
consultas-3-listas-posteo.json,consultas-4-listas-posteo.json,16149.0,SkipList,0.0,28,false
consultas-3-listas-posteo.json,consultas-4-listas-posteo.json,40413.0,Binaria Acotada,0.0,14,false
consultas-3-listas-posteo.json,consultas-4-listas-posteo.json,40413.0,Secuencial B0,5.9604644775390625e-6,10000,false
consultas-3-listas-posteo.json,consultas-4-listas-posteo.json,40413.0,No Acotada B1,0.0,25,false
consultas-3-listas-posteo.json,consultas-4-listas-posteo.json,40413.0,No Acotada B2,0.0,25,false
consultas-3-listas-posteo.json,consultas-4-listas-posteo.json,40413.0,SkipList,9.5367431640625e-7,28,false
consultas-3-listas-posteo.json,consultas-4-listas-posteo.json,33713.0,Binaria Acotada,0.0,14,false
consultas-3-listas-posteo.json,consultas-4-listas-posteo.json,33713.0,Secuencial B0,7.152557373046875e-6,10000,false
consultas-3-listas-posteo.json,consultas-4-listas-posteo.json,33713.0,No Acotada B1,0.0,25,false
consultas-3-listas-posteo.json,consultas-4-listas-posteo.json,33713.0,No Acotada B2,9.5367431640625e-7,25,false
consultas-3-listas-posteo.json,consultas-4-listas-posteo.json,33713.0,SkipList,0.0,28,false
consultas-3-listas-posteo.json,consultas-4-listas-posteo.json,20532.0,Binaria Acotada,9.5367431640625e-7,14,false
consultas-3-listas-posteo.json,consultas-4-listas-posteo.json,20532.0,Secuencial B0,5.9604644775390625e-6,10000,false
consultas-3-listas-posteo.json,consultas-4-listas-posteo.json,20532.0,No Acotada B1,0.0,25,false
consultas-3-listas-posteo.json,consultas-4-listas-posteo.json,20532.0,No Acotada B2,0.0,25,false
consultas-3-listas-posteo.json,consultas-4-listas-posteo.json,20532.0,SkipList,1.1920928955078125e-6,28,false
consultas-3-listas-posteo.json,consultas-4-listas-posteo.json,6640.0,Binaria Acotada,0.0,14,false
consultas-3-listas-posteo.json,consultas-4-listas-posteo.json,6640.0,Secuencial B0,6.9141387939453125e-6,10000,false
consultas-3-listas-posteo.json,consultas-4-listas-posteo.json,6640.0,No Acotada B1,0.0,25,false
consultas-3-listas-posteo.json,consultas-4-listas-posteo.json,6640.0,No Acotada B2,9.5367431640625e-7,25,false
consultas-3-listas-posteo.json,consultas-4-listas-posteo.json,6640.0,SkipList,0.0,28,false
consultas-3-listas-posteo.json,consultas-4-listas-posteo.json,16882.0,Binaria Acotada,9.5367431640625e-7,14,false
consultas-3-listas-posteo.json,consultas-4-listas-posteo.json,16882.0,Secuencial B0,5.9604644775390625e-6,10000,false
consultas-3-listas-posteo.json,consultas-4-listas-posteo.json,16882.0,No Acotada B1,0.0,25,false
consultas-3-listas-posteo.json,consultas-4-listas-posteo.json,16882.0,No Acotada B2,0.0,25,false
consultas-3-listas-posteo.json,consultas-4-listas-posteo.json,16882.0,SkipList,0.0,28,false
consultas-3-listas-posteo.json,consultas-4-listas-posteo.json,22162.0,Binaria Acotada,0.0,14,false
consultas-3-listas-posteo.json,consultas-4-listas-posteo.json,22162.0,Secuencial B0,5.9604644775390625e-6,10000,false
consultas-3-listas-posteo.json,consultas-4-listas-posteo.json,22162.0,No Acotada B1,9.5367431640625e-7,25,false
consultas-3-listas-posteo.json,consultas-4-listas-posteo.json,22162.0,No Acotada B2,0.0,25,false
consultas-3-listas-posteo.json,consultas-4-listas-posteo.json,22162.0,SkipList,1.1920928955078125e-6,28,false
consultas-3-listas-posteo.json,consultas-4-listas-posteo.json,4784.0,Binaria Acotada,0.0,14,false
consultas-3-listas-posteo.json,consultas-4-listas-posteo.json,4784.0,Secuencial B0,6.9141387939453125e-6,10000,false
consultas-3-listas-posteo.json,consultas-4-listas-posteo.json,4784.0,No Acotada B1,0.0,25,false
consultas-3-listas-posteo.json,consultas-4-listas-posteo.json,4784.0,No Acotada B2,0.0,25,false
consultas-3-listas-posteo.json,consultas-4-listas-posteo.json,4784.0,SkipList,0.0,28,false
consultas-3-listas-posteo.json,consultas-4-listas-posteo.json,11403.0,Binaria Acotada,0.0,14,false
consultas-3-listas-posteo.json,consultas-4-listas-posteo.json,11403.0,Secuencial B0,5.9604644775390625e-6,10000,false
consultas-3-listas-posteo.json,consultas-4-listas-posteo.json,11403.0,No Acotada B1,1.1920928955078125e-6,25,false
consultas-3-listas-posteo.json,consultas-4-listas-posteo.json,11403.0,No Acotada B2,0.0,25,false
consultas-3-listas-posteo.json,consultas-4-listas-posteo.json,11403.0,SkipList,9.5367431640625e-7,28,false
consultas-3-listas-posteo.json,consultas-4-listas-posteo.json,17678.0,Binaria Acotada,0.0,14,false
consultas-3-listas-posteo.json,consultas-4-listas-posteo.json,17678.0,Secuencial B0,6.9141387939453125e-6,10000,false
consultas-3-listas-posteo.json,consultas-4-listas-posteo.json,17678.0,No Acotada B1,0.0,25,false
consultas-3-listas-posteo.json,consultas-4-listas-posteo.json,17678.0,No Acotada B2,0.0,25,false
consultas-3-listas-posteo.json,consultas-4-listas-posteo.json,17678.0,SkipList,0.0,28,false
consultas-3-listas-posteo.json,consultas-4-listas-posteo.json,5401.0,Binaria Acotada,0.0,14,false
consultas-3-listas-posteo.json,consultas-4-listas-posteo.json,5401.0,Secuencial B0,5.9604644775390625e-6,10000,false
consultas-3-listas-posteo.json,consultas-4-listas-posteo.json,5401.0,No Acotada B1,9.5367431640625e-7,25,false
consultas-3-listas-posteo.json,consultas-4-listas-posteo.json,5401.0,No Acotada B2,0.0,25,false
consultas-3-listas-posteo.json,consultas-4-listas-posteo.json,5401.0,SkipList,9.5367431640625e-7,28,false
consultas-3-listas-posteo.json,consultas-4-listas-posteo.json,37595.0,Binaria Acotada,0.0,14,false
consultas-3-listas-posteo.json,consultas-4-listas-posteo.json,37595.0,Secuencial B0,7.152557373046875e-6,10000,false
consultas-3-listas-posteo.json,consultas-4-listas-posteo.json,37595.0,No Acotada B1,0.0,25,false
consultas-3-listas-posteo.json,consultas-4-listas-posteo.json,37595.0,No Acotada B2,0.0,25,false
consultas-3-listas-posteo.json,consultas-4-listas-posteo.json,37595.0,SkipList,0.0,28,false
consultas-3-listas-posteo.json,consultas-4-listas-posteo.json,20922.0,Binaria Acotada,0.0,14,false
consultas-3-listas-posteo.json,consultas-4-listas-posteo.json,20922.0,Secuencial B0,5.9604644775390625e-6,10000,false
consultas-3-listas-posteo.json,consultas-4-listas-posteo.json,20922.0,No Acotada B1,0.0,25,false
consultas-3-listas-posteo.json,consultas-4-listas-posteo.json,20922.0,No Acotada B2,0.0,25,false
consultas-3-listas-posteo.json,consultas-4-listas-posteo.json,20922.0,SkipList,9.5367431640625e-7,28,false
consultas-3-listas-posteo.json,consultas-4-listas-posteo.json,16333.0,Binaria Acotada,0.0,14,false
consultas-3-listas-posteo.json,consultas-4-listas-posteo.json,16333.0,Secuencial B0,7.152557373046875e-6,10000,false
consultas-3-listas-posteo.json,consultas-4-listas-posteo.json,16333.0,No Acotada B1,0.0,25,false
consultas-3-listas-posteo.json,consultas-4-listas-posteo.json,16333.0,No Acotada B2,0.0,25,false
consultas-3-listas-posteo.json,consultas-4-listas-posteo.json,16333.0,SkipList,0.0,28,false
consultas-3-listas-posteo.json,consultas-4-listas-posteo.json,44367.0,Binaria Acotada,0.0,14,false
consultas-3-listas-posteo.json,consultas-4-listas-posteo.json,44367.0,Secuencial B0,5.9604644775390625e-6,10000,false
consultas-3-listas-posteo.json,consultas-4-listas-posteo.json,44367.0,No Acotada B1,0.0,25,false
consultas-3-listas-posteo.json,consultas-4-listas-posteo.json,44367.0,No Acotada B2,0.0,25,false
consultas-3-listas-posteo.json,consultas-4-listas-posteo.json,44367.0,SkipList,0.0,28,false
consultas-3-listas-posteo.json,consultas-4-listas-posteo.json,17019.0,Binaria Acotada,0.0,14,false
consultas-3-listas-posteo.json,consultas-4-listas-posteo.json,17019.0,Secuencial B0,5.9604644775390625e-6,10000,false
consultas-3-listas-posteo.json,consultas-4-listas-posteo.json,17019.0,No Acotada B1,9.5367431640625e-7,25,false
consultas-3-listas-posteo.json,consultas-4-listas-posteo.json,17019.0,No Acotada B2,0.0,25,false
consultas-3-listas-posteo.json,consultas-4-listas-posteo.json,17019.0,SkipList,1.1920928955078125e-6,28,false
consultas-3-listas-posteo.json,consultas-4-listas-posteo.json,47865.0,Binaria Acotada,0.0,14,false
consultas-3-listas-posteo.json,consultas-4-listas-posteo.json,47865.0,Secuencial B0,6.9141387939453125e-6,10000,false
consultas-3-listas-posteo.json,consultas-4-listas-posteo.json,47865.0,No Acotada B1,0.0,25,false
consultas-3-listas-posteo.json,consultas-4-listas-posteo.json,47865.0,No Acotada B2,0.0,25,false
consultas-3-listas-posteo.json,consultas-4-listas-posteo.json,47865.0,SkipList,0.0,28,false
consultas-3-listas-posteo.json,consultas-4-listas-posteo.json,25049.0,Binaria Acotada,0.0,14,false
consultas-3-listas-posteo.json,consultas-4-listas-posteo.json,25049.0,Secuencial B0,5.9604644775390625e-6,10000,false
consultas-3-listas-posteo.json,consultas-4-listas-posteo.json,25049.0,No Acotada B1,1.1920928955078125e-6,25,false
consultas-3-listas-posteo.json,consultas-4-listas-posteo.json,25049.0,No Acotada B2,0.0,25,false
consultas-3-listas-posteo.json,consultas-4-listas-posteo.json,25049.0,SkipList,9.5367431640625e-7,28,false
consultas-3-listas-posteo.json,consultas-4-listas-posteo.json,1274.0,Binaria Acotada,0.0,14,true
consultas-3-listas-posteo.json,consultas-4-listas-posteo.json,1274.0,Secuencial B0,1.9073486328125e-6,3328,true
consultas-3-listas-posteo.json,consultas-4-listas-posteo.json,1274.0,No Acotada B1,9.5367431640625e-7,15,true
consultas-3-listas-posteo.json,consultas-4-listas-posteo.json,1274.0,No Acotada B2,0.0,15,true
consultas-3-listas-posteo.json,consultas-4-listas-posteo.json,1274.0,SkipList,1.1920928955078125e-6,36,true
consultas-3-listas-posteo.json,consultas-4-listas-posteo.json,15778.0,Binaria Acotada,0.0,14,false
consultas-3-listas-posteo.json,consultas-4-listas-posteo.json,15778.0,Secuencial B0,5.9604644775390625e-6,10000,false
consultas-3-listas-posteo.json,consultas-4-listas-posteo.json,15778.0,No Acotada B1,9.5367431640625e-7,25,false
consultas-3-listas-posteo.json,consultas-4-listas-posteo.json,15778.0,No Acotada B2,0.0,25,false
consultas-3-listas-posteo.json,consultas-4-listas-posteo.json,15778.0,SkipList,0.0,28,false
consultas-3-listas-posteo.json,consultas-4-listas-posteo.json,7505.0,Binaria Acotada,0.0,14,false
consultas-3-listas-posteo.json,consultas-4-listas-posteo.json,7505.0,Secuencial B0,5.9604644775390625e-6,10000,false
consultas-3-listas-posteo.json,consultas-4-listas-posteo.json,7505.0,No Acotada B1,0.0,25,false
consultas-3-listas-posteo.json,consultas-4-listas-posteo.json,7505.0,No Acotada B2,0.0,25,false
consultas-3-listas-posteo.json,consultas-4-listas-posteo.json,7505.0,SkipList,9.5367431640625e-7,28,false
consultas-3-listas-posteo.json,consultas-4-listas-posteo.json,9410.0,Binaria Acotada,0.0,14,false
consultas-3-listas-posteo.json,consultas-4-listas-posteo.json,9410.0,Secuencial B0,6.9141387939453125e-6,10000,false
consultas-3-listas-posteo.json,consultas-4-listas-posteo.json,9410.0,No Acotada B1,0.0,25,false
consultas-3-listas-posteo.json,consultas-4-listas-posteo.json,9410.0,No Acotada B2,0.0,25,false
consultas-3-listas-posteo.json,consultas-4-listas-posteo.json,9410.0,SkipList,0.0,28,false
consultas-3-listas-posteo.json,consultas-4-listas-posteo.json,18688.0,Binaria Acotada,9.5367431640625e-7,14,false
consultas-3-listas-posteo.json,consultas-4-listas-posteo.json,18688.0,Secuencial B0,5.9604644775390625e-6,10000,false
consultas-3-listas-posteo.json,consultas-4-listas-posteo.json,18688.0,No Acotada B1,0.0,25,false
consultas-3-listas-posteo.json,consultas-4-listas-posteo.json,18688.0,No Acotada B2,0.0,25,false
consultas-3-listas-posteo.json,consultas-4-listas-posteo.json,18688.0,SkipList,1.1920928955078125e-6,28,false
consultas-3-listas-posteo.json,consultas-4-listas-posteo.json,25286.0,Binaria Acotada,0.0,14,false
consultas-3-listas-posteo.json,consultas-4-listas-posteo.json,25286.0,Secuencial B0,6.9141387939453125e-6,10000,false
consultas-3-listas-posteo.json,consultas-4-listas-posteo.json,25286.0,No Acotada B1,0.0,25,false
consultas-3-listas-posteo.json,consultas-4-listas-posteo.json,25286.0,No Acotada B2,0.0,25,false
consultas-3-listas-posteo.json,consultas-4-listas-posteo.json,25286.0,SkipList,0.0,28,false
consultas-3-listas-posteo.json,consultas-4-listas-posteo.json,39339.0,Binaria Acotada,0.0,14,false
consultas-3-listas-posteo.json,consultas-4-listas-posteo.json,39339.0,Secuencial B0,6.198883056640625e-6,10000,false
consultas-3-listas-posteo.json,consultas-4-listas-posteo.json,39339.0,No Acotada B1,0.0,25,false
consultas-3-listas-posteo.json,consultas-4-listas-posteo.json,39339.0,No Acotada B2,0.0,25,false
consultas-3-listas-posteo.json,consultas-4-listas-posteo.json,39339.0,SkipList,0.0,28,false
consultas-3-listas-posteo.json,consultas-4-listas-posteo.json,5616.0,Binaria Acotada,0.0,14,false
consultas-3-listas-posteo.json,consultas-4-listas-posteo.json,5616.0,Secuencial B0,5.9604644775390625e-6,10000,false
consultas-3-listas-posteo.json,consultas-4-listas-posteo.json,5616.0,No Acotada B1,0.0,25,false
consultas-3-listas-posteo.json,consultas-4-listas-posteo.json,5616.0,No Acotada B2,0.0,25,false
consultas-3-listas-posteo.json,consultas-4-listas-posteo.json,5616.0,SkipList,0.0,28,false
consultas-3-listas-posteo.json,consultas-4-listas-posteo.json,29621.0,Binaria Acotada,0.0,14,false
consultas-3-listas-posteo.json,consultas-4-listas-posteo.json,29621.0,Secuencial B0,5.9604644775390625e-6,10000,false
consultas-3-listas-posteo.json,consultas-4-listas-posteo.json,29621.0,No Acotada B1,0.0,25,false
consultas-3-listas-posteo.json,consultas-4-listas-posteo.json,29621.0,No Acotada B2,0.0,25,false
consultas-3-listas-posteo.json,consultas-4-listas-posteo.json,29621.0,SkipList,0.0,28,false
consultas-3-listas-posteo.json,consultas-4-listas-posteo.json,20230.0,Binaria Acotada,9.5367431640625e-7,14,false
consultas-3-listas-posteo.json,consultas-4-listas-posteo.json,20230.0,Secuencial B0,6.198883056640625e-6,10000,false
consultas-3-listas-posteo.json,consultas-4-listas-posteo.json,20230.0,No Acotada B1,0.0,25,false
consultas-3-listas-posteo.json,consultas-4-listas-posteo.json,20230.0,No Acotada B2,0.0,25,false
consultas-3-listas-posteo.json,consultas-4-listas-posteo.json,20230.0,SkipList,9.5367431640625e-7,28,false
consultas-3-listas-posteo.json,consultas-4-listas-posteo.json,43068.0,Binaria Acotada,0.0,14,false
consultas-3-listas-posteo.json,consultas-4-listas-posteo.json,43068.0,Secuencial B0,6.9141387939453125e-6,10000,false
consultas-3-listas-posteo.json,consultas-4-listas-posteo.json,43068.0,No Acotada B1,0.0,25,false
consultas-3-listas-posteo.json,consultas-4-listas-posteo.json,43068.0,No Acotada B2,1.1920928955078125e-6,25,false
consultas-3-listas-posteo.json,consultas-4-listas-posteo.json,43068.0,SkipList,0.0,28,false
consultas-3-listas-posteo.json,consultas-4-listas-posteo.json,21570.0,Binaria Acotada,0.0,14,false
consultas-3-listas-posteo.json,consultas-4-listas-posteo.json,21570.0,Secuencial B0,5.9604644775390625e-6,10000,false
consultas-3-listas-posteo.json,consultas-4-listas-posteo.json,21570.0,No Acotada B1,0.0,25,false
consultas-3-listas-posteo.json,consultas-4-listas-posteo.json,21570.0,No Acotada B2,0.0,25,false
consultas-3-listas-posteo.json,consultas-4-listas-posteo.json,21570.0,SkipList,9.5367431640625e-7,28,false
consultas-3-listas-posteo.json,consultas-4-listas-posteo.json,27891.0,Binaria Acotada,0.0,14,false
consultas-3-listas-posteo.json,consultas-4-listas-posteo.json,27891.0,Secuencial B0,7.152557373046875e-6,10000,false
consultas-3-listas-posteo.json,consultas-4-listas-posteo.json,27891.0,No Acotada B1,0.0,25,false
consultas-3-listas-posteo.json,consultas-4-listas-posteo.json,27891.0,No Acotada B2,0.0,25,false
consultas-3-listas-posteo.json,consultas-4-listas-posteo.json,27891.0,SkipList,0.0,28,false
consultas-3-listas-posteo.json,consultas-4-listas-posteo.json,3582.0,Binaria Acotada,0.0,12,true
consultas-3-listas-posteo.json,consultas-4-listas-posteo.json,3582.0,Secuencial B0,5.9604644775390625e-6,9425,true
consultas-3-listas-posteo.json,consultas-4-listas-posteo.json,3582.0,No Acotada B1,0.0,22,true
consultas-3-listas-posteo.json,consultas-4-listas-posteo.json,3582.0,No Acotada B2,0.0,22,true
consultas-3-listas-posteo.json,consultas-4-listas-posteo.json,3582.0,SkipList,1.1920928955078125e-6,28,true
consultas-3-listas-posteo.json,consultas-4-listas-posteo.json,29655.0,Binaria Acotada,0.0,14,false
consultas-3-listas-posteo.json,consultas-4-listas-posteo.json,29655.0,Secuencial B0,5.9604644775390625e-6,10000,false
consultas-3-listas-posteo.json,consultas-4-listas-posteo.json,29655.0,No Acotada B1,0.0,25,false
consultas-3-listas-posteo.json,consultas-4-listas-posteo.json,29655.0,No Acotada B2,0.0,25,false
consultas-3-listas-posteo.json,consultas-4-listas-posteo.json,29655.0,SkipList,0.0,28,false
consultas-3-listas-posteo.json,consultas-4-listas-posteo.json,18568.0,Binaria Acotada,0.0,14,false
consultas-3-listas-posteo.json,consultas-4-listas-posteo.json,18568.0,Secuencial B0,5.9604644775390625e-6,10000,false
consultas-3-listas-posteo.json,consultas-4-listas-posteo.json,18568.0,No Acotada B1,0.0,25,false
consultas-3-listas-posteo.json,consultas-4-listas-posteo.json,18568.0,No Acotada B2,0.0,25,false
consultas-3-listas-posteo.json,consultas-4-listas-posteo.json,18568.0,SkipList,0.0,28,false
consultas-3-listas-posteo.json,consultas-4-listas-posteo.json,24011.0,Binaria Acotada,0.0,14,false
consultas-3-listas-posteo.json,consultas-4-listas-posteo.json,24011.0,Secuencial B0,5.9604644775390625e-6,10000,false
consultas-3-listas-posteo.json,consultas-4-listas-posteo.json,24011.0,No Acotada B1,0.0,25,false
consultas-3-listas-posteo.json,consultas-4-listas-posteo.json,24011.0,No Acotada B2,0.0,25,false
consultas-3-listas-posteo.json,consultas-4-listas-posteo.json,24011.0,SkipList,1.1920928955078125e-6,28,false
consultas-3-listas-posteo.json,consultas-4-listas-posteo.json,11441.0,Binaria Acotada,0.0,14,false
consultas-3-listas-posteo.json,consultas-4-listas-posteo.json,11441.0,Secuencial B0,6.9141387939453125e-6,10000,false
consultas-3-listas-posteo.json,consultas-4-listas-posteo.json,11441.0,No Acotada B1,0.0,25,false
consultas-3-listas-posteo.json,consultas-4-listas-posteo.json,11441.0,No Acotada B2,0.0,25,false
consultas-3-listas-posteo.json,consultas-4-listas-posteo.json,11441.0,SkipList,0.0,28,false
consultas-3-listas-posteo.json,consultas-4-listas-posteo.json,742.0,Binaria Acotada,0.0,11,true
consultas-3-listas-posteo.json,consultas-4-listas-posteo.json,742.0,Secuencial B0,1.1920928955078125e-6,1916,true
consultas-3-listas-posteo.json,consultas-4-listas-posteo.json,742.0,No Acotada B1,0.0,14,true
consultas-3-listas-posteo.json,consultas-4-listas-posteo.json,742.0,No Acotada B2,0.0,14,true
consultas-3-listas-posteo.json,consultas-4-listas-posteo.json,742.0,SkipList,9.5367431640625e-7,28,true
consultas-3-listas-posteo.json,consultas-4-listas-posteo.json,23036.0,Binaria Acotada,9.5367431640625e-7,14,false
consultas-3-listas-posteo.json,consultas-4-listas-posteo.json,23036.0,Secuencial B0,5.9604644775390625e-6,10000,false
consultas-3-listas-posteo.json,consultas-4-listas-posteo.json,23036.0,No Acotada B1,0.0,25,false
consultas-3-listas-posteo.json,consultas-4-listas-posteo.json,23036.0,No Acotada B2,0.0,25,false
consultas-3-listas-posteo.json,consultas-4-listas-posteo.json,23036.0,SkipList,1.1920928955078125e-6,28,false
consultas-3-listas-posteo.json,consultas-4-listas-posteo.json,25486.0,Binaria Acotada,0.0,14,false
consultas-3-listas-posteo.json,consultas-4-listas-posteo.json,25486.0,Secuencial B0,6.9141387939453125e-6,10000,false
consultas-3-listas-posteo.json,consultas-4-listas-posteo.json,25486.0,No Acotada B1,0.0,25,false
consultas-3-listas-posteo.json,consultas-4-listas-posteo.json,25486.0,No Acotada B2,0.0,25,false
consultas-3-listas-posteo.json,consultas-4-listas-posteo.json,25486.0,SkipList,0.0,28,false
consultas-3-listas-posteo.json,consultas-4-listas-posteo.json,35072.0,Binaria Acotada,0.0,14,false
consultas-3-listas-posteo.json,consultas-4-listas-posteo.json,35072.0,Secuencial B0,6.198883056640625e-6,10000,false
consultas-3-listas-posteo.json,consultas-4-listas-posteo.json,35072.0,No Acotada B1,0.0,25,false
consultas-3-listas-posteo.json,consultas-4-listas-posteo.json,35072.0,No Acotada B2,0.0,25,false
consultas-3-listas-posteo.json,consultas-4-listas-posteo.json,35072.0,SkipList,9.5367431640625e-7,28,false
consultas-3-listas-posteo.json,consultas-4-listas-posteo.json,29557.0,Binaria Acotada,0.0,14,false
consultas-3-listas-posteo.json,consultas-4-listas-posteo.json,29557.0,Secuencial B0,6.9141387939453125e-6,10000,false
consultas-3-listas-posteo.json,consultas-4-listas-posteo.json,29557.0,No Acotada B1,0.0,25,false
consultas-3-listas-posteo.json,consultas-4-listas-posteo.json,29557.0,No Acotada B2,0.0,25,false
consultas-3-listas-posteo.json,consultas-4-listas-posteo.json,29557.0,SkipList,0.0,28,false
consultas-3-listas-posteo.json,consultas-4-listas-posteo.json,15800.0,Binaria Acotada,0.0,14,false
consultas-3-listas-posteo.json,consultas-4-listas-posteo.json,15800.0,Secuencial B0,5.9604644775390625e-6,10000,false
consultas-3-listas-posteo.json,consultas-4-listas-posteo.json,15800.0,No Acotada B1,0.0,25,false
consultas-3-listas-posteo.json,consultas-4-listas-posteo.json,15800.0,No Acotada B2,0.0,25,false
consultas-3-listas-posteo.json,consultas-4-listas-posteo.json,15800.0,SkipList,0.0,28,false
consultas-3-listas-posteo.json,consultas-4-listas-posteo.json,20323.0,Binaria Acotada,0.0,14,false
consultas-3-listas-posteo.json,consultas-4-listas-posteo.json,20323.0,Secuencial B0,6.198883056640625e-6,10000,false
consultas-3-listas-posteo.json,consultas-4-listas-posteo.json,20323.0,No Acotada B1,0.0,25,false
consultas-3-listas-posteo.json,consultas-4-listas-posteo.json,20323.0,No Acotada B2,0.0,25,false
consultas-3-listas-posteo.json,consultas-4-listas-posteo.json,20323.0,SkipList,0.0,28,false
consultas-3-listas-posteo.json,consultas-4-listas-posteo.json,28728.0,Binaria Acotada,0.0,14,false
consultas-3-listas-posteo.json,consultas-4-listas-posteo.json,28728.0,Secuencial B0,5.9604644775390625e-6,10000,false
consultas-3-listas-posteo.json,consultas-4-listas-posteo.json,28728.0,No Acotada B1,0.0,25,false
consultas-3-listas-posteo.json,consultas-4-listas-posteo.json,28728.0,No Acotada B2,0.0,25,false
consultas-3-listas-posteo.json,consultas-4-listas-posteo.json,28728.0,SkipList,0.0,28,false
consultas-3-listas-posteo.json,consultas-4-listas-posteo.json,11833.0,Binaria Acotada,0.0,14,false
consultas-3-listas-posteo.json,consultas-4-listas-posteo.json,11833.0,Secuencial B0,5.9604644775390625e-6,10000,false
consultas-3-listas-posteo.json,consultas-4-listas-posteo.json,11833.0,No Acotada B1,0.0,25,false
consultas-3-listas-posteo.json,consultas-4-listas-posteo.json,11833.0,No Acotada B2,0.0,25,false
consultas-3-listas-posteo.json,consultas-4-listas-posteo.json,11833.0,SkipList,9.5367431640625e-7,28,false
consultas-3-listas-posteo.json,consultas-3-listas-posteo.json,694.0,Binaria Acotada,0.0,10,true
consultas-3-listas-posteo.json,consultas-3-listas-posteo.json,694.0,Secuencial B0,9.5367431640625e-7,1786,true
consultas-3-listas-posteo.json,consultas-3-listas-posteo.json,694.0,No Acotada B1,0.0,19,true
consultas-3-listas-posteo.json,consultas-3-listas-posteo.json,694.0,No Acotada B2,0.0,19,true
consultas-3-listas-posteo.json,consultas-3-listas-posteo.json,694.0,SkipList,0.0,20,true
consultas-3-listas-posteo.json,consultas-3-listas-posteo.json,555.0,Binaria Acotada,0.0,8,true
consultas-3-listas-posteo.json,consultas-3-listas-posteo.json,555.0,Secuencial B0,9.5367431640625e-7,1441,true
consultas-3-listas-posteo.json,consultas-3-listas-posteo.json,555.0,No Acotada B1,1.1920928955078125e-6,18,true
consultas-3-listas-posteo.json,consultas-3-listas-posteo.json,555.0,No Acotada B2,0.0,18,true
consultas-3-listas-posteo.json,consultas-3-listas-posteo.json,555.0,SkipList,9.5367431640625e-7,17,true
consultas-3-listas-posteo.json,consultas-3-listas-posteo.json,2078.0,Binaria Acotada,0.0,11,true
consultas-3-listas-posteo.json,consultas-3-listas-posteo.json,2078.0,Secuencial B0,3.814697265625e-6,5482,true
consultas-3-listas-posteo.json,consultas-3-listas-posteo.json,2078.0,No Acotada B1,0.0,23,true
consultas-3-listas-posteo.json,consultas-3-listas-posteo.json,2078.0,No Acotada B2,0.0,23,true
consultas-3-listas-posteo.json,consultas-3-listas-posteo.json,2078.0,SkipList,9.5367431640625e-7,37,true
consultas-3-listas-posteo.json,consultas-3-listas-posteo.json,3674.0,Binaria Acotada,0.0,13,true
consultas-3-listas-posteo.json,consultas-3-listas-posteo.json,3674.0,Secuencial B0,5.9604644775390625e-6,9656,true
consultas-3-listas-posteo.json,consultas-3-listas-posteo.json,3674.0,No Acotada B1,0.0,23,true
consultas-3-listas-posteo.json,consultas-3-listas-posteo.json,3674.0,No Acotada B2,0.0,23,true
consultas-3-listas-posteo.json,consultas-3-listas-posteo.json,3674.0,SkipList,0.0,31,true
consultas-3-listas-posteo.json,consultas-3-listas-posteo.json,667.0,Binaria Acotada,0.0,6,true
consultas-3-listas-posteo.json,consultas-3-listas-posteo.json,667.0,Secuencial B0,9.5367431640625e-7,1717,true
consultas-3-listas-posteo.json,consultas-3-listas-posteo.json,667.0,No Acotada B1,0.0,20,true
consultas-3-listas-posteo.json,consultas-3-listas-posteo.json,667.0,No Acotada B2,0.0,20,true
consultas-3-listas-posteo.json,consultas-3-listas-posteo.json,667.0,SkipList,0.0,20,true
consultas-3-listas-posteo.json,consultas-3-listas-posteo.json,1144.0,Binaria Acotada,9.5367431640625e-7,12,true
consultas-3-listas-posteo.json,consultas-3-listas-posteo.json,1144.0,Secuencial B0,2.1457672119140625e-6,2964,true
consultas-3-listas-posteo.json,consultas-3-listas-posteo.json,1144.0,No Acotada B1,0.0,20,true
consultas-3-listas-posteo.json,consultas-3-listas-posteo.json,1144.0,No Acotada B2,0.0,20,true
consultas-3-listas-posteo.json,consultas-3-listas-posteo.json,1144.0,SkipList,0.0,28,true
consultas-3-listas-posteo.json,consultas-3-listas-posteo.json,2329.0,Binaria Acotada,0.0,12,true
consultas-3-listas-posteo.json,consultas-3-listas-posteo.json,2329.0,Secuencial B0,4.0531158447265625e-6,6119,true
consultas-3-listas-posteo.json,consultas-3-listas-posteo.json,2329.0,No Acotada B1,9.5367431640625e-7,22,true
consultas-3-listas-posteo.json,consultas-3-listas-posteo.json,2329.0,No Acotada B2,0.0,22,true
consultas-3-listas-posteo.json,consultas-3-listas-posteo.json,2329.0,SkipList,9.5367431640625e-7,29,true
consultas-3-listas-posteo.json,consultas-3-listas-posteo.json,1163.0,Binaria Acotada,0.0,11,true
consultas-3-listas-posteo.json,consultas-3-listas-posteo.json,1163.0,Secuencial B0,1.9073486328125e-6,3011,true
consultas-3-listas-posteo.json,consultas-3-listas-posteo.json,1163.0,No Acotada B1,0.0,21,true
consultas-3-listas-posteo.json,consultas-3-listas-posteo.json,1163.0,No Acotada B2,9.5367431640625e-7,21,true
consultas-3-listas-posteo.json,consultas-3-listas-posteo.json,1163.0,SkipList,9.5367431640625e-7,31,true
consultas-3-listas-posteo.json,consultas-3-listas-posteo.json,3398.0,Binaria Acotada,0.0,9,true
consultas-3-listas-posteo.json,consultas-3-listas-posteo.json,3398.0,Secuencial B0,5.9604644775390625e-6,8924,true
consultas-3-listas-posteo.json,consultas-3-listas-posteo.json,3398.0,No Acotada B1,0.0,19,true
consultas-3-listas-posteo.json,consultas-3-listas-posteo.json,3398.0,No Acotada B2,0.0,19,true
consultas-3-listas-posteo.json,consultas-3-listas-posteo.json,3398.0,SkipList,9.5367431640625e-7,26,true
consultas-3-listas-posteo.json,consultas-3-listas-posteo.json,3291.0,Binaria Acotada,0.0,11,true
consultas-3-listas-posteo.json,consultas-3-listas-posteo.json,3291.0,Secuencial B0,5.9604644775390625e-6,8655,true
consultas-3-listas-posteo.json,consultas-3-listas-posteo.json,3291.0,No Acotada B1,0.0,21,true
consultas-3-listas-posteo.json,consultas-3-listas-posteo.json,3291.0,No Acotada B2,0.0,21,true
consultas-3-listas-posteo.json,consultas-3-listas-posteo.json,3291.0,SkipList,9.5367431640625e-7,35,true
consultas-3-listas-posteo.json,consultas-3-listas-posteo.json,2283.0,Binaria Acotada,1.1920928955078125e-6,13,true
consultas-3-listas-posteo.json,consultas-3-listas-posteo.json,2283.0,Secuencial B0,3.814697265625e-6,6006,true
consultas-3-listas-posteo.json,consultas-3-listas-posteo.json,2283.0,No Acotada B1,0.0,25,true
consultas-3-listas-posteo.json,consultas-3-listas-posteo.json,2283.0,No Acotada B2,0.0,25,true
consultas-3-listas-posteo.json,consultas-3-listas-posteo.json,2283.0,SkipList,0.0,24,true
consultas-3-listas-posteo.json,consultas-3-listas-posteo.json,279.0,Binaria Acotada,0.0,10,true
consultas-3-listas-posteo.json,consultas-3-listas-posteo.json,279.0,Secuencial B0,9.5367431640625e-7,728,true
consultas-3-listas-posteo.json,consultas-3-listas-posteo.json,279.0,No Acotada B1,0.0,17,true
consultas-3-listas-posteo.json,consultas-3-listas-posteo.json,279.0,No Acotada B2,0.0,17,true
consultas-3-listas-posteo.json,consultas-3-listas-posteo.json,279.0,SkipList,0.0,20,true
consultas-3-listas-posteo.json,consultas-3-listas-posteo.json,3609.0,Binaria Acotada,0.0,10,true
consultas-3-listas-posteo.json,consultas-3-listas-posteo.json,3609.0,Secuencial B0,6.198883056640625e-6,9501,true
consultas-3-listas-posteo.json,consultas-3-listas-posteo.json,3609.0,No Acotada B1,0.0,21,true
consultas-3-listas-posteo.json,consultas-3-listas-posteo.json,3609.0,No Acotada B2,0.0,21,true
consultas-3-listas-posteo.json,consultas-3-listas-posteo.json,3609.0,SkipList,0.0,29,true
consultas-3-listas-posteo.json,consultas-3-listas-posteo.json,2574.0,Binaria Acotada,0.0,11,true
consultas-3-listas-posteo.json,consultas-3-listas-posteo.json,2574.0,Secuencial B0,4.0531158447265625e-6,6771,true
consultas-3-listas-posteo.json,consultas-3-listas-posteo.json,2574.0,No Acotada B1,9.5367431640625e-7,23,true
consultas-3-listas-posteo.json,consultas-3-listas-posteo.json,2574.0,No Acotada B2,0.0,23,true
consultas-3-listas-posteo.json,consultas-3-listas-posteo.json,2574.0,SkipList,9.5367431640625e-7,26,true
consultas-3-listas-posteo.json,consultas-3-listas-posteo.json,1640.0,Binaria Acotada,0.0,12,true
consultas-3-listas-posteo.json,consultas-3-listas-posteo.json,1640.0,Secuencial B0,2.1457672119140625e-6,4361,true
consultas-3-listas-posteo.json,consultas-3-listas-posteo.json,1640.0,No Acotada B1,0.0,24,true
consultas-3-listas-posteo.json,consultas-3-listas-posteo.json,1640.0,No Acotada B2,0.0,24,true
consultas-3-listas-posteo.json,consultas-3-listas-posteo.json,1640.0,SkipList,9.5367431640625e-7,25,true
consultas-3-listas-posteo.json,consultas-3-listas-posteo.json,849.0,Binaria Acotada,0.0,9,true
consultas-3-listas-posteo.json,consultas-3-listas-posteo.json,849.0,Secuencial B0,2.1457672119140625e-6,2204,true
consultas-3-listas-posteo.json,consultas-3-listas-posteo.json,849.0,No Acotada B1,0.0,22,true
consultas-3-listas-posteo.json,consultas-3-listas-posteo.json,849.0,No Acotada B2,0.0,22,true
consultas-3-listas-posteo.json,consultas-3-listas-posteo.json,849.0,SkipList,9.5367431640625e-7,27,true
consultas-3-listas-posteo.json,consultas-3-listas-posteo.json,611.0,Binaria Acotada,0.0,11,true
consultas-3-listas-posteo.json,consultas-3-listas-posteo.json,611.0,Secuencial B0,9.5367431640625e-7,1585,true
consultas-3-listas-posteo.json,consultas-3-listas-posteo.json,611.0,No Acotada B1,0.0,20,true
consultas-3-listas-posteo.json,consultas-3-listas-posteo.json,611.0,No Acotada B2,0.0,20,true
consultas-3-listas-posteo.json,consultas-3-listas-posteo.json,611.0,SkipList,0.0,23,true
consultas-3-listas-posteo.json,consultas-3-listas-posteo.json,1193.0,Binaria Acotada,9.5367431640625e-7,11,true
consultas-3-listas-posteo.json,consultas-3-listas-posteo.json,1193.0,Secuencial B0,1.9073486328125e-6,3099,true
consultas-3-listas-posteo.json,consultas-3-listas-posteo.json,1193.0,No Acotada B1,0.0,21,true
consultas-3-listas-posteo.json,consultas-3-listas-posteo.json,1193.0,No Acotada B2,0.0,21,true
consultas-3-listas-posteo.json,consultas-3-listas-posteo.json,1193.0,SkipList,1.1920928955078125e-6,26,true
consultas-3-listas-posteo.json,consultas-3-listas-posteo.json,3115.0,Binaria Acotada,0.0,10,true
consultas-3-listas-posteo.json,consultas-3-listas-posteo.json,3115.0,Secuencial B0,5.9604644775390625e-6,8192,true
consultas-3-listas-posteo.json,consultas-3-listas-posteo.json,3115.0,No Acotada B1,0.0,26,true
consultas-3-listas-posteo.json,consultas-3-listas-posteo.json,3115.0,No Acotada B2,9.5367431640625e-7,26,true
consultas-3-listas-posteo.json,consultas-3-listas-posteo.json,3115.0,SkipList,0.0,31,true
consultas-3-listas-posteo.json,consultas-3-listas-posteo.json,1377.0,Binaria Acotada,0.0,10,true
consultas-3-listas-posteo.json,consultas-3-listas-posteo.json,1377.0,Secuencial B0,3.0994415283203125e-6,3638,true
consultas-3-listas-posteo.json,consultas-3-listas-posteo.json,1377.0,No Acotada B1,0.0,20,true
consultas-3-listas-posteo.json,consultas-3-listas-posteo.json,1377.0,No Acotada B2,0.0,20,true
consultas-3-listas-posteo.json,consultas-3-listas-posteo.json,1377.0,SkipList,0.0,20,true
consultas-3-listas-posteo.json,consultas-3-listas-posteo.json,1105.0,Binaria Acotada,9.5367431640625e-7,9,true
consultas-3-listas-posteo.json,consultas-3-listas-posteo.json,1105.0,Secuencial B0,1.9073486328125e-6,2866,true
consultas-3-listas-posteo.json,consultas-3-listas-posteo.json,1105.0,No Acotada B1,0.0,21,true
consultas-3-listas-posteo.json,consultas-3-listas-posteo.json,1105.0,No Acotada B2,1.1920928955078125e-6,21,true
consultas-3-listas-posteo.json,consultas-3-listas-posteo.json,1105.0,SkipList,0.0,27,true
consultas-3-listas-posteo.json,consultas-3-listas-posteo.json,677.0,Binaria Acotada,0.0,11,true
consultas-3-listas-posteo.json,consultas-3-listas-posteo.json,677.0,Secuencial B0,9.5367431640625e-7,1740,true
consultas-3-listas-posteo.json,consultas-3-listas-posteo.json,677.0,No Acotada B1,0.0,19,true
consultas-3-listas-posteo.json,consultas-3-listas-posteo.json,677.0,No Acotada B2,0.0,19,true
consultas-3-listas-posteo.json,consultas-3-listas-posteo.json,677.0,SkipList,3.0040740966796875e-5,24,true
consultas-3-listas-posteo.json,consultas-3-listas-posteo.json,2758.0,Binaria Acotada,1.9073486328125e-6,9,true
consultas-3-listas-posteo.json,consultas-3-listas-posteo.json,2758.0,Secuencial B0,4.0531158447265625e-6,7284,true
consultas-3-listas-posteo.json,consultas-3-listas-posteo.json,2758.0,No Acotada B1,9.5367431640625e-7,22,true
consultas-3-listas-posteo.json,consultas-3-listas-posteo.json,2758.0,No Acotada B2,9.5367431640625e-7,22,true
consultas-3-listas-posteo.json,consultas-3-listas-posteo.json,2758.0,SkipList,1.3113021850585938e-5,20,true
consultas-3-listas-posteo.json,consultas-3-listas-posteo.json,1024.0,Binaria Acotada,9.5367431640625e-7,9,true
consultas-3-listas-posteo.json,consultas-3-listas-posteo.json,1024.0,Secuencial B0,2.1457672119140625e-6,2675,true
consultas-3-listas-posteo.json,consultas-3-listas-posteo.json,1024.0,No Acotada B1,9.5367431640625e-7,21,true
consultas-3-listas-posteo.json,consultas-3-listas-posteo.json,1024.0,No Acotada B2,0.0,21,true
consultas-3-listas-posteo.json,consultas-3-listas-posteo.json,1024.0,SkipList,9.5367431640625e-7,28,true
consultas-3-listas-posteo.json,consultas-3-listas-posteo.json,1759.0,Binaria Acotada,0.0,12,true
consultas-3-listas-posteo.json,consultas-3-listas-posteo.json,1759.0,Secuencial B0,3.0994415283203125e-6,4658,true
consultas-3-listas-posteo.json,consultas-3-listas-posteo.json,1759.0,No Acotada B1,0.0,23,true
consultas-3-listas-posteo.json,consultas-3-listas-posteo.json,1759.0,No Acotada B2,9.5367431640625e-7,23,true
consultas-3-listas-posteo.json,consultas-3-listas-posteo.json,1759.0,SkipList,1.1920928955078125e-6,28,true
consultas-3-listas-posteo.json,consultas-3-listas-posteo.json,3388.0,Binaria Acotada,0.0,12,true
consultas-3-listas-posteo.json,consultas-3-listas-posteo.json,3388.0,Secuencial B0,5.9604644775390625e-6,8908,true
consultas-3-listas-posteo.json,consultas-3-listas-posteo.json,3388.0,No Acotada B1,9.5367431640625e-7,24,true
consultas-3-listas-posteo.json,consultas-3-listas-posteo.json,3388.0,No Acotada B2,0.0,24,true
consultas-3-listas-posteo.json,consultas-3-listas-posteo.json,3388.0,SkipList,9.5367431640625e-7,21,true
consultas-3-listas-posteo.json,consultas-3-listas-posteo.json,459.0,Binaria Acotada,0.0,12,true
consultas-3-listas-posteo.json,consultas-3-listas-posteo.json,459.0,Secuencial B0,0.0,1187,true
consultas-3-listas-posteo.json,consultas-3-listas-posteo.json,459.0,No Acotada B1,0.0,19,true
consultas-3-listas-posteo.json,consultas-3-listas-posteo.json,459.0,No Acotada B2,0.0,19,true
consultas-3-listas-posteo.json,consultas-3-listas-posteo.json,459.0,SkipList,9.5367431640625e-7,27,true
consultas-3-listas-posteo.json,consultas-3-listas-posteo.json,554.0,Binaria Acotada,0.0,11,true
consultas-3-listas-posteo.json,consultas-3-listas-posteo.json,554.0,Secuencial B0,1.1920928955078125e-6,1439,true
consultas-3-listas-posteo.json,consultas-3-listas-posteo.json,554.0,No Acotada B1,9.5367431640625e-7,16,true
consultas-3-listas-posteo.json,consultas-3-listas-posteo.json,554.0,No Acotada B2,0.0,16,true
consultas-3-listas-posteo.json,consultas-3-listas-posteo.json,554.0,SkipList,9.5367431640625e-7,21,true
consultas-3-listas-posteo.json,consultas-3-listas-posteo.json,682.0,Binaria Acotada,0.0,11,true
consultas-3-listas-posteo.json,consultas-3-listas-posteo.json,682.0,Secuencial B0,9.5367431640625e-7,1752,true
consultas-3-listas-posteo.json,consultas-3-listas-posteo.json,682.0,No Acotada B1,0.0,18,true
consultas-3-listas-posteo.json,consultas-3-listas-posteo.json,682.0,No Acotada B2,0.0,18,true
consultas-3-listas-posteo.json,consultas-3-listas-posteo.json,682.0,SkipList,0.0,21,true
consultas-3-listas-posteo.json,consultas-3-listas-posteo.json,3275.0,Binaria Acotada,0.0,12,true
consultas-3-listas-posteo.json,consultas-3-listas-posteo.json,3275.0,Secuencial B0,5.9604644775390625e-6,8623,true
consultas-3-listas-posteo.json,consultas-3-listas-posteo.json,3275.0,No Acotada B1,0.0,23,true
consultas-3-listas-posteo.json,consultas-3-listas-posteo.json,3275.0,No Acotada B2,0.0,23,true
consultas-3-listas-posteo.json,consultas-3-listas-posteo.json,3275.0,SkipList,1.9073486328125e-6,35,true
consultas-3-listas-posteo.json,consultas-3-listas-posteo.json,2635.0,Binaria Acotada,0.0,10,true
consultas-3-listas-posteo.json,consultas-3-listas-posteo.json,2635.0,Secuencial B0,4.0531158447265625e-6,6942,true
consultas-3-listas-posteo.json,consultas-3-listas-posteo.json,2635.0,No Acotada B1,0.0,20,true
consultas-3-listas-posteo.json,consultas-3-listas-posteo.json,2635.0,No Acotada B2,0.0,20,true
consultas-3-listas-posteo.json,consultas-3-listas-posteo.json,2635.0,SkipList,2.1457672119140625e-6,32,true
consultas-3-listas-posteo.json,consultas-3-listas-posteo.json,544.0,Binaria Acotada,0.0,11,true
consultas-3-listas-posteo.json,consultas-3-listas-posteo.json,544.0,Secuencial B0,9.5367431640625e-7,1409,true
consultas-3-listas-posteo.json,consultas-3-listas-posteo.json,544.0,No Acotada B1,0.0,19,true
consultas-3-listas-posteo.json,consultas-3-listas-posteo.json,544.0,No Acotada B2,9.5367431640625e-7,19,true
consultas-3-listas-posteo.json,consultas-3-listas-posteo.json,544.0,SkipList,0.0,18,true
consultas-3-listas-posteo.json,consultas-3-listas-posteo.json,850.0,Binaria Acotada,1.1920928955078125e-6,12,true
consultas-3-listas-posteo.json,consultas-3-listas-posteo.json,850.0,Secuencial B0,9.5367431640625e-7,2207,true
consultas-3-listas-posteo.json,consultas-3-listas-posteo.json,850.0,No Acotada B1,0.0,18,true
consultas-3-listas-posteo.json,consultas-3-listas-posteo.json,850.0,No Acotada B2,0.0,18,true
consultas-3-listas-posteo.json,consultas-3-listas-posteo.json,850.0,SkipList,9.5367431640625e-7,27,true
consultas-3-listas-posteo.json,consultas-3-listas-posteo.json,2373.0,Binaria Acotada,0.0,10,true
consultas-3-listas-posteo.json,consultas-3-listas-posteo.json,2373.0,Secuencial B0,4.0531158447265625e-6,6237,true
consultas-3-listas-posteo.json,consultas-3-listas-posteo.json,2373.0,No Acotada B1,0.0,20,true
consultas-3-listas-posteo.json,consultas-3-listas-posteo.json,2373.0,No Acotada B2,0.0,20,true
consultas-3-listas-posteo.json,consultas-3-listas-posteo.json,2373.0,SkipList,9.5367431640625e-7,33,true
consultas-3-listas-posteo.json,consultas-3-listas-posteo.json,234.0,Binaria Acotada,9.5367431640625e-7,12,true
consultas-3-listas-posteo.json,consultas-3-listas-posteo.json,234.0,Secuencial B0,0.0,601,true
consultas-3-listas-posteo.json,consultas-3-listas-posteo.json,234.0,No Acotada B1,0.0,17,true
consultas-3-listas-posteo.json,consultas-3-listas-posteo.json,234.0,No Acotada B2,9.5367431640625e-7,17,true
consultas-3-listas-posteo.json,consultas-3-listas-posteo.json,234.0,SkipList,1.1920928955078125e-6,24,true
consultas-3-listas-posteo.json,consultas-3-listas-posteo.json,535.0,Binaria Acotada,0.0,9,true
consultas-3-listas-posteo.json,consultas-3-listas-posteo.json,535.0,Secuencial B0,9.5367431640625e-7,1379,true
consultas-3-listas-posteo.json,consultas-3-listas-posteo.json,535.0,No Acotada B1,0.0,18,true
consultas-3-listas-posteo.json,consultas-3-listas-posteo.json,535.0,No Acotada B2,0.0,18,true
consultas-3-listas-posteo.json,consultas-3-listas-posteo.json,535.0,SkipList,9.5367431640625e-7,23,true
consultas-3-listas-posteo.json,consultas-3-listas-posteo.json,3734.0,Binaria Acotada,0.0,8,true
consultas-3-listas-posteo.json,consultas-3-listas-posteo.json,3734.0,Secuencial B0,6.198883056640625e-6,9802,true
consultas-3-listas-posteo.json,consultas-3-listas-posteo.json,3734.0,No Acotada B1,0.0,20,true
consultas-3-listas-posteo.json,consultas-3-listas-posteo.json,3734.0,No Acotada B2,0.0,20,true
consultas-3-listas-posteo.json,consultas-3-listas-posteo.json,3734.0,SkipList,9.5367431640625e-7,27,true
consultas-3-listas-posteo.json,consultas-3-listas-posteo.json,2539.0,Binaria Acotada,0.0,12,true
consultas-3-listas-posteo.json,consultas-3-listas-posteo.json,2539.0,Secuencial B0,4.0531158447265625e-6,6665,true
consultas-3-listas-posteo.json,consultas-3-listas-posteo.json,2539.0,No Acotada B1,0.0,23,true
consultas-3-listas-posteo.json,consultas-3-listas-posteo.json,2539.0,No Acotada B2,0.0,23,true
consultas-3-listas-posteo.json,consultas-3-listas-posteo.json,2539.0,SkipList,0.0,28,true
consultas-3-listas-posteo.json,consultas-3-listas-posteo.json,2711.0,Binaria Acotada,0.0,12,true
consultas-3-listas-posteo.json,consultas-3-listas-posteo.json,2711.0,Secuencial B0,5.0067901611328125e-6,7164,true
consultas-3-listas-posteo.json,consultas-3-listas-posteo.json,2711.0,No Acotada B1,0.0,23,true
consultas-3-listas-posteo.json,consultas-3-listas-posteo.json,2711.0,No Acotada B2,0.0,23,true
consultas-3-listas-posteo.json,consultas-3-listas-posteo.json,2711.0,SkipList,9.5367431640625e-7,21,true
consultas-3-listas-posteo.json,consultas-3-listas-posteo.json,1513.0,Binaria Acotada,0.0,11,true
consultas-3-listas-posteo.json,consultas-3-listas-posteo.json,1513.0,Secuencial B0,2.1457672119140625e-6,4007,true
consultas-3-listas-posteo.json,consultas-3-listas-posteo.json,1513.0,No Acotada B1,9.5367431640625e-7,20,true
consultas-3-listas-posteo.json,consultas-3-listas-posteo.json,1513.0,No Acotada B2,0.0,20,true
consultas-3-listas-posteo.json,consultas-3-listas-posteo.json,1513.0,SkipList,9.5367431640625e-7,21,true
consultas-3-listas-posteo.json,consultas-3-listas-posteo.json,919.0,Binaria Acotada,0.0,10,true
consultas-3-listas-posteo.json,consultas-3-listas-posteo.json,919.0,Secuencial B0,9.5367431640625e-7,2410,true
consultas-3-listas-posteo.json,consultas-3-listas-posteo.json,919.0,No Acotada B1,0.0,21,true
consultas-3-listas-posteo.json,consultas-3-listas-posteo.json,919.0,No Acotada B2,0.0,21,true
consultas-3-listas-posteo.json,consultas-3-listas-posteo.json,919.0,SkipList,9.5367431640625e-7,25,true
consultas-3-listas-posteo.json,consultas-3-listas-posteo.json,339.0,Binaria Acotada,9.5367431640625e-7,13,true
consultas-3-listas-posteo.json,consultas-3-listas-posteo.json,339.0,Secuencial B0,0.0,891,true
consultas-3-listas-posteo.json,consultas-3-listas-posteo.json,339.0,No Acotada B1,0.0,19,true
consultas-3-listas-posteo.json,consultas-3-listas-posteo.json,339.0,No Acotada B2,0.0,19,true
consultas-3-listas-posteo.json,consultas-3-listas-posteo.json,339.0,SkipList,1.1920928955078125e-6,26,true
consultas-3-listas-posteo.json,consultas-3-listas-posteo.json,2975.0,Binaria Acotada,0.0,9,true
consultas-3-listas-posteo.json,consultas-3-listas-posteo.json,2975.0,Secuencial B0,5.0067901611328125e-6,7828,true
consultas-3-listas-posteo.json,consultas-3-listas-posteo.json,2975.0,No Acotada B1,0.0,22,true
consultas-3-listas-posteo.json,consultas-3-listas-posteo.json,2975.0,No Acotada B2,0.0,22,true
consultas-3-listas-posteo.json,consultas-3-listas-posteo.json,2975.0,SkipList,9.5367431640625e-7,26,true
consultas-3-listas-posteo.json,consultas-3-listas-posteo.json,1093.0,Binaria Acotada,0.0,11,true
consultas-3-listas-posteo.json,consultas-3-listas-posteo.json,1093.0,Secuencial B0,2.1457672119140625e-6,2833,true
consultas-3-listas-posteo.json,consultas-3-listas-posteo.json,1093.0,No Acotada B1,0.0,21,true
consultas-3-listas-posteo.json,consultas-3-listas-posteo.json,1093.0,No Acotada B2,0.0,21,true
consultas-3-listas-posteo.json,consultas-3-listas-posteo.json,1093.0,SkipList,9.5367431640625e-7,25,true
consultas-3-listas-posteo.json,consultas-3-listas-posteo.json,3386.0,Binaria Acotada,9.5367431640625e-7,12,true
consultas-3-listas-posteo.json,consultas-3-listas-posteo.json,3386.0,Secuencial B0,5.9604644775390625e-6,8903,true
consultas-3-listas-posteo.json,consultas-3-listas-posteo.json,3386.0,No Acotada B1,0.0,22,true
consultas-3-listas-posteo.json,consultas-3-listas-posteo.json,3386.0,No Acotada B2,1.1920928955078125e-6,22,true
consultas-3-listas-posteo.json,consultas-3-listas-posteo.json,3386.0,SkipList,0.0,20,true
consultas-3-listas-posteo.json,consultas-3-listas-posteo.json,1450.0,Binaria Acotada,9.5367431640625e-7,11,true
consultas-3-listas-posteo.json,consultas-3-listas-posteo.json,1450.0,Secuencial B0,1.9073486328125e-6,3829,true
consultas-3-listas-posteo.json,consultas-3-listas-posteo.json,1450.0,No Acotada B1,0.0,20,true
consultas-3-listas-posteo.json,consultas-3-listas-posteo.json,1450.0,No Acotada B2,0.0,20,true
consultas-3-listas-posteo.json,consultas-3-listas-posteo.json,1450.0,SkipList,9.5367431640625e-7,21,true
consultas-3-listas-posteo.json,consultas-3-listas-posteo.json,1824.0,Binaria Acotada,0.0,11,true
consultas-3-listas-posteo.json,consultas-3-listas-posteo.json,1824.0,Secuencial B0,3.814697265625e-6,4805,true
consultas-3-listas-posteo.json,consultas-3-listas-posteo.json,1824.0,No Acotada B1,0.0,22,true
consultas-3-listas-posteo.json,consultas-3-listas-posteo.json,1824.0,No Acotada B2,1.1920928955078125e-6,22,true
consultas-3-listas-posteo.json,consultas-3-listas-posteo.json,1824.0,SkipList,0.0,28,true
consultas-3-listas-posteo.json,consultas-3-listas-posteo.json,274.0,Binaria Acotada,0.0,11,true
consultas-3-listas-posteo.json,consultas-3-listas-posteo.json,274.0,Secuencial B0,9.5367431640625e-7,716,true
consultas-3-listas-posteo.json,consultas-3-listas-posteo.json,274.0,No Acotada B1,0.0,18,true
consultas-3-listas-posteo.json,consultas-3-listas-posteo.json,274.0,No Acotada B2,9.5367431640625e-7,18,true
consultas-3-listas-posteo.json,consultas-3-listas-posteo.json,274.0,SkipList,0.0,19,true
consultas-3-listas-posteo.json,consultas-3-listas-posteo.json,1161.0,Binaria Acotada,0.0,8,true
consultas-3-listas-posteo.json,consultas-3-listas-posteo.json,1161.0,Secuencial B0,2.1457672119140625e-6,3006,true
consultas-3-listas-posteo.json,consultas-3-listas-posteo.json,1161.0,No Acotada B1,0.0,17,true
consultas-3-listas-posteo.json,consultas-3-listas-posteo.json,1161.0,No Acotada B2,0.0,17,true
consultas-3-listas-posteo.json,consultas-3-listas-posteo.json,1161.0,SkipList,9.5367431640625e-7,33,true
consultas-3-listas-posteo.json,consultas-3-listas-posteo.json,3529.0,Binaria Acotada,9.5367431640625e-7,11,true
consultas-3-listas-posteo.json,consultas-3-listas-posteo.json,3529.0,Secuencial B0,5.0067901611328125e-6,9298,true
consultas-3-listas-posteo.json,consultas-3-listas-posteo.json,3529.0,No Acotada B1,0.0,22,true
consultas-3-listas-posteo.json,consultas-3-listas-posteo.json,3529.0,No Acotada B2,0.0,22,true
consultas-3-listas-posteo.json,consultas-3-listas-posteo.json,3529.0,SkipList,9.5367431640625e-7,25,true
consultas-3-listas-posteo.json,consultas-3-listas-posteo.json,367.0,Binaria Acotada,0.0,11,true
consultas-3-listas-posteo.json,consultas-3-listas-posteo.json,367.0,Secuencial B0,9.5367431640625e-7,961,true
consultas-3-listas-posteo.json,consultas-3-listas-posteo.json,367.0,No Acotada B1,9.5367431640625e-7,18,true
consultas-3-listas-posteo.json,consultas-3-listas-posteo.json,367.0,No Acotada B2,0.0,18,true
consultas-3-listas-posteo.json,consultas-3-listas-posteo.json,367.0,SkipList,9.5367431640625e-7,21,true
consultas-3-listas-posteo.json,consultas-3-listas-posteo.json,2507.0,Binaria Acotada,0.0,9,true
consultas-3-listas-posteo.json,consultas-3-listas-posteo.json,2507.0,Secuencial B0,5.0067901611328125e-6,6581,true
consultas-3-listas-posteo.json,consultas-3-listas-posteo.json,2507.0,No Acotada B1,0.0,22,true
consultas-3-listas-posteo.json,consultas-3-listas-posteo.json,2507.0,No Acotada B2,1.1920928955078125e-6,22,true
consultas-3-listas-posteo.json,consultas-3-listas-posteo.json,2507.0,SkipList,0.0,24,true
consultas-3-listas-posteo.json,consultas-3-listas-posteo.json,2821.0,Binaria Acotada,0.0,11,true
consultas-3-listas-posteo.json,consultas-3-listas-posteo.json,2821.0,Secuencial B0,5.0067901611328125e-6,7432,true
consultas-3-listas-posteo.json,consultas-3-listas-posteo.json,2821.0,No Acotada B1,0.0,22,true
consultas-3-listas-posteo.json,consultas-3-listas-posteo.json,2821.0,No Acotada B2,0.0,22,true
consultas-3-listas-posteo.json,consultas-3-listas-posteo.json,2821.0,SkipList,9.5367431640625e-7,28,true
consultas-3-listas-posteo.json,consultas-3-listas-posteo.json,238.0,Binaria Acotada,0.0,11,true
consultas-3-listas-posteo.json,consultas-3-listas-posteo.json,238.0,Secuencial B0,0.0,609,true
consultas-3-listas-posteo.json,consultas-3-listas-posteo.json,238.0,No Acotada B1,9.5367431640625e-7,17,true
consultas-3-listas-posteo.json,consultas-3-listas-posteo.json,238.0,No Acotada B2,0.0,17,true
consultas-3-listas-posteo.json,consultas-3-listas-posteo.json,238.0,SkipList,1.1920928955078125e-6,21,true
consultas-3-listas-posteo.json,consultas-3-listas-posteo.json,2039.0,Binaria Acotada,0.0,10,true
consultas-3-listas-posteo.json,consultas-3-listas-posteo.json,2039.0,Secuencial B0,3.814697265625e-6,5378,true
consultas-3-listas-posteo.json,consultas-3-listas-posteo.json,2039.0,No Acotada B1,0.0,23,true
consultas-3-listas-posteo.json,consultas-3-listas-posteo.json,2039.0,No Acotada B2,0.0,23,true
consultas-3-listas-posteo.json,consultas-3-listas-posteo.json,2039.0,SkipList,9.5367431640625e-7,34,true
consultas-3-listas-posteo.json,consultas-3-listas-posteo.json,1276.0,Binaria Acotada,0.0,12,true
consultas-3-listas-posteo.json,consultas-3-listas-posteo.json,1276.0,Secuencial B0,1.9073486328125e-6,3331,true
consultas-3-listas-posteo.json,consultas-3-listas-posteo.json,1276.0,No Acotada B1,0.0,21,true
consultas-3-listas-posteo.json,consultas-3-listas-posteo.json,1276.0,No Acotada B2,0.0,21,true
consultas-3-listas-posteo.json,consultas-3-listas-posteo.json,1276.0,SkipList,9.5367431640625e-7,35,true
consultas-3-listas-posteo.json,consultas-3-listas-posteo.json,3482.0,Binaria Acotada,0.0,13,true
consultas-3-listas-posteo.json,consultas-3-listas-posteo.json,3482.0,Secuencial B0,5.9604644775390625e-6,9157,true
consultas-3-listas-posteo.json,consultas-3-listas-posteo.json,3482.0,No Acotada B1,0.0,24,true
consultas-3-listas-posteo.json,consultas-3-listas-posteo.json,3482.0,No Acotada B2,0.0,24,true
consultas-3-listas-posteo.json,consultas-3-listas-posteo.json,3482.0,SkipList,0.0,26,true
consultas-3-listas-posteo.json,consultas-3-listas-posteo.json,2512.0,Binaria Acotada,0.0,11,true
consultas-3-listas-posteo.json,consultas-3-listas-posteo.json,2512.0,Secuencial B0,4.0531158447265625e-6,6595,true
consultas-3-listas-posteo.json,consultas-3-listas-posteo.json,2512.0,No Acotada B1,0.0,23,true
consultas-3-listas-posteo.json,consultas-3-listas-posteo.json,2512.0,No Acotada B2,0.0,23,true
consultas-3-listas-posteo.json,consultas-3-listas-posteo.json,2512.0,SkipList,0.0,28,true
consultas-3-listas-posteo.json,consultas-3-listas-posteo.json,267.0,Binaria Acotada,0.0,12,true
consultas-3-listas-posteo.json,consultas-3-listas-posteo.json,267.0,Secuencial B0,9.5367431640625e-7,699,true
consultas-3-listas-posteo.json,consultas-3-listas-posteo.json,267.0,No Acotada B1,0.0,17,true
consultas-3-listas-posteo.json,consultas-3-listas-posteo.json,267.0,No Acotada B2,0.0,17,true
consultas-3-listas-posteo.json,consultas-3-listas-posteo.json,267.0,SkipList,0.0,21,true
consultas-3-listas-posteo.json,consultas-3-listas-posteo.json,3160.0,Binaria Acotada,9.5367431640625e-7,11,true
consultas-3-listas-posteo.json,consultas-3-listas-posteo.json,3160.0,Secuencial B0,5.0067901611328125e-6,8312,true
consultas-3-listas-posteo.json,consultas-3-listas-posteo.json,3160.0,No Acotada B1,0.0,23,true
consultas-3-listas-posteo.json,consultas-3-listas-posteo.json,3160.0,No Acotada B2,0.0,23,true
consultas-3-listas-posteo.json,consultas-3-listas-posteo.json,3160.0,SkipList,9.5367431640625e-7,24,true
consultas-3-listas-posteo.json,consultas-3-listas-posteo.json,1445.0,Binaria Acotada,0.0,11,true
consultas-3-listas-posteo.json,consultas-3-listas-posteo.json,1445.0,Secuencial B0,2.1457672119140625e-6,3809,true
consultas-3-listas-posteo.json,consultas-3-listas-posteo.json,1445.0,No Acotada B1,0.0,21,true
consultas-3-listas-posteo.json,consultas-3-listas-posteo.json,1445.0,No Acotada B2,0.0,21,true
consultas-3-listas-posteo.json,consultas-3-listas-posteo.json,1445.0,SkipList,0.0,21,true
consultas-3-listas-posteo.json,consultas-3-listas-posteo.json,1829.0,Binaria Acotada,9.5367431640625e-7,12,true
consultas-3-listas-posteo.json,consultas-3-listas-posteo.json,1829.0,Secuencial B0,3.0994415283203125e-6,4819,true
consultas-3-listas-posteo.json,consultas-3-listas-posteo.json,1829.0,No Acotada B1,0.0,23,true
consultas-3-listas-posteo.json,consultas-3-listas-posteo.json,1829.0,No Acotada B2,0.0,23,true
consultas-3-listas-posteo.json,consultas-3-listas-posteo.json,1829.0,SkipList,9.5367431640625e-7,29,true
consultas-3-listas-posteo.json,consultas-3-listas-posteo.json,60.0,Binaria Acotada,0.0,11,true
consultas-3-listas-posteo.json,consultas-3-listas-posteo.json,60.0,Secuencial B0,0.0,150,true
consultas-3-listas-posteo.json,consultas-3-listas-posteo.json,60.0,No Acotada B1,0.0,12,true
consultas-3-listas-posteo.json,consultas-3-listas-posteo.json,60.0,No Acotada B2,1.1920928955078125e-6,12,true
consultas-3-listas-posteo.json,consultas-3-listas-posteo.json,60.0,SkipList,0.0,18,true
consultas-3-listas-posteo.json,consultas-3-listas-posteo.json,3520.0,Binaria Acotada,9.5367431640625e-7,9,true
consultas-3-listas-posteo.json,consultas-3-listas-posteo.json,3520.0,Secuencial B0,5.9604644775390625e-6,9272,true
consultas-3-listas-posteo.json,consultas-3-listas-posteo.json,3520.0,No Acotada B1,0.0,22,true
consultas-3-listas-posteo.json,consultas-3-listas-posteo.json,3520.0,No Acotada B2,0.0,22,true
consultas-3-listas-posteo.json,consultas-3-listas-posteo.json,3520.0,SkipList,9.5367431640625e-7,30,true
consultas-3-listas-posteo.json,consultas-3-listas-posteo.json,2842.0,Binaria Acotada,0.0,11,true
consultas-3-listas-posteo.json,consultas-3-listas-posteo.json,2842.0,Secuencial B0,5.0067901611328125e-6,7485,true
consultas-3-listas-posteo.json,consultas-3-listas-posteo.json,2842.0,No Acotada B1,0.0,24,true
consultas-3-listas-posteo.json,consultas-3-listas-posteo.json,2842.0,No Acotada B2,0.0,24,true
consultas-3-listas-posteo.json,consultas-3-listas-posteo.json,2842.0,SkipList,9.5367431640625e-7,32,true
consultas-3-listas-posteo.json,consultas-3-listas-posteo.json,83.0,Binaria Acotada,0.0,9,true
consultas-3-listas-posteo.json,consultas-3-listas-posteo.json,83.0,Secuencial B0,0.0,213,true
consultas-3-listas-posteo.json,consultas-3-listas-posteo.json,83.0,No Acotada B1,0.0,14,true
consultas-3-listas-posteo.json,consultas-3-listas-posteo.json,83.0,No Acotada B2,0.0,14,true
consultas-3-listas-posteo.json,consultas-3-listas-posteo.json,83.0,SkipList,9.5367431640625e-7,26,true
consultas-3-listas-posteo.json,consultas-3-listas-posteo.json,2907.0,Binaria Acotada,0.0,10,true
consultas-3-listas-posteo.json,consultas-3-listas-posteo.json,2907.0,Secuencial B0,5.0067901611328125e-6,7625,true
consultas-3-listas-posteo.json,consultas-3-listas-posteo.json,2907.0,No Acotada B1,0.0,23,true
consultas-3-listas-posteo.json,consultas-3-listas-posteo.json,2907.0,No Acotada B2,0.0,23,true
consultas-3-listas-posteo.json,consultas-3-listas-posteo.json,2907.0,SkipList,0.0,23,true
consultas-3-listas-posteo.json,consultas-3-listas-posteo.json,279.0,Binaria Acotada,0.0,10,true
consultas-3-listas-posteo.json,consultas-3-listas-posteo.json,279.0,Secuencial B0,9.5367431640625e-7,728,true
consultas-3-listas-posteo.json,consultas-3-listas-posteo.json,279.0,No Acotada B1,0.0,17,true
consultas-3-listas-posteo.json,consultas-3-listas-posteo.json,279.0,No Acotada B2,0.0,17,true
consultas-3-listas-posteo.json,consultas-3-listas-posteo.json,279.0,SkipList,0.0,20,true
consultas-3-listas-posteo.json,consultas-3-listas-posteo.json,270.0,Binaria Acotada,0.0,11,true
consultas-3-listas-posteo.json,consultas-3-listas-posteo.json,270.0,Secuencial B0,0.0,705,true
consultas-3-listas-posteo.json,consultas-3-listas-posteo.json,270.0,No Acotada B1,0.0,17,true
consultas-3-listas-posteo.json,consultas-3-listas-posteo.json,270.0,No Acotada B2,0.0,17,true
consultas-3-listas-posteo.json,consultas-3-listas-posteo.json,270.0,SkipList,9.5367431640625e-7,24,true
consultas-3-listas-posteo.json,consultas-3-listas-posteo.json,691.0,Binaria Acotada,0.0,13,true
consultas-3-listas-posteo.json,consultas-3-listas-posteo.json,691.0,Secuencial B0,1.9073486328125e-6,1774,true
consultas-3-listas-posteo.json,consultas-3-listas-posteo.json,691.0,No Acotada B1,1.621246337890625e-5,20,true
consultas-3-listas-posteo.json,consultas-3-listas-posteo.json,691.0,No Acotada B2,9.5367431640625e-7,20,true
consultas-3-listas-posteo.json,consultas-3-listas-posteo.json,691.0,SkipList,9.5367431640625e-7,23,true
consultas-3-listas-posteo.json,consultas-3-listas-posteo.json,197.0,Binaria Acotada,9.5367431640625e-7,10,true
consultas-3-listas-posteo.json,consultas-3-listas-posteo.json,197.0,Secuencial B0,0.0,513,true
consultas-3-listas-posteo.json,consultas-3-listas-posteo.json,197.0,No Acotada B1,0.0,17,true
consultas-3-listas-posteo.json,consultas-3-listas-posteo.json,197.0,No Acotada B2,0.0,17,true
consultas-3-listas-posteo.json,consultas-3-listas-posteo.json,197.0,SkipList,9.5367431640625e-7,27,true
consultas-3-listas-posteo.json,consultas-3-listas-posteo.json,1271.0,Binaria Acotada,0.0,8,true
consultas-3-listas-posteo.json,consultas-3-listas-posteo.json,1271.0,Secuencial B0,1.0967254638671875e-5,3317,true
consultas-3-listas-posteo.json,consultas-3-listas-posteo.json,1271.0,No Acotada B1,0.0,20,true
consultas-3-listas-posteo.json,consultas-3-listas-posteo.json,1271.0,No Acotada B2,0.0,20,true
consultas-3-listas-posteo.json,consultas-3-listas-posteo.json,1271.0,SkipList,9.5367431640625e-7,34,true
consultas-3-listas-posteo.json,consultas-3-listas-posteo.json,1783.0,Binaria Acotada,9.5367431640625e-7,12,true
consultas-3-listas-posteo.json,consultas-3-listas-posteo.json,1783.0,Secuencial B0,3.0994415283203125e-6,4723,true
consultas-3-listas-posteo.json,consultas-3-listas-posteo.json,1783.0,No Acotada B1,0.0,23,true
consultas-3-listas-posteo.json,consultas-3-listas-posteo.json,1783.0,No Acotada B2,0.0,23,true
consultas-3-listas-posteo.json,consultas-3-listas-posteo.json,1783.0,SkipList,9.5367431640625e-7,30,true
consultas-3-listas-posteo.json,consultas-3-listas-posteo.json,2152.0,Binaria Acotada,0.0,10,true
consultas-3-listas-posteo.json,consultas-3-listas-posteo.json,2152.0,Secuencial B0,3.0994415283203125e-6,5671,true
consultas-3-listas-posteo.json,consultas-3-listas-posteo.json,2152.0,No Acotada B1,0.0,22,true
consultas-3-listas-posteo.json,consultas-3-listas-posteo.json,2152.0,No Acotada B2,0.0,22,true
consultas-3-listas-posteo.json,consultas-3-listas-posteo.json,2152.0,SkipList,9.5367431640625e-7,23,true
consultas-3-listas-posteo.json,consultas-3-listas-posteo.json,2714.0,Binaria Acotada,0.0,11,true
consultas-3-listas-posteo.json,consultas-3-listas-posteo.json,2714.0,Secuencial B0,5.0067901611328125e-6,7169,true
consultas-3-listas-posteo.json,consultas-3-listas-posteo.json,2714.0,No Acotada B1,0.0,23,true
consultas-3-listas-posteo.json,consultas-3-listas-posteo.json,2714.0,No Acotada B2,9.5367431640625e-7,23,true
consultas-3-listas-posteo.json,consultas-3-listas-posteo.json,2714.0,SkipList,0.0,24,true
consultas-3-listas-posteo.json,consultas-3-listas-posteo.json,414.0,Binaria Acotada,0.0,12,true
consultas-3-listas-posteo.json,consultas-3-listas-posteo.json,414.0,Secuencial B0,9.5367431640625e-7,1079,true
consultas-3-listas-posteo.json,consultas-3-listas-posteo.json,414.0,No Acotada B1,0.0,18,true
consultas-3-listas-posteo.json,consultas-3-listas-posteo.json,414.0,No Acotada B2,0.0,18,true
consultas-3-listas-posteo.json,consultas-3-listas-posteo.json,414.0,SkipList,9.5367431640625e-7,20,true
consultas-3-listas-posteo.json,consultas-3-listas-posteo.json,313.0,Binaria Acotada,0.0,12,true
consultas-3-listas-posteo.json,consultas-3-listas-posteo.json,313.0,Secuencial B0,1.1920928955078125e-6,835,true
consultas-3-listas-posteo.json,consultas-3-listas-posteo.json,313.0,No Acotada B1,0.0,17,true
consultas-3-listas-posteo.json,consultas-3-listas-posteo.json,313.0,No Acotada B2,0.0,17,true
consultas-3-listas-posteo.json,consultas-3-listas-posteo.json,313.0,SkipList,0.0,19,true
consultas-3-listas-posteo.json,consultas-3-listas-posteo.json,175.0,Binaria Acotada,9.5367431640625e-7,9,true
consultas-3-listas-posteo.json,consultas-3-listas-posteo.json,175.0,Secuencial B0,0.0,443,true
consultas-3-listas-posteo.json,consultas-3-listas-posteo.json,175.0,No Acotada B1,0.0,11,true
consultas-3-listas-posteo.json,consultas-3-listas-posteo.json,175.0,No Acotada B2,0.0,11,true
consultas-3-listas-posteo.json,consultas-3-listas-posteo.json,175.0,SkipList,9.5367431640625e-7,21,true
consultas-3-listas-posteo.json,consultas-3-listas-posteo.json,1826.0,Binaria Acotada,0.0,10,true
consultas-3-listas-posteo.json,consultas-3-listas-posteo.json,1826.0,Secuencial B0,2.86102294921875e-6,4810,true
consultas-3-listas-posteo.json,consultas-3-listas-posteo.json,1826.0,No Acotada B1,0.0,23,true
consultas-3-listas-posteo.json,consultas-3-listas-posteo.json,1826.0,No Acotada B2,9.5367431640625e-7,23,true
consultas-3-listas-posteo.json,consultas-3-listas-posteo.json,1826.0,SkipList,0.0,28,true
consultas-3-listas-posteo.json,consultas-3-listas-posteo.json,415.0,Binaria Acotada,0.0,10,true
consultas-3-listas-posteo.json,consultas-3-listas-posteo.json,415.0,Secuencial B0,9.5367431640625e-7,1083,true
consultas-3-listas-posteo.json,consultas-3-listas-posteo.json,415.0,No Acotada B1,0.0,19,true
consultas-3-listas-posteo.json,consultas-3-listas-posteo.json,415.0,No Acotada B2,9.5367431640625e-7,19,true
consultas-3-listas-posteo.json,consultas-3-listas-posteo.json,415.0,SkipList,0.0,21,true
consultas-3-listas-posteo.json,consultas-3-listas-posteo.json,2957.0,Binaria Acotada,0.0,12,true
consultas-3-listas-posteo.json,consultas-3-listas-posteo.json,2957.0,Secuencial B0,5.0067901611328125e-6,7775,true
consultas-3-listas-posteo.json,consultas-3-listas-posteo.json,2957.0,No Acotada B1,0.0,20,true
consultas-3-listas-posteo.json,consultas-3-listas-posteo.json,2957.0,No Acotada B2,0.0,20,true
consultas-3-listas-posteo.json,consultas-3-listas-posteo.json,2957.0,SkipList,1.1920928955078125e-6,23,true
consultas-3-listas-posteo.json,consultas-3-listas-posteo.json,2942.0,Binaria Acotada,9.5367431640625e-7,12,true
consultas-3-listas-posteo.json,consultas-3-listas-posteo.json,2942.0,Secuencial B0,5.0067901611328125e-6,7735,true
consultas-3-listas-posteo.json,consultas-3-listas-posteo.json,2942.0,No Acotada B1,0.0,22,true
consultas-3-listas-posteo.json,consultas-3-listas-posteo.json,2942.0,No Acotada B2,9.5367431640625e-7,22,true
consultas-3-listas-posteo.json,consultas-3-listas-posteo.json,2942.0,SkipList,0.0,20,true
consultas-3-listas-posteo.json,consultas-3-listas-posteo.json,2830.0,Binaria Acotada,0.0,11,true
consultas-3-listas-posteo.json,consultas-3-listas-posteo.json,2830.0,Secuencial B0,5.0067901611328125e-6,7451,true
consultas-3-listas-posteo.json,consultas-3-listas-posteo.json,2830.0,No Acotada B1,0.0,20,true
consultas-3-listas-posteo.json,consultas-3-listas-posteo.json,2830.0,No Acotada B2,9.5367431640625e-7,20,true
consultas-3-listas-posteo.json,consultas-3-listas-posteo.json,2830.0,SkipList,9.5367431640625e-7,32,true
consultas-3-listas-posteo.json,consultas-3-listas-posteo.json,850.0,Binaria Acotada,0.0,12,true
consultas-3-listas-posteo.json,consultas-3-listas-posteo.json,850.0,Secuencial B0,2.1457672119140625e-6,2207,true
consultas-3-listas-posteo.json,consultas-3-listas-posteo.json,850.0,No Acotada B1,0.0,18,true
consultas-3-listas-posteo.json,consultas-3-listas-posteo.json,850.0,No Acotada B2,0.0,18,true
consultas-3-listas-posteo.json,consultas-3-listas-posteo.json,850.0,SkipList,0.0,27,true
consultas-3-listas-posteo.json,consultas-3-listas-posteo.json,2629.0,Binaria Acotada,0.0,11,true
consultas-3-listas-posteo.json,consultas-3-listas-posteo.json,2629.0,Secuencial B0,5.0067901611328125e-6,6928,true
consultas-3-listas-posteo.json,consultas-3-listas-posteo.json,2629.0,No Acotada B1,0.0,21,true
consultas-3-listas-posteo.json,consultas-3-listas-posteo.json,2629.0,No Acotada B2,9.5367431640625e-7,21,true
consultas-3-listas-posteo.json,consultas-3-listas-posteo.json,2629.0,SkipList,1.1920928955078125e-6,39,true
consultas-3-listas-posteo.json,consultas-3-listas-posteo.json,1738.0,Binaria Acotada,0.0,12,true
consultas-3-listas-posteo.json,consultas-3-listas-posteo.json,1738.0,Secuencial B0,2.86102294921875e-6,4600,true
consultas-3-listas-posteo.json,consultas-3-listas-posteo.json,1738.0,No Acotada B1,0.0,24,true
consultas-3-listas-posteo.json,consultas-3-listas-posteo.json,1738.0,No Acotada B2,1.1920928955078125e-6,24,true
consultas-3-listas-posteo.json,consultas-3-listas-posteo.json,1738.0,SkipList,0.0,27,true
consultas-3-listas-posteo.json,consultas-3-listas-posteo.json,268.0,Binaria Acotada,0.0,13,true
consultas-3-listas-posteo.json,consultas-3-listas-posteo.json,268.0,Secuencial B0,9.5367431640625e-7,701,true
consultas-3-listas-posteo.json,consultas-3-listas-posteo.json,268.0,No Acotada B1,0.0,18,true
consultas-3-listas-posteo.json,consultas-3-listas-posteo.json,268.0,No Acotada B2,0.0,18,true
consultas-3-listas-posteo.json,consultas-3-listas-posteo.json,268.0,SkipList,0.0,22,true
consultas-3-listas-posteo.json,consultas-3-listas-posteo.json,814.0,Binaria Acotada,0.0,13,true
consultas-3-listas-posteo.json,consultas-3-listas-posteo.json,814.0,Secuencial B0,1.1920928955078125e-6,2107,true
consultas-3-listas-posteo.json,consultas-3-listas-posteo.json,814.0,No Acotada B1,9.5367431640625e-7,21,true
consultas-3-listas-posteo.json,consultas-3-listas-posteo.json,814.0,No Acotada B2,0.0,21,true
consultas-3-listas-posteo.json,consultas-3-listas-posteo.json,814.0,SkipList,9.5367431640625e-7,22,true
consultas-3-listas-posteo.json,consultas-3-listas-posteo.json,2311.0,Binaria Acotada,0.0,11,true
consultas-3-listas-posteo.json,consultas-3-listas-posteo.json,2311.0,Secuencial B0,4.0531158447265625e-6,6067,true
consultas-3-listas-posteo.json,consultas-3-listas-posteo.json,2311.0,No Acotada B1,0.0,22,true
consultas-3-listas-posteo.json,consultas-3-listas-posteo.json,2311.0,No Acotada B2,0.0,22,true
consultas-3-listas-posteo.json,consultas-3-listas-posteo.json,2311.0,SkipList,0.0,26,true
consultas-3-listas-posteo.json,consultas-3-listas-posteo.json,2434.0,Binaria Acotada,9.5367431640625e-7,11,true
consultas-3-listas-posteo.json,consultas-3-listas-posteo.json,2434.0,Secuencial B0,4.0531158447265625e-6,6387,true
consultas-3-listas-posteo.json,consultas-3-listas-posteo.json,2434.0,No Acotada B1,0.0,23,true
consultas-3-listas-posteo.json,consultas-3-listas-posteo.json,2434.0,No Acotada B2,0.0,23,true
consultas-3-listas-posteo.json,consultas-3-listas-posteo.json,2434.0,SkipList,0.0,24,true
consultas-3-listas-posteo.json,consultas-3-listas-posteo.json,3126.0,Binaria Acotada,1.1920928955078125e-6,9,true
consultas-3-listas-posteo.json,consultas-3-listas-posteo.json,3126.0,Secuencial B0,5.0067901611328125e-6,8221,true
consultas-3-listas-posteo.json,consultas-3-listas-posteo.json,3126.0,No Acotada B1,0.0,23,true
consultas-3-listas-posteo.json,consultas-3-listas-posteo.json,3126.0,No Acotada B2,0.0,23,true
consultas-3-listas-posteo.json,consultas-3-listas-posteo.json,3126.0,SkipList,9.5367431640625e-7,22,true
consultas-3-listas-posteo.json,consultas-3-listas-posteo.json,1856.0,Binaria Acotada,0.0,12,true
consultas-3-listas-posteo.json,consultas-3-listas-posteo.json,1856.0,Secuencial B0,3.0994415283203125e-6,4892,true
consultas-3-listas-posteo.json,consultas-3-listas-posteo.json,1856.0,No Acotada B1,0.0,20,true
consultas-3-listas-posteo.json,consultas-3-listas-posteo.json,1856.0,No Acotada B2,0.0,20,true
consultas-3-listas-posteo.json,consultas-3-listas-posteo.json,1856.0,SkipList,9.5367431640625e-7,34,true
consultas-3-listas-posteo.json,consultas-3-listas-posteo.json,1268.0,Binaria Acotada,0.0,10,true
consultas-3-listas-posteo.json,consultas-3-listas-posteo.json,1268.0,Secuencial B0,2.1457672119140625e-6,3310,true
consultas-3-listas-posteo.json,consultas-3-listas-posteo.json,1268.0,No Acotada B1,0.0,19,true
consultas-3-listas-posteo.json,consultas-3-listas-posteo.json,1268.0,No Acotada B2,0.0,19,true
consultas-3-listas-posteo.json,consultas-3-listas-posteo.json,1268.0,SkipList,0.0,33,true
consultas-3-listas-posteo.json,consultas-3-listas-posteo.json,683.0,Binaria Acotada,0.0,8,true
consultas-3-listas-posteo.json,consultas-3-listas-posteo.json,683.0,Secuencial B0,1.1920928955078125e-6,1754,true
consultas-3-listas-posteo.json,consultas-3-listas-posteo.json,683.0,No Acotada B1,0.0,19,true
consultas-3-listas-posteo.json,consultas-3-listas-posteo.json,683.0,No Acotada B2,0.0,19,true
consultas-3-listas-posteo.json,consultas-3-listas-posteo.json,683.0,SkipList,9.5367431640625e-7,22,true
consultas-3-listas-posteo.json,consultas-3-listas-posteo.json,847.0,Binaria Acotada,0.0,12,true
consultas-3-listas-posteo.json,consultas-3-listas-posteo.json,847.0,Secuencial B0,9.5367431640625e-7,2202,true
consultas-3-listas-posteo.json,consultas-3-listas-posteo.json,847.0,No Acotada B1,0.0,21,true
consultas-3-listas-posteo.json,consultas-3-listas-posteo.json,847.0,No Acotada B2,0.0,21,true
consultas-3-listas-posteo.json,consultas-3-listas-posteo.json,847.0,SkipList,1.1920928955078125e-6,26,true
consultas-3-listas-posteo.json,consultas-3-listas-posteo.json,2185.0,Binaria Acotada,0.0,11,true
consultas-3-listas-posteo.json,consultas-3-listas-posteo.json,2185.0,Secuencial B0,2.86102294921875e-6,5744,true
consultas-3-listas-posteo.json,consultas-3-listas-posteo.json,2185.0,No Acotada B1,0.0,23,true
consultas-3-listas-posteo.json,consultas-3-listas-posteo.json,2185.0,No Acotada B2,0.0,23,true
consultas-3-listas-posteo.json,consultas-3-listas-posteo.json,2185.0,SkipList,1.1920928955078125e-6,29,true
consultas-3-listas-posteo.json,consultas-3-listas-posteo.json,2832.0,Binaria Acotada,0.0,12,true
consultas-3-listas-posteo.json,consultas-3-listas-posteo.json,2832.0,Secuencial B0,5.0067901611328125e-6,7461,true
consultas-3-listas-posteo.json,consultas-3-listas-posteo.json,2832.0,No Acotada B1,0.0,22,true
consultas-3-listas-posteo.json,consultas-3-listas-posteo.json,2832.0,No Acotada B2,0.0,22,true
consultas-3-listas-posteo.json,consultas-3-listas-posteo.json,2832.0,SkipList,9.5367431640625e-7,32,true
consultas-3-listas-posteo.json,consultas-3-listas-posteo.json,2732.0,Binaria Acotada,0.0,11,true
consultas-3-listas-posteo.json,consultas-3-listas-posteo.json,2732.0,Secuencial B0,4.0531158447265625e-6,7217,true
consultas-3-listas-posteo.json,consultas-3-listas-posteo.json,2732.0,No Acotada B1,9.5367431640625e-7,23,true
consultas-3-listas-posteo.json,consultas-3-listas-posteo.json,2732.0,No Acotada B2,0.0,23,true
consultas-3-listas-posteo.json,consultas-3-listas-posteo.json,2732.0,SkipList,9.5367431640625e-7,21,true
consultas-3-listas-posteo.json,consultas-3-listas-posteo.json,1221.0,Binaria Acotada,0.0,12,true
consultas-3-listas-posteo.json,consultas-3-listas-posteo.json,1221.0,Secuencial B0,1.9073486328125e-6,3175,true
consultas-3-listas-posteo.json,consultas-3-listas-posteo.json,1221.0,No Acotada B1,0.0,20,true
consultas-3-listas-posteo.json,consultas-3-listas-posteo.json,1221.0,No Acotada B2,0.0,20,true
consultas-3-listas-posteo.json,consultas-3-listas-posteo.json,1221.0,SkipList,0.0,26,true
consultas-3-listas-posteo.json,consultas-3-listas-posteo.json,409.0,Binaria Acotada,0.0,10,true
consultas-3-listas-posteo.json,consultas-3-listas-posteo.json,409.0,Secuencial B0,1.1920928955078125e-6,1061,true
consultas-3-listas-posteo.json,consultas-3-listas-posteo.json,409.0,No Acotada B1,0.0,18,true
consultas-3-listas-posteo.json,consultas-3-listas-posteo.json,409.0,No Acotada B2,0.0,18,true
consultas-3-listas-posteo.json,consultas-3-listas-posteo.json,409.0,SkipList,0.0,22,true
